CustomerID,Gender,Amt_Purchased,Last_Purchase,Frequency,First_Purchase,ChildBks,YouthBks,CookBks,DIYBks,RefBks,ArtBks,GeogBks,ItalCook,ItalAtlas,ItalArt,Florence
25,1,297,14,2,22,0,1,1,0,0,0,0,0,0,0,0
29,0,128,8,2,10,0,0,0,0,0,0,0,0,0,0,0
46,1,138,22,7,56,2,1,2,0,1,0,1,1,0,0,0
47,1,228,2,1,2,0,0,0,0,0,0,0,0,0,0,0
51,1,257,10,1,10,0,0,0,0,0,0,0,0,0,0,0
60,1,145,6,2,12,0,0,0,0,0,0,0,0,0,0,0
61,1,190,16,1,16,0,0,0,0,0,0,1,0,0,0,0
79,1,187,14,1,14,1,0,0,0,0,0,0,0,0,0,0
81,1,252,10,1,10,0,0,0,0,0,0,0,0,0,0,0
90,1,240,6,3,20,0,0,1,0,0,0,0,0,0,0,0
95,1,275,2,4,20,0,0,1,0,0,0,0,0,0,0,0
100,0,320,2,3,18,0,0,0,0,0,1,0,0,0,0,1
103,1,268,4,1,4,0,0,0,0,0,0,0,0,0,0,1
112,0,135,14,1,14,1,0,0,0,0,0,0,0,0,0,0
116,1,213,4,2,10,0,0,0,0,0,0,0,0,0,0,0
121,1,256,14,9,58,2,0,3,0,1,1,2,1,1,1,0
125,1,226,14,6,28,2,1,2,0,0,1,0,1,0,0,0
126,0,81,22,1,22,0,0,1,0,0,0,0,0,0,0,0
127,1,330,10,10,38,0,0,2,2,1,1,0,0,0,0,0
145,1,393,12,11,50,3,0,2,0,0,2,3,0,0,0,1
164,1,213,2,1,2,0,0,0,0,0,0,0,0,0,0,0
169,1,243,10,1,10,0,0,0,0,0,0,0,0,0,0,0
193,1,63,4,1,4,0,0,0,0,0,0,0,0,0,0,0
201,1,57,2,1,2,0,0,0,0,0,0,0,0,0,0,0
202,0,260,34,11,74,0,2,3,5,0,1,0,0,0,0,0
208,1,32,26,2,32,1,0,0,0,0,0,1,0,0,0,0
214,0,177,24,1,24,0,0,0,0,0,1,0,0,0,0,0
224,1,33,12,1,12,0,0,0,0,0,0,0,0,0,0,0
225,1,172,16,1,16,0,0,0,0,1,0,0,0,0,0,0
256,1,133,32,2,36,1,0,1,0,0,0,0,1,0,0,0
257,1,194,28,2,30,1,0,1,0,0,0,0,1,0,0,0
263,0,32,14,1,14,0,0,0,0,0,1,0,0,0,0,0
265,1,352,12,11,66,4,1,3,1,0,1,0,2,0,1,0
266,1,319,12,8,32,2,1,1,1,0,0,1,0,0,0,0
267,1,242,10,5,32,0,0,2,0,1,1,0,0,0,0,0
275,1,78,6,2,10,0,0,0,0,0,0,0,0,0,0,0
277,1,223,16,7,44,2,1,1,1,0,2,0,1,0,1,0
282,1,285,14,11,52,2,0,3,4,0,1,1,1,0,0,0
288,0,312,36,10,58,2,2,2,1,1,1,1,1,1,1,0
330,0,211,6,11,44,3,2,2,0,0,2,1,2,0,1,0
333,1,280,30,2,34,0,1,1,0,0,0,0,1,0,0,0
340,1,320,28,3,38,0,0,2,0,0,1,0,0,0,0,0
345,1,234,4,2,10,0,0,0,0,0,0,0,0,0,0,0
347,1,105,8,7,40,1,1,1,0,2,0,1,0,0,0,0
353,0,317,10,3,28,0,0,0,0,0,1,1,0,0,0,0
354,0,49,22,3,32,0,0,1,1,0,1,0,0,0,0,0
356,0,189,16,9,68,1,0,1,3,1,1,2,0,0,0,0
391,1,143,14,9,38,2,2,1,1,1,2,0,0,0,0,0
397,1,254,8,2,12,0,0,0,0,0,0,0,0,0,0,0
401,1,355,16,5,28,1,0,2,0,1,1,0,0,0,0,0
405,0,43,24,2,26,1,0,0,0,0,1,0,0,0,0,0
409,1,233,30,8,54,0,1,2,2,0,2,1,0,0,0,0
411,1,210,2,3,20,0,1,0,0,0,0,1,0,0,0,0
436,0,310,22,5,32,1,1,0,1,0,2,0,0,0,0,0
438,1,378,10,7,50,0,1,1,1,0,2,1,0,0,0,0
439,0,305,6,9,40,2,1,1,1,0,2,1,0,0,0,0
440,1,458,10,12,44,1,0,3,1,1,2,0,2,1,1,1
444,1,235,14,1,14,0,0,0,0,0,1,0,0,0,0,0
450,1,148,22,3,30,1,0,2,0,0,0,0,0,0,0,0
453,1,154,10,7,46,0,1,0,1,0,1,3,0,0,0,1
477,0,123,12,2,16,1,0,0,0,0,0,0,0,0,0,1
480,1,118,8,2,10,0,0,0,0,0,0,0,0,0,0,0
484,1,329,12,8,36,0,1,0,0,1,0,1,0,0,0,0
505,1,350,4,5,16,0,0,2,0,0,0,0,1,0,0,0
506,1,235,14,1,14,0,0,1,0,0,0,0,0,0,0,0
553,1,126,16,8,48,2,1,1,2,0,0,2,1,0,0,0
557,0,274,34,2,40,1,0,0,1,0,0,0,0,0,0,0
560,1,299,12,3,26,0,0,0,0,0,0,2,0,0,0,0
565,0,294,10,3,20,0,1,0,0,1,0,0,0,0,0,0
567,1,135,16,8,60,3,1,0,1,0,2,1,0,0,2,0
579,0,230,10,2,14,1,0,0,0,0,0,0,0,0,0,0
582,1,140,2,1,2,0,0,0,0,0,0,0,0,0,0,1
585,1,307,24,9,46,3,2,0,2,2,0,0,0,0,0,0
592,1,201,8,1,8,0,0,0,0,0,0,0,0,0,0,0
594,1,193,16,2,20,1,0,0,0,0,1,0,0,0,0,0
609,1,112,36,1,36,0,0,1,0,0,0,0,0,0,0,0
612,0,277,14,1,14,0,0,1,0,0,0,0,0,0,0,0
619,1,49,10,2,14,0,0,0,1,0,0,0,0,0,0,0
625,1,149,6,3,18,0,0,0,0,1,0,0,0,0,0,0
633,1,294,24,2,30,0,0,1,0,1,0,0,0,0,0,0
644,1,302,6,5,20,0,0,1,0,0,1,0,0,0,0,0
649,1,138,22,1,22,1,0,0,0,0,0,0,0,0,0,0
650,1,195,12,2,16,0,0,0,0,1,0,0,0,0,0,0
658,1,101,16,2,22,0,0,2,0,0,0,0,0,0,0,0
687,0,178,26,8,56,1,1,2,0,0,2,2,1,0,1,0
706,1,128,10,2,16,1,0,0,0,0,0,0,0,0,0,0
708,0,277,30,11,78,2,0,1,1,2,2,3,0,0,0,1
712,1,306,10,2,16,0,0,0,0,0,1,0,0,0,0,0
721,1,292,32,2,40,0,0,0,1,0,1,0,0,0,1,0
723,1,215,2,8,36,0,0,0,0,1,3,2,0,0,0,1
743,1,240,20,1,20,1,0,0,0,0,0,0,0,0,0,0
759,0,208,4,1,4,0,0,0,0,0,0,0,0,0,0,0
761,1,141,10,1,10,0,0,0,0,0,0,0,0,0,0,0
764,0,253,2,1,2,0,0,0,0,0,0,0,0,0,0,0
775,1,258,14,5,36,0,0,4,0,1,0,0,0,0,0,0
795,1,453,14,12,82,1,1,3,1,3,0,3,1,1,0,0
800,1,240,12,1,12,0,0,0,0,0,0,0,0,0,0,0
803,0,187,10,7,30,0,1,1,0,0,1,2,0,0,0,1
808,0,271,10,2,18,1,0,0,0,0,0,0,0,0,0,0
844,1,288,22,1,22,0,0,1,0,0,0,0,0,0,0,0
850,0,194,12,10,62,3,1,2,1,1,0,1,0,0,0,0
874,1,274,14,11,68,4,1,2,1,0,1,2,2,0,1,0
876,0,176,6,7,20,2,1,1,0,0,0,0,1,0,0,0
883,1,182,4,10,34,2,2,0,1,0,0,1,0,0,0,0
903,0,64,6,2,8,0,0,0,0,0,0,0,0,0,0,0
910,0,95,2,1,2,0,0,0,0,0,0,0,0,0,0,0
915,1,308,16,1,16,0,0,1,0,0,0,0,0,0,0,0
931,1,166,16,1,16,0,0,1,0,0,0,0,0,0,0,0
940,1,224,28,2,32,0,0,0,1,0,1,0,0,0,1,0
942,0,123,14,4,32,1,0,1,0,0,1,0,0,0,0,0
950,1,75,14,1,14,0,1,0,0,0,0,0,0,0,0,0
954,1,137,16,1,16,0,0,0,0,1,0,0,0,0,0,0
966,1,266,2,6,30,1,1,0,0,0,1,1,0,0,0,0
985,1,258,12,1,12,0,0,0,0,0,0,0,0,0,0,0
999,1,419,14,8,48,1,1,4,1,0,0,1,0,0,0,0
1002,0,196,2,2,6,0,0,0,0,0,0,0,0,0,0,0
1010,1,31,6,1,6,0,0,0,0,0,0,0,0,0,0,0
1011,1,284,10,1,10,0,0,0,0,0,0,0,0,0,0,0
1012,1,268,14,2,18,1,0,0,0,0,1,0,0,0,0,0
1048,1,189,12,1,12,0,0,0,0,0,0,0,0,0,0,0
1054,0,74,32,2,36,0,0,1,0,0,0,1,0,0,0,0
1075,1,145,16,2,22,1,1,0,0,0,0,0,0,0,0,0
1076,0,139,30,2,34,0,0,1,0,1,0,0,0,1,0,0
1082,1,252,10,1,10,0,0,0,0,0,0,0,0,0,0,0
1087,1,60,34,1,34,0,0,0,0,1,0,0,0,0,0,0
1088,0,98,12,2,16,1,0,0,0,0,0,0,0,0,0,0
1093,1,263,12,8,58,1,1,3,0,0,1,1,0,0,0,0
1095,1,312,10,1,10,0,0,0,0,0,0,0,0,0,0,0
1101,1,257,2,1,2,0,0,0,0,0,0,0,0,0,0,0
1103,1,205,4,2,6,0,0,0,0,0,0,0,0,0,0,0
1119,1,285,22,1,22,0,0,1,0,0,0,0,0,0,0,0
1121,1,122,4,1,4,0,0,0,0,0,0,0,0,0,0,0
1123,1,363,2,12,28,0,1,2,1,0,1,1,1,0,0,0
1131,1,302,10,1,10,0,0,0,0,0,0,0,0,0,0,0
1138,1,51,4,2,12,0,0,0,0,0,0,0,0,0,0,0
1141,1,35,18,2,22,1,0,1,0,0,0,0,1,0,0,0
1142,0,150,2,10,28,1,1,1,2,1,0,0,0,1,0,0
1149,1,136,6,1,6,0,0,0,0,0,0,0,0,0,0,0
1151,1,244,32,1,32,0,0,1,0,0,0,0,0,0,0,0
1160,1,64,32,1,32,0,0,0,0,0,0,1,0,0,0,0
1161,1,89,4,2,6,0,0,0,0,0,0,0,0,0,0,1
1169,1,265,16,1,16,0,0,1,0,0,0,0,0,0,0,0
1170,0,163,14,1,14,0,0,0,0,0,0,0,0,0,0,0
1172,1,216,14,2,20,1,0,1,0,0,0,0,0,0,0,0
1185,1,283,14,9,46,1,2,3,0,2,0,1,2,1,0,0
1195,1,294,14,2,22,0,1,0,0,1,0,0,0,0,0,0
1222,1,307,36,5,60,1,0,2,0,0,0,2,1,0,0,0
1227,1,131,16,1,16,0,0,0,0,0,1,0,0,0,0,0
1230,1,359,18,9,48,1,0,3,2,0,2,1,0,0,0,0
1238,0,101,14,4,26,0,2,0,0,2,0,0,0,0,0,0
1248,1,246,18,1,18,0,0,0,1,0,0,0,0,0,0,0
1253,0,285,12,2,14,1,0,0,0,0,0,0,0,0,0,0
1261,1,157,26,1,26,1,0,0,0,0,0,0,0,0,0,0
1263,1,120,8,5,24,0,0,0,2,0,0,0,0,0,0,0
1283,1,217,14,2,20,1,0,0,0,1,0,0,0,0,0,0
1300,1,200,4,9,30,2,2,1,0,2,0,0,0,0,0,0
1313,1,100,12,4,32,0,0,0,2,1,0,0,0,0,0,0
1319,1,309,4,11,40,1,1,2,2,0,0,1,1,0,0,0
1323,0,354,6,10,56,1,3,4,1,0,0,0,0,0,0,0
1329,1,163,2,1,2,0,0,0,0,0,0,0,0,0,0,0
1333,1,66,12,2,20,0,0,1,0,0,0,0,0,0,0,0
1352,1,169,16,4,34,1,0,0,0,0,0,3,0,0,0,0
1353,1,224,4,1,4,0,0,0,0,0,0,0,0,0,0,0
1357,0,222,16,2,20,0,1,1,0,0,0,0,1,0,0,0
1364,1,477,20,12,68,2,1,5,0,0,1,3,1,0,0,0
1366,1,143,10,1,10,0,0,0,0,0,0,0,0,0,0,0
1371,1,295,32,2,40,2,0,0,0,0,0,0,0,0,0,0
1392,1,69,2,1,2,0,0,0,0,0,0,0,0,0,0,0
1394,1,275,8,10,62,1,1,1,2,1,2,0,1,1,2,0
1406,1,54,12,3,24,1,0,0,0,0,1,0,0,0,0,0
1411,0,201,34,6,54,3,1,0,0,1,0,1,0,0,0,0
1442,1,149,8,1,8,0,0,0,0,0,0,0,0,0,0,0
1455,1,364,14,8,54,2,2,2,0,0,1,1,1,0,0,0
1474,0,86,14,5,40,1,0,0,0,2,2,0,0,0,0,1
1484,1,151,12,4,34,0,1,0,1,1,0,0,0,0,0,0
1486,1,229,8,2,12,0,0,0,0,0,0,0,0,0,0,0
1494,1,227,2,9,42,1,0,0,1,0,2,0,0,0,0,0
1496,1,246,6,1,6,0,0,0,0,0,0,0,0,0,0,0
1505,1,43,10,2,16,1,0,0,0,0,0,0,0,0,0,0
1515,1,158,12,2,14,0,1,0,0,0,0,0,0,0,0,0
1518,0,327,16,2,24,0,0,0,1,0,0,1,0,0,0,0
1521,1,164,2,3,16,1,0,0,0,0,0,0,0,0,0,1
1526,0,158,6,9,56,1,1,1,1,1,0,3,0,0,0,1
1529,0,206,10,2,16,1,0,0,0,0,0,0,0,0,0,0
1530,1,319,4,2,10,0,0,0,0,0,0,0,0,0,0,0
1531,0,39,10,1,10,0,0,0,0,0,0,0,0,0,0,0
1543,1,295,6,2,14,0,0,1,0,0,0,0,0,0,0,0
1552,1,178,14,1,14,0,1,0,0,0,0,0,0,0,0,0
1554,1,128,32,5,48,1,0,1,0,0,0,3,0,0,0,0
1577,1,311,2,9,34,2,1,2,2,0,0,0,0,0,0,0
1610,0,391,8,9,48,1,1,2,1,3,0,0,0,0,0,0
1641,0,88,18,2,22,1,0,0,0,1,0,0,0,0,0,0
1652,1,97,2,2,10,0,0,0,0,0,0,0,0,0,0,0
1671,0,250,12,12,36,1,1,3,2,1,3,0,1,1,1,1
1672,1,102,2,1,2,0,0,0,0,0,0,0,0,0,0,0
1685,1,273,14,2,20,0,0,0,1,0,1,0,0,0,0,0
1690,1,362,14,5,42,1,0,2,0,1,0,1,1,1,0,0
1705,0,271,12,2,14,0,1,0,0,0,0,0,0,0,0,0
1740,0,24,8,1,8,0,0,0,0,0,0,0,0,0,0,0
1741,1,280,14,2,22,0,0,1,0,0,0,0,0,0,0,0
1748,1,203,18,1,18,0,0,1,0,0,0,0,0,0,0,0
1749,1,304,16,2,18,1,0,0,1,0,0,0,0,0,0,0
1766,0,164,12,3,24,0,1,1,0,0,0,0,0,0,0,0
1784,1,32,12,1,12,0,0,0,0,0,0,0,0,0,0,0
1785,1,178,30,2,34,0,0,1,0,0,0,1,0,0,0,0
1788,1,130,12,1,12,0,0,0,0,0,0,0,0,0,0,1
1796,0,177,30,9,76,1,2,2,1,1,2,0,0,0,0,0
1799,1,90,10,2,14,0,1,0,0,0,0,0,0,0,0,0
1805,1,292,14,1,14,0,1,0,0,0,0,0,0,0,0,0
1813,1,226,2,1,2,0,0,0,0,0,0,0,0,0,0,0
1815,1,73,12,2,18,0,1,0,0,0,0,0,0,0,0,0
1817,0,123,4,2,10,0,0,0,0,0,0,0,0,0,0,0
1825,1,432,12,11,76,3,2,2,0,0,1,2,0,0,0,0
1837,1,218,22,1,22,0,0,0,1,0,0,0,0,0,0,0
1838,1,448,12,12,48,4,5,1,0,0,1,0,1,0,1,0
1844,1,37,16,2,22,0,0,0,2,0,0,0,0,0,0,0
1845,1,246,6,9,40,1,2,4,0,1,0,0,0,0,0,0
1846,0,200,8,3,24,0,1,0,0,0,0,1,0,0,0,0
1858,1,220,16,3,24,1,0,2,0,0,0,0,1,0,0,0
1878,0,238,24,1,24,0,0,0,0,0,1,0,0,0,0,0
1886,0,152,16,9,66,0,1,4,0,2,1,1,0,0,0,0
1889,1,361,6,6,36,1,0,2,0,0,1,1,1,0,1,1
1923,0,60,14,4,32,1,1,2,0,0,0,0,1,0,0,0
1941,0,438,12,11,76,4,0,2,4,0,0,0,1,0,0,0
1960,1,58,2,1,2,0,0,0,0,0,0,0,0,0,0,0
1962,0,61,10,3,20,2,0,0,0,0,0,0,0,0,0,0
1977,1,194,14,2,22,0,0,0,0,0,2,0,0,0,0,0
1984,1,239,8,1,8,0,0,0,0,0,0,0,0,0,0,0
2020,1,68,16,1,16,0,0,0,0,0,1,0,0,0,0,0
2046,1,88,16,1,16,0,0,0,1,0,0,0,0,0,0,0
2052,1,300,14,1,14,0,0,1,0,0,0,0,0,0,0,0
2062,0,363,14,7,42,1,2,1,1,1,0,1,0,0,0,0
2065,1,234,10,1,10,0,0,0,0,0,0,0,0,0,0,0
2068,1,191,6,1,6,0,0,0,0,0,0,0,0,0,0,0
2073,1,178,26,2,28,0,0,0,1,1,0,0,0,0,0,0
2074,1,146,10,1,10,0,0,0,0,0,0,0,0,0,0,0
2079,0,374,36,11,66,3,1,2,1,2,0,2,0,0,0,0
2081,0,109,14,2,20,0,0,1,0,1,0,0,0,0,0,0
2096,1,120,14,1,14,0,0,1,0,0,0,0,0,0,0,0
2099,1,210,16,1,16,1,0,0,0,0,0,0,0,0,0,0
2108,0,282,14,2,18,0,0,0,1,0,1,0,0,0,0,0
2119,1,260,32,1,32,0,0,0,0,0,0,1,0,0,0,0
2121,1,340,12,6,30,2,1,1,0,0,0,1,0,0,0,0
2124,1,441,10,12,72,2,1,0,2,1,2,3,0,0,0,1
2171,0,95,8,2,12,0,0,0,0,0,0,0,0,0,0,0
2172,0,34,10,2,16,1,0,0,0,0,0,0,0,0,0,0
2183,1,125,32,1,32,0,0,0,0,0,0,1,0,0,0,0
2184,1,329,14,3,24,0,0,1,0,0,2,0,0,0,0,0
2185,1,79,16,1,16,0,0,1,0,0,0,0,0,0,0,0
2198,1,96,26,2,28,0,0,0,0,1,0,1,0,0,0,0
2203,1,173,20,2,28,0,0,1,1,0,0,0,0,0,0,0
2204,1,364,16,8,60,0,1,3,0,0,1,3,0,0,0,0
2213,0,212,16,5,38,1,0,1,2,0,0,1,1,0,0,1
2226,1,124,16,2,22,2,0,0,0,0,0,0,0,0,0,0
2227,1,167,18,5,32,1,0,1,3,0,0,0,0,0,0,0
2238,1,80,12,1,12,0,0,0,0,0,0,0,0,0,0,0
2245,1,318,8,2,10,0,0,0,0,0,0,0,0,0,0,0
2253,1,260,12,1,12,0,0,0,0,0,0,0,0,0,0,0
2262,0,148,6,4,20,0,0,0,0,0,1,0,0,0,0,1
2263,0,243,4,1,4,0,0,0,0,0,0,0,0,0,0,0
2268,0,40,22,1,22,0,0,0,1,0,0,0,0,0,0,0
2294,1,121,12,5,32,1,0,0,1,0,0,0,0,0,0,0
2296,1,384,10,8,46,3,0,1,1,1,1,0,0,0,0,0
2299,1,90,10,5,38,0,0,2,0,0,0,1,1,0,0,0
2304,1,107,14,6,36,1,0,2,0,2,0,1,0,0,0,0
2313,1,53,12,2,14,0,0,1,0,0,0,0,0,0,0,0
2324,1,232,10,1,10,0,0,0,0,0,0,0,0,0,0,0
2339,0,329,16,5,36,2,0,1,1,0,1,0,0,0,0,0
2341,0,90,12,3,26,1,0,0,0,1,0,0,0,0,0,0
2342,1,192,34,6,52,0,0,3,2,0,1,0,0,0,0,0
2376,0,419,14,12,50,2,0,4,1,2,1,2,2,1,1,0
2377,1,153,10,1,10,0,0,0,0,0,0,0,0,0,0,0
2382,1,305,16,8,60,2,0,0,2,2,0,2,0,0,0,0
2383,1,218,14,8,48,1,0,3,1,0,1,2,0,0,0,0
2385,1,33,2,1,2,0,0,0,0,0,0,0,0,0,0,0
2392,0,135,16,4,26,0,0,2,0,1,0,1,0,0,0,0
2394,1,320,6,2,12,0,0,0,0,0,0,0,0,0,0,0
2431,1,174,16,2,22,0,0,0,0,1,0,1,0,0,0,1
2435,1,285,6,9,56,1,1,2,1,0,0,2,1,0,0,0
2471,0,208,4,2,8,0,0,0,0,0,0,0,0,0,0,0
2473,1,45,26,2,34,2,0,0,0,0,0,0,0,0,0,0
2475,0,77,8,1,8,0,0,0,0,0,0,0,0,0,0,0
2503,0,90,10,2,14,1,0,0,0,0,0,0,0,0,0,0
2505,1,297,8,7,22,0,2,1,0,0,1,0,0,0,0,0
2506,1,347,10,6,28,2,0,1,1,0,0,0,1,0,0,0
2508,1,188,36,6,62,2,0,2,0,0,1,1,0,0,0,0
2523,1,252,2,1,2,0,0,0,0,0,0,0,0,0,0,0
2527,0,415,16,12,68,5,0,0,2,1,1,3,0,0,0,1
2532,1,146,14,2,18,0,1,1,0,0,0,0,0,0,0,0
2536,1,142,4,2,6,0,0,0,0,0,0,0,0,0,0,0
2541,1,232,26,2,30,0,0,1,0,1,0,0,0,0,0,0
2591,0,326,22,4,38,2,0,0,1,0,0,1,0,0,0,0
2594,1,131,8,6,30,0,1,1,1,0,0,0,0,0,0,0
2603,0,166,16,1,16,0,0,0,0,0,0,1,0,0,0,0
2604,1,44,16,2,18,0,0,1,0,1,0,0,0,0,0,0
2624,1,159,34,1,34,0,0,1,0,0,0,0,0,0,0,0
2641,0,210,34,1,34,0,0,1,0,0,0,0,0,0,0,0
2649,1,143,10,1,10,0,0,0,0,0,0,0,0,0,0,0
2660,0,212,10,1,10,0,0,0,0,0,0,0,0,0,0,0
2668,1,201,32,1,32,1,0,0,0,0,0,0,0,0,0,0
2673,1,110,10,6,28,0,2,1,0,1,0,0,0,0,0,0
2676,1,18,16,1,16,0,1,0,0,0,0,0,0,0,0,0
2684,1,267,16,2,18,0,0,2,0,0,0,0,0,0,0,0
2687,1,38,4,1,4,0,0,0,0,0,0,0,0,0,0,0
2699,1,284,10,5,20,0,1,2,0,1,0,0,0,0,0,0
2707,1,332,12,10,48,2,1,3,1,0,1,0,1,0,1,0
2726,1,124,4,1,4,0,0,0,0,0,0,0,0,0,0,0
2727,0,192,12,1,12,0,0,0,0,0,0,0,0,0,0,0
2731,1,267,12,6,38,1,2,1,0,1,0,0,1,1,0,0
2739,1,324,10,2,14,1,0,0,0,0,0,0,0,0,0,0
2761,1,199,4,10,34,3,0,2,1,2,1,0,0,0,0,0
2771,0,356,4,6,22,1,0,0,1,0,0,0,0,0,0,1
2773,1,475,4,12,52,4,0,2,2,1,0,1,0,0,0,0
2798,1,258,14,2,18,1,0,0,0,1,0,0,0,0,0,0
2812,0,268,12,7,46,0,0,2,1,1,2,0,1,0,0,1
2819,1,101,10,2,18,0,1,0,0,0,0,0,0,0,0,0
2828,1,238,8,4,28,1,0,0,0,1,1,0,0,1,1,0
2829,1,305,14,8,56,0,1,4,2,0,0,1,0,0,0,0
2830,0,269,12,1,12,0,0,0,0,0,0,0,0,0,0,0
2846,1,240,12,1,12,0,0,0,0,0,0,0,0,0,0,0
2847,1,218,24,2,30,1,0,1,0,0,0,0,0,0,0,0
2851,0,155,30,6,44,1,0,3,0,0,0,2,0,0,0,1
2859,0,285,10,1,10,0,0,0,0,0,0,0,0,0,0,0
2873,1,317,14,9,64,1,3,1,2,0,1,1,0,0,0,0
2875,0,361,16,11,80,2,1,6,0,2,0,0,0,0,0,0
2889,1,370,10,8,50,2,0,2,0,0,1,1,0,0,0,0
2891,0,339,8,7,46,1,1,0,2,1,1,0,0,0,0,0
2901,0,48,10,1,10,0,0,0,0,0,0,0,0,0,0,1
2904,0,169,14,3,24,0,0,0,0,1,2,0,0,1,1,1
2907,1,75,4,2,10,0,0,0,0,0,0,0,0,0,0,0
2924,0,133,16,3,26,0,1,0,1,1,0,0,0,0,0,0
2927,1,330,14,6,34,3,0,0,0,3,0,0,0,1,0,0
2934,0,102,8,5,26,1,1,1,1,0,0,0,0,0,0,0
2959,1,311,10,1,10,0,0,0,0,0,0,0,0,0,0,0
2974,1,316,16,3,30,0,0,2,0,0,0,1,0,0,0,0
2981,1,230,2,12,32,0,4,2,1,0,0,0,2,0,0,0
2990,1,246,34,2,40,0,0,0,0,0,0,2,0,0,0,0
2993,0,219,10,6,28,2,0,1,0,0,1,1,1,0,1,1
3008,1,127,4,2,6,0,0,0,0,0,0,0,0,0,0,0
3012,1,256,16,4,36,2,0,0,1,0,1,0,0,0,0,0
3014,0,369,16,6,40,1,0,3,0,1,0,1,1,1,0,1
3016,1,269,32,1,32,0,1,0,0,0,0,0,0,0,0,0
3024,1,248,16,7,44,1,1,3,0,0,1,1,1,0,0,0
3030,1,293,18,9,42,2,0,1,1,2,1,2,0,0,0,0
3043,1,211,28,1,28,0,0,1,0,0,0,0,0,0,0,0
3047,1,82,16,3,26,0,1,0,0,0,1,1,0,0,0,0
3048,0,304,20,2,22,0,0,2,0,0,0,0,0,0,0,0
3054,1,177,8,1,8,0,0,0,0,0,0,0,0,0,0,0
3055,0,248,16,8,38,3,0,2,1,0,1,1,0,0,0,1
3057,1,86,6,1,6,0,0,0,0,0,0,0,0,0,0,0
3058,1,149,16,2,18,1,0,0,0,0,0,1,0,0,0,0
3067,0,158,32,2,34,0,0,1,1,0,0,0,0,0,0,0
3069,1,212,32,2,38,0,0,2,0,0,0,0,1,0,0,0
3072,1,422,18,9,56,3,0,5,1,0,0,0,0,0,0,0
3073,1,277,14,2,20,1,0,1,0,0,0,0,1,0,0,0
3078,1,222,10,2,14,0,0,0,0,0,0,0,0,0,0,0
3093,0,177,10,1,10,0,0,0,0,0,0,0,0,0,0,0
3094,0,230,2,1,2,0,0,0,0,0,0,0,0,0,0,1
3099,0,248,34,7,52,4,0,0,1,1,1,0,0,0,0,0
3102,0,24,8,1,8,0,0,0,0,0,0,0,0,0,0,0
3105,1,130,2,2,8,0,0,0,0,0,0,0,0,0,0,0
3107,1,34,2,1,2,0,0,0,0,0,0,0,0,0,0,0
3138,1,145,4,2,12,0,0,0,0,0,0,0,0,0,0,0
3153,1,121,26,1,26,1,0,0,0,0,0,0,0,0,0,0
3155,1,424,10,11,64,0,4,2,1,0,1,2,0,0,0,0
3159,1,233,10,1,10,0,0,0,0,0,0,0,0,0,0,0
3196,1,221,10,2,12,0,0,0,0,0,0,0,0,0,0,0
3231,1,287,6,9,38,1,1,2,0,0,1,2,0,0,0,0
3233,1,206,16,2,24,0,0,0,0,0,1,1,0,0,0,0
3241,0,148,6,1,6,0,0,0,0,0,0,0,0,0,0,0
3244,1,345,6,5,20,0,0,2,0,1,0,0,0,0,0,0
3251,0,173,14,2,20,0,0,0,1,1,0,0,0,0,0,0
3256,1,240,16,11,76,5,1,1,2,1,1,0,0,0,0,0
3270,1,223,10,6,24,0,0,2,1,1,0,0,0,0,0,0
3293,0,74,4,2,6,0,0,0,0,0,0,0,0,0,0,0
3308,1,246,10,8,32,3,0,0,1,1,1,0,0,0,0,0
3309,0,148,16,1,16,0,0,1,0,0,0,0,0,0,0,0
3329,1,54,8,1,8,0,0,0,0,0,0,0,0,0,0,0
3338,1,189,14,1,14,1,0,0,0,0,0,0,0,0,0,0
3340,1,26,16,1,16,0,0,0,0,1,0,0,0,0,0,0
3367,1,99,4,1,4,0,0,0,0,0,0,0,0,0,0,0
3369,0,249,14,8,40,1,1,3,0,0,1,2,1,0,0,0
3375,1,137,16,1,16,0,0,1,0,0,0,0,0,0,0,0
3377,0,221,2,8,20,1,0,0,2,0,1,0,0,0,0,0
3407,1,180,4,2,6,0,0,0,0,0,0,0,0,0,0,0
3412,0,404,28,11,88,3,1,1,0,2,1,3,0,0,0,0
3471,1,329,12,2,14,0,0,1,0,0,0,0,0,0,0,0
3493,1,198,26,2,30,1,0,0,0,0,1,0,0,0,0,0
3504,1,252,14,1,14,0,0,0,1,0,0,0,0,0,0,0
3517,1,379,24,10,60,2,1,1,1,0,2,3,0,0,1,0
3526,1,300,16,2,18,1,0,0,0,0,1,0,0,0,0,0
3531,1,364,14,8,52,3,0,1,1,2,1,0,0,0,0,0
3533,1,253,6,12,38,7,0,1,1,0,0,2,0,0,0,0
3554,0,232,8,1,8,0,0,0,0,0,0,0,0,0,0,0
3566,1,128,16,2,20,1,0,0,1,0,0,0,0,0,0,0
3569,1,266,10,4,32,0,0,0,0,2,1,0,0,1,1,0
3590,1,106,16,1,16,0,0,1,0,0,0,0,0,0,0,0
3606,1,174,14,2,16,0,0,1,0,1,0,0,0,0,0,0
3609,1,243,4,1,4,0,0,0,0,0,0,0,0,0,0,0
3621,1,111,8,2,14,0,1,0,0,0,0,0,0,0,0,0
3625,1,288,16,5,32,1,2,1,0,0,1,0,0,0,0,0
3628,1,157,2,2,10,0,0,0,0,0,0,0,0,0,0,0
3640,1,97,16,2,18,0,0,0,0,1,1,0,0,0,0,0
3656,1,168,16,2,24,1,0,1,0,0,0,0,1,0,0,0
3662,0,243,10,12,48,1,2,3,1,1,1,1,0,0,0,1
3665,1,152,4,2,10,0,0,0,0,0,0,0,0,0,0,0
3669,1,47,2,3,10,0,0,0,0,0,0,0,0,0,0,1
3670,1,67,12,1,12,0,0,0,0,0,0,0,0,0,0,0
3672,1,320,6,3,18,0,1,0,0,0,0,1,0,0,0,0
3673,1,100,14,1,14,0,0,0,0,1,0,0,0,0,0,0
3681,0,354,26,7,42,1,2,2,0,0,0,2,1,0,0,0
3684,1,144,6,8,38,0,0,2,1,1,1,1,1,1,1,0
3689,1,268,10,1,10,0,0,0,0,0,0,0,0,0,0,0
3693,1,40,10,2,16,0,0,1,0,0,0,0,0,0,0,0
3695,1,65,16,1,16,0,0,0,0,0,0,1,0,0,0,0
3701,1,307,16,2,24,1,1,0,0,0,0,0,0,0,0,0
3706,1,261,22,2,30,0,0,1,0,0,0,1,0,0,0,0
3708,1,273,16,1,16,1,0,0,0,0,0,0,0,0,0,0
3710,0,163,6,2,14,1,0,0,0,0,0,0,0,0,0,0
3716,1,235,12,7,52,1,0,3,0,0,2,0,0,0,0,0
3736,1,57,18,2,24,1,0,0,0,0,0,1,0,0,0,0
3739,1,43,2,2,4,0,0,0,0,0,0,0,0,0,0,1
3742,1,289,4,6,28,0,0,2,0,0,0,0,1,0,0,1
3746,1,222,6,2,10,0,0,0,0,0,0,0,0,0,0,0
3747,1,94,8,3,26,0,0,0,0,0,0,1,0,0,0,0
3759,0,226,14,2,22,0,0,0,0,1,0,0,0,0,0,0
3771,1,217,6,1,6,0,0,0,0,0,0,0,0,0,0,0
3779,1,193,12,1,12,0,0,0,0,0,0,0,0,0,0,0
3817,1,377,6,12,34,3,1,0,0,0,2,2,0,0,0,1
3819,1,294,16,3,22,1,1,0,0,0,0,1,0,0,0,0
3825,1,28,12,1,12,0,0,0,0,0,0,0,0,0,0,0
3866,0,142,10,1,10,0,0,0,0,0,0,0,0,0,0,0
3871,1,257,16,2,24,1,1,0,0,0,0,0,0,0,0,0
3873,1,132,28,2,30,0,0,0,1,0,0,1,0,0,0,0
3882,1,223,4,7,22,1,0,2,1,0,1,1,1,0,0,0
3887,1,419,10,11,70,3,0,2,0,2,1,2,0,0,0,0
3913,1,176,20,1,20,0,1,0,0,0,0,0,0,0,0,0
3915,0,83,18,1,18,1,0,0,0,0,0,0,0,0,0,0
3927,1,366,10,12,70,3,0,2,1,0,1,2,0,0,0,0
3943,1,198,8,2,12,0,0,0,0,0,0,0,0,0,0,0
3945,1,90,16,1,16,0,0,1,0,0,0,0,0,0,0,0
3966,1,122,4,1,4,0,0,0,0,0,0,0,0,0,0,0
3984,1,356,12,4,26,0,1,2,0,0,0,0,0,0,0,0
3989,1,203,16,2,24,1,0,1,0,0,0,0,1,0,0,0
3998,1,33,12,2,14,0,1,0,0,0,0,0,0,0,0,0
4003,1,139,8,1,8,0,0,0,0,0,0,0,0,0,0,0
4004,1,201,14,7,54,1,0,5,0,0,1,0,0,0,0,0
4014,1,284,10,1,10,0,0,0,0,0,0,0,0,0,0,0
4027,1,227,12,6,36,1,0,1,0,1,1,1,0,0,0,0
4048,1,244,30,9,52,1,3,1,2,1,0,1,0,0,0,0
4049,1,59,8,1,8,0,0,0,0,0,0,0,0,0,0,0
4050,1,228,24,12,58,6,0,3,0,0,1,2,1,0,0,0
4061,1,62,10,1,10,0,0,0,0,0,0,0,0,0,0,0
4073,1,76,22,1,22,0,0,0,1,0,0,0,0,0,0,0
4083,1,312,12,1,12,0,0,0,0,0,0,0,0,0,0,0
4105,1,149,2,5,26,0,1,0,0,0,2,0,0,0,1,1
4114,0,193,16,5,34,0,0,1,0,2,1,1,0,0,0,0
4117,1,56,16,1,16,0,0,1,0,0,0,0,0,0,0,0
4131,0,195,16,2,20,0,0,1,0,1,0,0,0,0,0,0
4133,1,186,24,1,24,0,0,0,1,0,0,0,0,0,0,0
4137,0,153,36,2,42,0,1,1,0,0,0,0,0,0,0,0
4153,1,362,18,12,78,2,1,4,3,1,0,1,1,0,0,0
4160,1,198,6,1,6,0,0,0,0,0,0,0,0,0,0,0
4173,1,128,18,2,24,0,0,1,0,0,1,0,0,0,0,0
4182,0,270,4,2,6,0,0,0,0,0,0,0,0,0,0,1
4188,1,350,14,5,28,3,0,0,1,0,0,1,0,0,0,0
4194,0,286,36,1,36,0,0,0,0,0,0,1,0,0,0,0
4209,0,71,20,2,24,0,0,0,0,0,0,2,0,0,0,0
4231,1,241,6,2,14,0,0,0,0,1,0,0,0,0,0,0
4248,0,190,10,1,10,0,0,0,0,0,0,0,0,0,0,0
4253,1,77,10,1,10,0,0,0,0,0,0,0,0,0,0,0
4260,1,68,16,2,22,0,0,0,0,1,1,0,0,0,0,0
4288,1,317,12,9,38,1,1,2,1,1,1,1,0,0,0,0
4294,1,422,14,9,38,1,0,3,1,1,1,2,0,0,0,0
4321,1,96,22,5,44,0,1,3,0,0,1,0,1,0,0,0
4338,0,170,24,2,30,0,0,2,0,0,0,0,1,0,0,0
4345,1,263,14,7,42,1,1,2,0,1,0,1,1,1,0,0
4360,0,254,26,1,26,0,0,1,0,0,0,0,0,0,0,0
4367,0,262,6,5,24,0,0,1,0,0,0,1,0,0,0,0
4378,1,168,20,7,36,0,2,3,0,0,1,1,0,0,0,0
4380,0,37,16,2,20,1,0,0,0,1,0,0,0,0,0,0
4381,0,184,20,6,44,1,2,0,3,0,0,0,0,0,0,0
4382,1,228,10,2,16,1,0,0,0,0,0,0,0,0,0,0
4386,1,47,10,2,14,0,0,0,1,0,0,0,0,0,0,0
4387,1,195,12,2,16,0,0,1,0,0,0,0,0,0,0,0
4398,1,294,12,12,70,2,3,2,0,1,1,2,1,0,0,1
4409,1,135,14,1,14,1,0,0,0,0,0,0,0,0,0,0
4421,0,248,6,2,10,0,0,0,0,0,0,0,0,0,0,1
4436,1,109,10,2,16,0,0,1,0,0,0,0,0,0,0,0
4443,1,274,22,1,22,0,0,0,0,1,0,0,0,0,0,0
4454,1,234,2,5,16,1,0,0,0,0,0,0,0,0,0,1
4469,1,105,12,7,26,3,0,2,1,0,0,0,0,0,0,0
4490,1,372,20,8,66,2,0,3,1,1,0,1,1,1,0,0
4504,1,49,16,2,20,1,0,1,0,0,0,0,0,0,0,0
4506,1,139,20,7,44,2,0,1,1,2,1,0,0,0,0,0
4508,1,55,12,1,12,0,0,0,0,0,0,0,0,0,0,0
4511,1,117,2,1,2,0,0,0,0,0,0,0,0,0,0,0
4547,1,140,14,2,20,0,1,1,0,0,0,0,0,0,0,0
4549,0,68,12,4,26,0,1,0,2,0,0,0,0,0,0,0
4553,1,102,4,2,12,0,0,0,0,0,0,0,0,0,0,0
4558,1,55,14,2,18,0,0,1,1,0,0,0,0,0,0,0
4564,1,281,14,8,58,2,1,0,2,0,1,2,0,0,0,0
4567,1,293,2,9,26,0,1,0,2,0,1,1,0,0,0,0
4574,1,330,16,5,42,0,0,1,0,0,2,2,0,0,0,1
4580,1,179,4,3,22,1,0,0,0,1,0,0,0,0,0,0
4584,1,357,8,5,36,1,0,3,0,0,0,0,0,0,0,0
4590,1,239,2,1,2,0,0,0,0,0,0,0,0,0,0,0
4596,1,231,26,1,26,0,0,1,0,0,0,0,0,0,0,0
4613,1,75,12,2,16,0,0,0,1,0,0,0,0,0,0,0
4629,1,290,34,1,34,0,0,1,0,0,0,0,0,0,0,0
4653,0,258,28,7,60,0,1,1,1,0,1,3,1,0,1,1
4659,0,224,28,12,74,0,2,3,2,1,2,2,0,0,0,0
4680,1,187,14,8,38,2,1,1,1,1,1,1,0,0,0,0
4683,1,199,14,2,16,0,0,1,0,0,0,0,0,0,0,0
4699,1,131,18,7,46,0,0,3,1,1,0,2,0,0,0,0
4722,1,175,30,2,32,1,0,1,0,0,0,0,0,0,0,0
4725,0,189,16,2,24,0,0,1,1,0,0,0,0,0,0,0
4728,1,267,2,4,20,0,0,1,0,0,0,0,0,0,0,1
4740,0,307,12,1,12,0,0,0,0,0,0,0,0,0,0,0
4748,1,187,2,8,44,3,1,2,1,0,0,0,1,0,0,0
4752,1,80,6,1,6,0,0,0,0,0,0,0,0,0,0,0
4755,0,78,32,2,34,0,0,0,0,0,0,2,0,0,0,0
4756,1,291,32,1,32,0,0,0,0,0,0,1,0,0,0,0
4762,1,300,20,7,40,0,1,2,0,1,2,1,0,0,0,0
4767,1,320,16,2,20,0,0,1,0,0,1,0,0,0,0,0
4773,1,157,8,2,14,0,0,1,0,0,0,0,0,0,0,0
4777,0,305,14,5,28,0,0,4,0,0,0,1,0,0,0,0
4780,1,421,6,11,68,2,1,1,1,2,1,2,0,0,0,0
4796,1,372,30,11,60,4,1,3,1,1,1,0,1,1,1,0
4801,1,17,14,1,14,0,0,0,1,0,0,0,0,0,0,0
4808,1,109,10,6,30,0,1,1,1,0,0,2,0,0,0,0
4818,1,221,22,2,24,1,0,0,0,0,0,1,0,0,0,0
4820,0,444,16,10,38,3,2,3,0,1,0,1,0,0,0,0
4821,1,423,4,9,56,2,0,2,1,1,0,0,0,0,0,0
4829,1,228,8,10,46,1,0,3,2,0,0,1,2,0,0,0
4840,1,285,14,2,16,0,0,0,1,1,0,0,0,0,0,0
4859,1,244,8,2,10,0,0,0,0,0,0,0,0,0,0,0
4866,1,216,22,1,22,0,0,0,0,0,1,0,0,0,0,0
4873,1,202,4,9,48,2,0,1,2,0,1,2,0,0,0,0
4907,1,56,6,2,12,0,0,0,0,0,0,0,0,0,0,0
4910,1,291,10,2,18,1,0,0,0,0,0,0,0,0,0,0
4919,1,262,12,11,78,0,0,4,1,1,2,2,0,0,0,0
4939,1,228,8,1,8,0,0,0,0,0,0,0,0,0,0,0
4940,1,200,10,1,10,0,0,0,0,0,0,0,0,0,0,0
4983,1,263,20,12,80,4,1,3,2,0,2,0,0,0,0,0
4986,1,222,14,3,24,0,2,1,0,0,0,0,1,0,0,0
5010,1,157,8,1,8,0,0,0,0,0,0,0,0,0,0,0
5015,1,362,14,11,62,2,0,5,3,0,1,0,0,0,0,0
5020,1,186,4,1,4,0,0,0,0,0,0,0,0,0,0,0
5025,1,357,18,10,56,4,1,0,1,1,0,3,0,0,0,0
5030,1,211,4,6,18,0,0,1,0,0,0,0,0,0,0,0
5035,1,150,6,5,28,0,0,2,1,0,0,0,0,0,0,1
5037,1,281,12,2,18,1,0,0,0,0,0,0,0,0,0,0
5041,0,218,6,1,6,0,0,0,0,0,0,0,0,0,0,0
5047,1,106,14,1,14,1,0,0,0,0,0,0,0,0,0,0
5049,1,217,12,1,12,0,0,0,0,0,0,0,0,0,0,0
5050,0,262,28,2,30,0,0,0,0,0,0,2,0,0,0,0
5070,1,332,2,9,26,3,0,1,1,0,0,0,1,0,0,0
5076,1,281,36,11,92,3,0,2,1,1,1,3,0,0,0,0
5077,1,239,12,1,12,0,0,0,0,0,0,0,0,0,0,0
5083,1,224,32,1,32,0,0,0,1,0,0,0,0,0,0,0
5090,1,392,8,12,60,1,2,2,0,1,0,3,1,1,0,0
5100,1,188,22,5,48,1,0,1,1,1,0,1,0,0,0,0
5112,1,338,26,5,40,0,0,2,0,1,1,1,1,1,1,0
5115,1,394,14,8,48,3,1,1,0,1,1,1,0,0,0,0
5119,1,47,10,2,12,0,0,0,0,0,0,0,0,0,0,0
5147,1,276,20,3,26,0,0,1,1,1,0,0,1,0,0,0
5148,1,199,16,4,30,2,1,0,0,0,0,1,0,0,0,0
5167,1,37,14,2,20,0,0,1,1,0,0,0,0,0,0,0
5170,1,384,6,8,26,1,0,1,1,1,0,0,1,1,0,0
5174,0,172,4,2,8,0,0,0,0,0,0,0,0,0,0,0
5193,0,181,10,2,16,1,0,0,0,0,0,0,0,0,0,0
5197,1,211,20,1,20,1,0,0,0,0,0,0,0,0,0,0
5202,1,299,20,1,20,0,0,1,0,0,0,0,0,0,0,0
5203,0,108,26,2,28,0,0,1,1,0,0,0,0,0,0,0
5224,1,419,14,11,62,3,0,5,0,2,0,1,0,0,0,0
5228,1,406,14,10,72,1,1,3,1,0,1,2,0,0,0,0
5233,1,351,36,4,50,1,1,0,0,0,2,0,0,0,0,0
5235,0,400,6,11,52,1,0,3,2,0,3,0,0,0,0,1
5243,1,287,12,2,18,0,1,0,0,0,0,0,0,0,0,0
5246,1,423,12,10,34,2,1,2,0,4,0,0,1,1,0,0
5250,1,131,14,4,28,0,0,3,1,0,0,0,0,0,0,0
5257,1,305,6,9,24,0,0,4,0,1,1,2,0,0,0,0
5268,0,400,4,8,44,1,0,2,1,0,1,1,0,0,0,0
5297,1,124,14,4,32,0,0,2,0,1,0,1,0,0,0,0
5300,0,354,6,9,30,2,1,1,1,0,1,0,1,0,1,0
5333,1,165,14,1,14,1,0,0,0,0,0,0,0,0,0,0
5338,1,282,12,8,60,0,0,2,0,2,1,2,0,0,0,0
5345,1,240,12,2,16,0,0,1,0,0,0,0,0,0,0,0
5349,0,181,4,2,10,0,0,0,0,0,0,0,0,0,0,0
5350,1,245,18,4,34,0,0,0,0,0,1,3,0,0,0,1
5355,1,108,8,1,8,0,0,0,0,0,0,0,0,0,0,0
5366,1,300,12,5,24,0,0,0,2,1,1,0,0,0,0,0
5376,0,190,8,1,8,0,0,0,0,0,0,0,0,0,0,0
5383,0,175,16,2,20,1,0,0,1,0,0,0,0,0,0,0
5385,1,227,10,1,10,0,0,0,0,0,0,0,0,0,0,0
5394,1,121,16,2,20,0,0,0,1,1,0,0,0,0,0,0
5417,0,288,6,11,70,3,1,2,1,1,2,0,2,0,0,1
5424,1,278,26,1,26,0,1,0,0,0,0,0,0,0,0,0
5431,1,151,16,2,24,1,0,1,0,0,0,0,1,0,0,0
5442,1,228,14,9,36,0,1,4,1,0,1,2,1,0,0,0
5445,0,133,2,4,24,0,0,0,0,0,1,0,0,0,0,0
5448,0,398,10,11,50,3,0,2,1,2,1,0,0,0,0,0
5451,1,233,16,4,36,1,0,0,1,0,0,2,0,0,0,1
5452,1,203,18,1,18,0,0,0,0,0,1,0,0,0,0,0
5453,1,410,4,8,20,0,1,2,0,0,0,1,0,0,0,0
5454,1,128,20,2,24,1,0,1,0,0,0,0,0,0,0,0
5485,0,66,10,2,16,0,0,1,0,0,0,0,0,0,0,0
5504,1,104,28,1,28,0,0,0,1,0,0,0,0,0,0,0
5536,0,178,18,2,26,1,0,1,0,0,0,0,0,0,0,0
5543,1,164,4,7,38,1,0,1,0,1,1,0,0,0,0,0
5549,1,273,8,2,16,0,0,1,0,0,0,0,0,0,0,0
5557,0,170,16,1,16,0,0,1,0,0,0,0,0,0,0,0
5560,1,236,8,12,44,1,1,2,0,3,2,0,0,0,0,1
5570,1,93,14,3,28,1,0,0,0,1,1,0,0,0,0,0
5575,0,84,6,1,6,0,0,0,0,0,0,0,0,0,0,1
5582,0,29,10,1,10,0,0,0,0,0,0,0,0,0,0,0
5605,0,76,20,1,20,0,0,0,0,0,0,1,0,0,0,0
5610,1,297,34,12,94,1,0,7,1,2,1,0,0,0,0,0
5614,0,145,12,1,12,0,0,0,0,0,0,0,0,0,0,0
5628,0,136,12,2,16,0,1,0,0,0,0,0,0,0,0,0
5632,1,75,16,1,16,0,0,0,0,0,0,1,0,0,0,1
5648,1,159,10,3,22,1,0,0,0,0,0,0,0,0,0,0
5654,1,276,24,2,32,0,0,0,2,0,0,0,0,0,0,0
5657,0,53,14,1,14,0,0,0,0,0,1,0,0,0,0,0
5669,1,175,36,1,36,0,0,0,0,0,0,1,0,0,0,0
5670,0,173,16,8,44,3,1,1,1,1,1,0,0,0,0,0
5672,1,67,14,1,14,0,0,1,0,0,0,0,0,0,0,0
5676,1,277,8,1,8,0,0,0,0,0,0,0,0,0,0,0
5708,1,242,10,1,10,0,0,0,0,0,0,0,0,0,0,0
5711,1,73,6,1,6,0,0,0,0,0,0,0,0,0,0,0
5713,1,19,16,1,16,1,0,0,0,0,0,0,0,0,0,0
5715,1,341,2,3,12,0,0,0,0,0,0,0,0,0,0,0
5722,1,354,4,12,48,2,2,0,3,0,0,2,0,0,0,0
5724,1,225,26,11,58,2,1,4,0,1,1,2,0,0,0,0
5729,1,285,4,9,40,1,0,2,0,0,1,0,0,0,0,0
5747,1,259,14,2,18,0,0,1,0,0,0,0,0,0,0,0
5749,1,310,16,8,54,2,0,1,2,1,1,1,0,0,0,0
5755,0,130,22,2,24,1,1,0,0,0,0,0,0,0,0,1
5760,1,166,12,1,12,0,0,0,0,0,0,0,0,0,0,0
5765,1,148,4,5,22,0,0,0,0,2,0,0,0,0,0,1
5766,1,156,6,5,16,0,0,2,0,0,0,0,0,0,0,0
5772,1,200,26,1,26,1,0,0,0,0,0,0,0,0,0,0
5777,1,137,18,2,20,1,0,0,0,0,0,1,0,0,0,0
5778,1,117,34,1,34,0,0,1,0,0,0,0,0,0,0,0
5783,1,218,10,2,18,0,0,1,0,0,0,0,0,0,0,0
5795,0,54,20,1,20,0,0,0,0,1,0,0,0,0,0,0
5800,1,185,6,2,12,0,0,0,0,0,0,0,0,0,0,0
5806,1,336,12,7,36,1,0,1,0,3,0,1,0,0,0,0
5811,1,284,14,10,70,2,1,2,2,1,1,1,1,0,0,0
5824,0,310,12,2,18,1,0,0,0,0,0,0,0,0,0,0
5828,1,203,14,1,14,0,1,0,0,0,0,0,0,0,0,0
5838,1,74,10,1,10,0,0,0,0,0,0,0,0,0,0,0
5845,1,238,24,3,36,0,0,0,2,0,0,1,0,0,0,0
5850,1,262,16,1,16,0,0,0,0,0,0,1,0,0,0,0
5855,1,49,24,1,24,1,0,0,0,0,0,0,0,0,0,0
5856,0,295,30,2,34,0,0,0,0,2,0,0,0,0,0,0
5870,0,81,16,1,16,0,0,0,1,0,0,0,0,0,0,1
5880,1,305,10,2,12,0,0,0,0,0,0,0,0,0,0,0
5885,1,254,32,1,32,1,0,0,0,0,0,0,0,0,0,0
5893,0,159,20,2,24,0,0,0,1,0,1,0,0,0,0,0
5894,0,287,4,1,4,0,0,0,0,0,0,0,0,0,0,0
5897,1,194,30,1,30,1,0,0,0,0,0,0,0,0,0,0
5899,1,98,12,6,38,1,0,2,0,1,0,1,0,0,0,0
5902,1,351,10,9,62,2,1,2,1,0,2,0,1,0,2,1
5903,1,156,10,5,34,1,0,1,1,0,1,0,0,0,0,0
5906,1,277,10,3,22,1,0,1,0,0,0,0,0,0,0,0
5907,0,160,24,10,50,2,0,1,2,1,1,3,0,0,0,0
5911,0,215,16,1,16,0,0,1,0,0,0,0,0,0,0,0
5912,1,399,14,8,48,0,0,2,0,1,2,3,1,1,1,1
5913,1,68,4,1,4,0,0,0,0,0,0,0,0,0,0,0
5915,1,303,16,2,22,0,0,1,0,0,1,0,0,0,0,0
5916,0,156,2,3,12,0,0,0,0,0,0,0,0,0,0,0
5924,1,191,22,2,24,0,0,1,1,0,0,0,0,0,0,0
5931,1,32,16,1,16,0,1,0,0,0,0,0,0,0,0,0
5935,1,93,14,2,16,0,0,1,0,0,1,0,0,0,0,0
5943,0,266,32,2,40,0,0,0,2,0,0,0,0,0,0,0
5957,1,296,14,1,14,0,0,1,0,0,0,0,0,0,0,0
5982,0,63,14,1,14,0,1,0,0,0,0,0,0,0,0,0
6003,1,132,2,1,2,0,0,0,0,0,0,0,0,0,0,0
6013,1,143,14,1,14,0,0,0,0,0,0,0,0,0,0,1
6018,1,294,16,1,16,0,0,0,1,0,0,0,0,0,0,0
6025,0,17,4,1,4,0,0,0,0,0,0,0,0,0,0,1
6037,0,422,26,12,82,2,2,3,0,1,1,3,2,0,0,0
6044,0,340,14,10,70,2,2,1,1,1,1,2,0,0,0,0
6058,1,139,10,1,10,0,0,0,0,0,0,0,0,0,0,0
6059,1,53,14,1,14,0,0,1,0,0,0,0,0,0,0,0
6067,1,39,14,1,14,0,0,1,0,0,0,0,0,0,0,0
6069,1,113,8,2,14,0,0,1,0,0,0,0,0,0,0,0
6082,0,307,18,4,28,1,0,1,0,1,1,0,0,0,0,0
6084,0,104,6,5,18,1,0,0,0,0,1,1,0,0,0,0
6093,1,184,6,1,6,0,0,0,0,0,0,0,0,0,0,0
6096,1,245,14,1,14,0,0,1,0,0,0,0,0,0,0,0
6097,1,204,6,2,12,0,0,0,0,0,0,0,0,0,0,0
6101,1,292,4,5,28,1,0,2,0,0,0,1,1,0,0,0
6102,1,158,16,7,44,0,2,1,2,0,0,2,1,0,0,0
6110,1,374,2,10,26,2,1,0,0,0,0,0,0,0,0,1
6113,0,284,4,2,8,0,0,0,0,0,0,0,0,0,0,0
6114,1,216,2,2,8,0,0,0,0,0,0,0,0,0,0,0
6118,0,202,16,2,18,0,0,2,0,0,0,0,0,0,0,0
6123,1,251,16,1,16,1,0,0,0,0,0,0,0,0,0,0
6134,1,206,14,4,28,0,0,2,0,1,1,0,0,0,0,1
6140,1,66,32,1,32,1,0,0,0,0,0,0,0,0,0,0
6153,1,301,16,1,16,0,0,1,0,0,0,0,0,0,0,0
6167,1,280,6,1,6,0,0,0,0,0,0,0,0,0,0,0
6168,1,327,12,10,66,2,1,3,1,0,0,2,0,0,0,0
6174,0,15,34,1,34,0,0,0,1,0,0,0,0,0,0,0
6177,1,413,30,11,54,2,1,1,0,4,2,1,0,0,0,1
6183,1,83,4,5,26,0,0,2,0,0,1,0,0,0,0,0
6192,1,248,12,1,12,0,0,0,0,0,0,0,0,0,0,0
6196,1,49,12,3,26,0,1,1,0,0,0,0,0,0,0,0
6201,1,273,10,1,10,0,0,0,0,0,0,0,0,0,0,0
6208,1,384,14,11,70,1,3,0,1,1,4,1,0,0,0,1
6219,0,159,4,10,46,2,1,1,2,0,2,1,0,0,0,0
6222,0,275,10,4,18,2,1,0,0,0,0,0,0,0,0,0
6223,0,411,28,8,76,1,0,3,1,1,1,1,0,0,0,0
6235,1,76,6,1,6,0,0,0,0,0,0,0,0,0,0,0
6243,1,219,2,1,2,0,0,0,0,0,0,0,0,0,0,0
6246,1,367,20,8,44,2,0,2,1,1,0,2,0,0,0,0
6249,1,191,20,8,44,3,1,2,0,1,1,0,0,0,0,0
6256,0,49,16,3,22,1,0,0,1,0,1,0,0,0,0,0
6257,0,330,4,4,14,0,1,0,0,0,0,0,0,0,0,0
6275,1,293,14,11,56,3,1,3,2,1,1,0,0,0,0,0
6280,1,279,28,1,28,0,0,0,0,0,1,0,0,0,0,0
6286,1,98,2,1,2,0,0,0,0,0,0,0,0,0,0,0
6289,0,358,6,10,50,1,2,0,1,1,1,0,0,1,1,0
6291,1,325,12,2,18,1,0,0,0,0,0,0,0,0,0,0
6292,1,243,14,1,14,0,0,0,0,0,0,0,0,0,0,0
6299,0,276,22,4,40,1,0,3,0,0,0,0,0,0,0,0
6304,1,91,2,6,28,0,0,0,0,1,0,1,0,0,0,0
6307,1,211,34,8,70,1,0,3,1,2,1,0,0,0,0,0
6309,1,69,8,3,20,0,0,0,0,0,0,2,0,0,0,0
6312,1,350,4,7,38,2,0,3,1,0,0,0,0,0,0,0
6317,1,234,8,8,40,0,2,0,0,0,3,2,0,0,0,1
6325,1,323,12,2,18,0,0,1,0,0,0,0,0,0,0,0
6346,1,338,14,3,30,1,1,0,1,0,0,0,0,0,0,0
6347,0,231,20,2,26,0,0,1,0,0,0,1,0,0,0,0
6348,1,128,14,1,14,0,0,0,0,0,1,0,0,0,0,0
6369,1,243,12,2,18,1,0,0,0,0,0,0,0,0,0,0
6381,0,98,4,1,4,0,0,0,0,0,0,0,0,0,0,0
6389,0,139,6,1,6,0,0,0,0,0,0,0,0,0,0,0
6391,1,56,8,1,8,0,0,0,0,0,0,0,0,0,0,0
6396,1,190,10,1,10,0,0,0,0,0,0,0,0,0,0,0
6397,1,298,12,6,24,0,1,1,0,1,2,0,0,0,0,0
6399,1,219,14,12,52,5,0,2,2,1,1,1,0,0,0,0
6402,1,49,34,1,34,0,0,1,0,0,0,0,0,0,0,0
6410,0,377,14,12,60,3,2,1,2,1,1,2,0,0,0,0
6426,0,324,34,4,54,1,0,1,0,0,0,2,1,0,0,0
6428,1,225,34,1,34,0,0,1,0,0,0,0,0,0,0,0
6459,0,365,10,12,44,2,2,4,0,1,1,1,0,0,0,1
6479,1,259,10,2,16,0,0,1,0,0,0,0,0,0,0,0
6480,0,216,16,11,58,2,1,2,3,2,0,1,0,0,0,0
6485,1,263,2,1,2,0,0,0,0,0,0,0,0,0,0,0
6495,0,172,14,7,36,0,0,0,0,1,2,3,0,0,0,1
6496,0,318,2,3,14,0,0,0,0,0,1,0,0,0,0,0
6507,0,304,28,2,32,0,0,1,0,1,0,0,0,0,0,0
6521,1,100,10,1,10,0,0,0,0,0,0,0,0,0,0,0
6540,1,230,14,1,14,1,0,0,0,0,0,0,0,0,0,0
6549,1,148,16,1,16,0,0,0,0,0,1,0,0,0,0,0
6551,1,396,12,9,44,1,1,2,0,0,1,2,0,0,0,1
6553,0,282,10,12,66,1,1,2,1,1,2,3,0,0,0,1
6564,1,235,12,11,36,3,2,2,2,0,0,1,0,0,0,0
6586,1,206,12,1,12,0,0,0,0,0,0,0,0,0,0,0
6588,1,191,14,2,20,1,0,0,0,1,0,0,0,0,0,0
6589,0,58,4,1,4,0,0,0,0,0,0,0,0,0,0,0
6596,1,325,16,2,18,0,0,2,0,0,0,0,1,0,0,0
6597,1,109,6,1,6,0,0,0,0,0,0,0,0,0,0,0
6605,1,191,16,4,24,0,0,2,2,0,0,0,0,0,0,0
6608,1,40,4,2,8,0,0,0,0,0,0,0,0,0,0,0
6609,0,127,12,1,12,0,0,0,0,0,0,0,0,0,0,0
6628,0,162,12,1,12,0,0,0,0,0,0,0,0,0,0,0
6635,0,260,2,1,2,0,0,0,0,0,0,0,0,0,0,0
6638,1,91,2,2,8,0,0,0,0,0,0,0,0,0,0,0
6640,1,264,4,1,4,0,0,0,0,0,0,0,0,0,0,0
6642,1,310,6,1,6,0,0,0,0,0,0,0,0,0,0,0
6643,1,225,2,10,52,5,1,2,0,0,0,0,0,0,0,0
6650,1,95,6,1,6,0,0,0,0,0,0,0,0,0,0,0
6654,0,243,28,1,28,0,1,0,0,0,0,0,0,0,0,1
6672,0,53,12,2,18,1,0,0,0,0,0,0,0,0,0,0
6680,0,210,14,10,60,4,1,3,2,0,0,0,1,0,0,0
6698,1,320,4,2,8,0,0,0,0,0,0,0,0,0,0,0
6700,1,342,8,4,22,1,0,1,1,0,0,0,1,0,0,0
6701,1,195,2,2,6,0,0,0,0,0,0,0,0,0,0,0
6703,1,374,10,5,30,2,0,1,1,0,0,0,1,0,0,0
6708,0,251,12,2,18,1,0,0,0,0,0,0,0,0,0,0
6713,0,124,2,4,22,0,0,1,1,0,0,0,0,0,0,0
6718,1,223,8,4,20,0,0,2,0,0,0,0,1,0,0,0
6721,1,282,10,5,32,1,0,1,1,0,0,1,0,0,0,0
6724,1,314,10,7,42,0,0,3,0,2,0,1,0,0,0,0
6725,1,118,16,1,16,0,0,0,0,0,0,1,0,0,0,0
6726,0,451,6,11,68,2,2,2,0,2,0,0,1,1,0,0
6727,1,242,14,2,20,0,0,1,0,0,0,0,0,0,0,0
6731,1,143,14,7,54,1,0,2,1,0,3,0,1,0,0,0
6734,1,284,18,7,38,1,0,3,2,0,0,1,0,0,0,0
6736,0,325,8,3,16,0,0,0,0,0,0,1,0,0,0,0
6748,0,271,10,1,10,0,0,0,0,0,0,0,0,0,0,1
6764,0,196,12,1,12,0,0,0,0,0,0,0,0,0,0,0
6766,0,278,2,1,2,0,0,0,0,0,0,0,0,0,0,0
6775,1,417,14,12,44,2,1,2,3,1,1,2,0,0,0,0
6778,1,235,12,8,40,2,0,1,0,2,2,0,0,1,1,0
6786,1,320,16,6,46,2,0,1,2,0,0,1,0,0,0,0
6794,1,192,12,1,12,0,0,0,0,0,0,0,0,0,0,0
6801,1,131,14,2,22,1,0,1,0,0,0,0,0,0,0,0
6814,0,190,18,1,18,0,0,0,1,0,0,0,0,0,0,0
6818,1,260,6,7,38,1,0,4,1,0,0,0,0,0,0,0
6828,0,103,14,6,48,2,0,1,1,1,0,1,0,0,0,0
6839,1,212,6,10,42,1,1,2,0,0,0,2,0,0,0,0
6840,0,96,12,4,28,1,1,0,0,0,0,1,0,0,0,0
6845,1,180,14,2,20,0,1,0,0,0,0,0,0,0,0,0
6850,1,96,28,4,44,2,0,0,0,0,1,1,0,0,0,0
6856,0,75,14,4,38,2,0,1,0,0,1,0,0,0,0,0
6859,0,220,16,5,40,0,2,1,1,0,0,1,0,0,0,0
6867,0,209,2,2,8,0,0,0,0,0,0,0,0,0,0,0
6888,1,156,16,4,24,1,0,2,1,0,0,0,1,0,0,0
6889,1,59,30,2,36,1,0,0,0,0,0,1,0,0,0,0
6890,1,219,12,1,12,0,0,0,0,0,0,0,0,0,0,0
6891,1,242,6,2,14,0,0,0,1,0,0,0,0,0,0,0
6909,0,214,12,1,12,0,0,0,0,0,0,0,0,0,0,0
6910,0,206,32,2,36,0,0,1,0,0,1,0,0,0,0,0
6911,1,59,16,1,16,0,0,0,1,0,0,0,0,0,0,1
6914,1,207,2,1,2,0,0,0,0,0,0,0,0,0,0,0
6916,1,271,10,4,28,1,1,0,0,0,0,1,0,0,0,0
6917,1,303,10,9,34,2,1,1,2,0,0,2,1,0,0,0
6922,1,143,4,1,4,0,0,0,0,0,0,0,0,0,0,0
6930,1,60,14,4,28,0,0,1,0,0,1,1,1,0,1,1
6940,1,65,12,2,14,1,0,0,0,0,0,0,0,0,0,0
6947,1,87,22,2,30,1,0,0,0,1,0,0,0,0,0,0
6951,1,257,34,9,66,2,0,1,2,2,0,2,1,1,0,0
6965,1,270,16,2,22,0,0,1,0,0,1,0,0,0,0,0
6966,1,334,4,11,38,1,0,0,0,0,0,2,0,0,0,0
6971,1,334,4,10,46,1,2,2,1,1,1,0,0,0,0,0
6977,1,214,16,7,36,2,1,1,0,1,1,1,0,0,0,0
6978,1,149,14,3,24,0,0,1,1,0,0,1,0,0,0,0
6987,1,202,12,2,16,0,0,1,0,0,0,0,0,0,0,0
6990,1,49,2,1,2,0,0,0,0,0,0,0,0,0,0,0
7009,1,179,10,1,10,0,0,0,0,0,0,0,0,0,0,0
7010,1,250,14,3,30,0,1,0,0,1,1,0,0,0,0,0
7012,1,100,16,2,20,2,0,0,0,0,0,0,0,0,0,0
7027,1,116,10,2,18,1,0,0,0,0,0,0,0,0,0,0
7038,1,154,14,1,14,1,0,0,0,0,0,0,0,0,0,0
7044,0,160,12,8,40,1,1,3,0,0,1,1,0,0,0,0
7052,0,201,10,1,10,0,0,0,0,0,0,0,0,0,0,0
7059,1,110,6,3,20,0,0,1,0,0,0,0,0,0,0,0
7064,1,61,14,1,14,0,0,0,1,0,0,0,0,0,0,0
7076,1,271,30,6,46,0,1,2,1,1,0,1,0,0,0,0
7078,1,388,12,8,54,2,1,1,0,1,1,1,0,0,0,0
7079,1,345,20,11,84,1,0,1,0,2,3,4,0,0,0,1
7090,1,403,24,9,64,2,1,2,1,1,1,1,0,0,0,0
7094,1,157,12,6,38,0,0,2,1,0,1,0,1,0,1,0
7098,1,176,8,1,8,0,0,0,0,0,0,0,0,0,0,0
7103,1,247,34,1,34,0,0,0,0,0,0,1,0,0,0,0
7105,1,59,22,1,22,0,0,0,0,0,0,1,0,0,0,0
7107,1,202,8,11,32,1,0,1,1,0,1,3,0,0,0,1
7116,0,272,20,7,40,2,1,2,0,0,0,2,0,0,0,0
7120,0,311,28,8,60,3,0,2,0,2,1,0,0,0,0,0
7122,0,364,10,5,24,1,0,1,0,0,0,1,0,0,0,1
7150,1,301,12,1,12,0,0,0,0,0,0,0,0,0,0,0
7157,1,68,14,1,14,1,0,0,0,0,0,0,0,0,0,0
7164,0,254,24,1,24,0,1,0,0,0,0,0,0,0,0,0
7182,1,296,16,3,32,0,0,3,0,0,0,0,0,0,0,0
7189,1,145,4,1,4,0,0,0,0,0,0,0,0,0,0,0
7201,1,248,36,1,36,0,1,0,0,0,0,0,0,0,0,0
7207,0,140,22,2,28,0,0,1,0,1,0,0,0,0,0,0
7211,1,336,2,10,24,2,0,0,0,0,1,3,0,0,0,1
7225,1,121,10,2,16,1,0,0,0,0,0,0,0,0,0,0
7230,1,161,4,1,4,0,0,0,0,0,0,0,0,0,0,0
7236,1,97,28,2,34,1,0,0,1,0,0,0,0,0,0,0
7244,1,302,16,1,16,0,1,0,0,0,0,0,0,0,0,0
7246,1,146,32,2,38,0,0,2,0,0,0,0,1,0,0,0
7248,0,384,10,11,34,1,2,1,0,3,2,1,0,0,0,0
7265,1,431,8,10,60,2,1,3,0,0,0,1,0,0,0,0
7267,0,359,2,4,14,1,0,0,0,0,0,0,0,0,0,0
7272,1,160,12,3,22,1,0,0,0,1,0,0,0,1,0,0
7299,1,115,14,1,14,0,1,0,0,0,0,0,0,0,0,0
7301,1,186,2,10,36,1,1,2,0,1,2,1,0,0,0,0
7320,1,455,6,11,50,2,2,3,0,1,0,2,0,0,0,0
7324,1,310,10,2,14,0,0,0,1,0,0,0,0,0,0,0
7326,1,233,16,2,20,1,1,0,0,0,0,0,0,0,0,0
7329,0,292,16,2,22,0,0,2,0,0,0,0,0,0,0,0
7331,0,121,8,1,8,0,0,0,0,0,0,0,0,0,0,0
7332,1,246,22,2,24,0,1,1,0,0,0,0,0,0,0,0
7333,1,233,2,2,8,0,0,0,0,0,0,0,0,0,0,0
7375,1,330,34,8,76,2,1,2,0,0,2,1,0,0,0,0
7378,0,292,14,2,22,0,1,0,1,0,0,0,0,0,0,0
7381,0,239,16,1,16,0,0,1,0,0,0,0,0,0,0,0
7392,0,145,8,3,16,0,0,0,0,0,1,0,0,0,0,0
7393,0,176,10,2,18,1,0,0,0,0,0,0,0,0,0,0
7408,1,264,2,1,2,0,0,0,0,0,0,0,0,0,0,0
7415,1,139,2,9,44,2,0,1,1,0,0,0,0,0,0,0
7437,1,239,12,2,14,0,1,0,0,0,0,0,0,0,0,0
7440,1,136,8,2,12,0,0,0,0,0,0,0,0,0,0,0
7441,1,29,10,1,10,0,0,0,0,0,0,0,0,0,0,0
7448,0,294,12,4,28,0,0,2,0,0,0,1,0,0,0,0
7455,1,233,16,2,18,0,0,0,1,0,0,1,0,0,0,0
7462,1,208,10,10,58,2,1,2,1,0,1,2,0,0,0,0
7468,0,228,16,1,16,0,0,0,0,0,1,0,0,0,0,0
7473,0,69,32,2,38,0,0,0,0,1,1,0,0,0,0,0
7474,1,332,4,11,36,0,0,1,2,1,1,2,0,0,0,0
7483,1,251,14,2,20,0,2,0,0,0,0,0,0,0,0,0
7493,0,244,14,10,58,1,2,6,0,0,0,1,0,0,0,0
7499,1,19,6,1,6,0,0,0,0,0,0,0,0,0,0,0
7533,1,276,22,10,50,0,1,3,0,2,2,2,0,0,0,0
7545,1,17,16,1,16,0,0,1,0,0,0,0,0,0,0,0
7556,0,26,14,1,14,0,0,1,0,0,0,0,0,0,0,0
7559,1,207,16,1,16,0,0,1,0,0,0,0,0,0,0,0
7563,1,275,16,4,32,1,1,0,0,0,2,0,0,0,0,0
7575,1,302,6,12,40,1,1,2,0,0,1,2,0,0,0,0
7577,1,85,14,1,14,0,0,0,0,0,1,0,0,0,0,0
7583,1,77,10,2,14,1,0,0,0,0,0,0,0,0,0,0
7586,1,100,4,1,4,0,0,0,0,0,0,0,0,0,0,0
7588,1,300,10,3,18,1,0,0,0,0,0,1,0,0,0,0
7601,0,244,8,2,12,0,0,0,0,0,0,0,0,0,0,0
7612,0,277,14,1,14,0,0,0,0,1,0,0,0,0,0,0
7614,1,151,4,1,4,0,0,0,0,0,0,0,0,0,0,0
7615,1,302,12,11,72,1,1,2,3,1,1,1,1,0,0,0
7635,1,284,2,1,2,0,0,0,0,0,0,0,0,0,0,0
7636,1,199,10,9,62,0,2,3,1,1,0,1,0,0,0,0
7653,1,60,32,2,40,0,0,0,0,1,0,1,0,0,0,0
7661,0,171,2,2,8,0,0,0,0,0,0,0,0,0,0,0
7662,0,305,2,2,10,0,0,0,0,0,0,0,0,0,0,0
7666,1,400,14,9,56,1,0,2,2,0,2,2,1,0,0,0
7679,0,229,16,2,22,0,0,0,0,1,1,0,0,0,0,1
7680,0,280,24,1,24,0,1,0,0,0,0,0,0,0,0,0
7699,1,319,16,5,32,0,1,1,0,0,1,2,0,0,0,1
7707,1,292,12,1,12,0,0,0,0,0,0,0,0,0,0,0
7708,0,451,14,11,80,1,2,5,0,0,1,2,0,0,0,0
7713,1,129,14,2,20,0,2,0,0,0,0,0,0,0,0,0
7714,1,238,2,10,40,0,0,3,1,1,0,2,0,0,0,0
7721,0,42,6,2,10,0,0,0,0,0,0,0,0,0,0,1
7726,0,151,16,2,22,0,0,1,0,1,0,0,0,0,0,0
7730,1,67,30,2,36,0,0,0,1,0,1,0,0,0,1,0
7733,1,158,2,2,8,0,0,0,0,0,0,0,0,0,0,0
7739,0,173,6,3,22,0,0,0,1,0,0,1,0,0,0,0
7740,1,259,4,2,8,0,0,0,0,0,0,0,0,0,0,0
7742,1,335,4,4,26,0,1,0,0,0,1,1,0,0,0,0
7745,1,41,18,2,20,0,1,0,0,0,1,0,0,0,0,0
7746,1,84,6,2,12,0,0,0,0,0,0,0,0,0,0,0
7760,1,279,12,1,12,0,0,0,0,0,0,0,0,0,0,0
7761,1,368,6,9,42,1,2,1,0,1,0,1,0,0,0,1
7766,1,242,34,3,42,2,0,0,0,0,0,1,0,0,0,0
7771,1,18,24,1,24,0,0,0,0,1,0,0,0,0,0,0
7776,1,400,2,12,62,2,1,2,0,1,1,4,0,0,0,0
7780,0,400,10,7,32,0,0,1,1,0,1,3,1,0,1,1
7784,0,215,2,6,16,0,0,1,0,0,0,0,0,0,0,1
7806,1,214,6,3,20,0,0,1,0,0,0,0,0,0,0,0
7810,1,250,4,2,12,0,0,0,0,0,0,0,0,0,0,0
7817,1,66,2,2,6,0,0,0,0,0,0,0,0,0,0,0
7821,1,70,8,4,22,1,0,0,2,0,0,0,0,0,0,0
7824,0,138,34,2,36,1,0,0,0,1,0,0,0,0,0,0
7836,0,33,4,2,8,0,0,0,0,0,0,0,0,0,0,0
7857,1,246,12,9,44,1,1,2,1,0,1,2,1,0,1,1
7859,1,351,2,8,44,1,0,2,0,1,0,1,0,0,0,0
7865,1,198,12,6,34,2,0,1,1,0,0,1,0,0,0,0
7874,1,69,22,1,22,1,0,0,0,0,0,0,0,0,0,0
7884,0,414,2,9,24,1,0,0,0,1,1,1,0,0,0,1
7899,1,67,14,1,14,0,0,0,0,0,1,0,0,0,0,0
7907,0,78,4,1,4,0,0,0,0,0,0,0,0,0,0,0
7914,0,279,20,6,44,0,1,0,0,2,1,2,0,1,1,1
7921,1,190,6,6,42,0,1,0,0,0,0,1,0,0,0,0
7933,1,248,28,1,28,1,0,0,0,0,0,0,0,0,0,0
7940,0,425,12,10,64,1,0,3,1,2,1,1,2,1,1,0
7942,1,84,24,1,24,0,0,0,1,0,0,0,0,0,0,0
7943,1,302,2,1,2,0,0,0,0,0,0,0,0,0,0,1
7949,1,347,4,4,14,0,0,0,1,0,0,0,0,0,0,0
7953,0,225,14,4,34,0,1,1,1,0,1,0,0,0,0,0
7958,0,271,2,6,34,1,0,1,1,1,0,0,0,0,0,0
7960,1,128,30,1,30,1,0,0,0,0,0,0,0,0,0,0
7971,1,182,16,5,42,2,0,0,0,1,1,1,0,0,0,0
7973,1,299,12,7,38,1,2,1,0,1,0,0,0,0,0,0
7981,1,277,14,11,68,1,1,1,1,2,0,4,0,0,0,0
7992,1,197,16,12,60,3,2,1,0,2,1,3,0,2,0,0
8001,1,167,14,3,24,0,1,1,0,1,0,0,1,0,0,0
8005,1,231,12,2,14,0,0,1,0,0,0,0,0,0,0,0
8008,0,322,24,3,36,0,0,1,0,0,0,2,0,0,0,0
8016,0,196,18,2,22,0,0,1,0,0,1,0,0,0,1,0
8019,1,136,10,2,12,0,0,0,0,0,0,0,0,0,0,1
8022,1,197,2,1,2,0,0,0,0,0,0,0,0,0,0,0
8026,1,252,32,5,60,2,1,0,0,0,0,2,0,0,0,0
8032,0,269,16,1,16,1,0,0,0,0,0,0,0,0,0,0
8048,1,120,2,3,20,1,0,0,0,0,0,0,0,0,0,0
8060,0,230,14,1,14,0,0,1,0,0,0,0,0,0,0,0
8076,1,36,8,2,14,0,0,1,0,0,0,0,0,0,0,0
8090,0,180,8,2,12,0,0,0,0,0,0,0,0,0,0,0
8095,0,223,22,4,44,1,0,1,1,1,0,0,1,1,0,0
8097,1,251,16,12,82,3,0,3,3,1,0,2,0,0,0,0
8099,0,272,10,9,60,1,2,2,0,0,0,3,0,0,0,0
8106,1,314,10,1,10,0,0,0,0,0,0,0,0,0,0,0
8123,1,226,28,1,28,0,0,1,0,0,0,0,0,0,0,0
8142,1,158,14,5,38,1,0,1,1,0,2,0,1,0,1,0
8152,0,107,30,1,30,0,0,1,0,0,0,0,0,0,0,0
8159,0,108,14,5,42,2,0,1,1,0,1,0,0,0,0,0
8167,1,69,20,1,20,0,0,1,0,0,0,0,0,0,0,0
8177,0,209,4,2,8,0,0,0,0,0,0,0,0,0,0,0
8199,1,226,4,2,8,0,0,0,0,0,0,0,0,0,0,1
8201,1,37,6,2,8,0,0,0,0,0,0,0,0,0,0,0
8234,0,305,10,1,10,0,0,0,0,0,0,0,0,0,0,0
8235,1,226,32,7,58,2,1,0,1,0,2,1,0,0,1,0
8242,0,178,14,7,38,0,1,2,2,0,0,2,0,0,0,0
8245,0,303,10,2,16,1,0,0,0,0,0,0,0,0,0,0
8251,1,135,32,2,34,1,0,0,0,0,0,1,0,0,0,0
8254,0,238,8,2,12,0,0,0,0,0,0,0,0,0,0,0
8275,1,231,6,10,44,1,0,2,2,0,2,1,1,0,0,1
8290,0,131,14,1,14,0,0,0,0,1,0,0,0,0,0,0
8291,1,217,16,11,82,3,0,3,3,1,1,0,0,0,0,0
8294,1,303,12,2,20,1,0,0,0,0,0,0,0,0,0,0
8303,1,42,14,1,14,0,0,1,0,0,0,0,0,0,0,0
8324,1,382,2,11,30,2,0,3,1,0,0,1,1,0,0,0
8339,0,301,4,2,6,0,0,0,0,0,0,0,0,0,0,0
8345,1,67,14,1,14,0,0,1,0,0,0,0,0,0,0,0
8356,1,284,6,9,50,2,1,3,0,0,0,1,1,0,0,0
8361,1,200,10,1,10,0,0,0,0,0,0,0,0,0,0,0
8363,1,344,14,9,60,2,3,3,0,0,0,1,0,0,0,0
8366,1,252,8,1,8,0,0,0,0,0,0,0,0,0,0,0
8373,1,275,16,2,24,0,0,0,0,0,1,1,0,0,0,0
8382,1,282,2,1,2,0,0,0,0,0,0,0,0,0,0,0
8389,1,126,2,4,18,1,0,0,0,0,0,0,0,0,0,0
8399,1,182,6,1,6,0,0,0,0,0,0,0,0,0,0,0
8404,0,282,16,1,16,0,0,0,1,0,0,0,0,0,0,1
8413,1,140,8,1,8,0,0,0,0,0,0,0,0,0,0,0
8418,1,366,34,6,56,1,1,2,0,0,0,2,1,0,0,0
8423,1,103,22,2,26,0,0,1,0,0,1,0,0,0,0,0
8438,0,344,12,3,22,0,0,2,0,0,0,0,1,0,0,0
8447,1,282,10,1,10,0,0,0,0,0,0,0,0,0,0,0
8465,1,320,8,9,30,1,1,3,0,0,1,2,0,0,0,1
8476,1,87,8,2,10,0,0,0,0,0,0,0,0,0,0,0
8485,1,351,8,4,20,1,0,1,0,0,0,1,0,0,0,0
8486,1,258,12,1,12,0,0,0,0,0,0,0,0,0,0,0
8507,1,134,26,2,28,0,2,0,0,0,0,0,0,0,0,0
8511,1,216,8,2,14,0,1,0,0,0,0,0,0,0,0,0
8524,1,355,14,8,30,2,0,4,0,1,1,0,0,0,0,0
8528,0,455,12,11,66,2,0,3,4,0,0,1,1,0,0,0
8540,0,262,10,2,12,0,0,0,0,0,0,0,0,0,0,0
8541,1,153,12,7,46,0,0,1,1,3,0,1,0,0,0,0
8544,1,246,10,1,10,0,0,0,0,0,0,0,0,0,0,0
8546,0,249,14,1,14,0,0,1,0,0,0,0,0,0,0,0
8549,1,322,14,2,22,1,0,0,0,1,0,0,0,1,0,1
8551,1,177,8,1,8,0,0,0,0,0,0,0,0,0,0,0
8554,0,257,10,1,10,0,0,0,0,0,0,0,0,0,0,0
8556,1,190,12,1,12,0,0,0,0,0,0,0,0,0,0,0
8568,1,281,6,2,12,0,0,0,0,0,0,0,0,0,0,0
8569,1,323,26,2,34,1,0,0,0,0,1,0,0,0,0,0
8590,1,100,14,2,22,1,0,0,0,0,0,0,0,0,0,0
8599,0,322,6,7,34,1,0,2,0,1,0,2,0,0,0,0
8606,1,169,12,1,12,0,0,0,0,0,0,0,0,0,0,0
8626,0,287,20,2,24,0,1,0,0,0,0,1,0,0,0,0
8653,0,372,14,6,40,2,0,2,0,1,0,1,0,0,0,0
8658,0,384,34,7,50,3,2,1,0,0,0,1,0,0,0,0
8667,0,315,14,6,44,1,0,0,1,2,1,1,0,0,0,0
8673,1,183,12,11,62,3,2,3,1,0,0,1,0,0,0,0
8676,1,67,30,1,30,0,0,0,0,0,0,1,0,0,0,0
8678,1,127,16,2,22,0,0,0,1,0,0,1,0,0,0,0
8720,0,348,6,4,22,2,0,0,0,1,0,0,0,0,0,0
8722,1,227,26,6,38,1,1,1,0,0,0,3,0,0,0,0
8723,1,82,32,1,32,0,0,0,0,0,1,0,0,0,0,0
8730,1,201,2,2,4,0,0,0,0,0,0,0,0,0,0,0
8738,1,128,2,2,6,0,0,0,0,0,0,0,0,0,0,0
8744,1,221,14,2,22,0,0,1,0,0,1,0,0,0,0,0
8774,1,192,18,4,36,0,0,3,0,1,0,0,0,0,0,0
8784,0,30,12,2,14,0,1,0,0,0,0,0,0,0,0,0
8818,0,326,2,4,18,0,1,0,0,0,0,0,0,0,0,0
8843,1,116,2,6,28,0,1,1,1,0,1,0,0,0,0,0
8900,1,341,12,7,44,1,1,2,1,1,0,0,1,0,0,0
8901,1,246,8,7,36,0,2,0,1,1,0,1,0,1,0,0
8903,1,280,10,1,10,0,0,0,0,0,0,0,0,0,0,0
8907,1,294,6,2,10,0,0,0,0,0,0,0,0,0,0,0
8925,1,220,2,1,2,0,0,0,0,0,0,0,0,0,0,0
8927,1,293,12,2,16,1,0,0,0,0,0,0,0,0,0,0
8953,0,72,8,1,8,0,0,0,0,0,0,0,0,0,0,0
8955,0,35,10,2,12,0,0,0,0,0,0,0,0,0,0,0
8956,0,82,8,1,8,0,0,0,0,0,0,0,0,0,0,0
8958,1,305,8,2,16,0,1,0,0,0,0,0,0,0,0,0
8968,1,300,18,2,24,1,0,1,0,0,0,0,0,0,0,0
8976,1,324,2,3,18,0,0,0,0,1,0,0,0,0,0,0
8995,1,238,6,1,6,0,0,0,0,0,0,0,0,0,0,0
9013,0,104,14,2,16,0,0,2,0,0,0,0,0,0,0,0
9019,1,364,32,6,50,1,0,1,0,0,3,1,0,0,0,0
9021,0,91,16,1,16,1,0,0,0,0,0,0,0,0,0,0
9022,0,81,6,1,6,0,0,0,0,0,0,0,0,0,0,0
9026,1,222,12,1,12,0,0,0,0,0,0,0,0,0,0,0
9037,1,108,22,7,60,1,1,0,3,0,1,1,0,0,0,0
9055,1,400,14,7,38,1,0,0,1,1,1,2,0,0,0,0
9068,1,377,4,11,48,0,1,4,0,1,1,1,1,1,1,0
9085,1,100,14,5,42,2,0,2,0,1,0,0,1,1,0,0
9088,1,393,2,7,26,1,0,0,0,0,2,0,0,0,0,0
9103,1,349,14,5,30,0,0,2,1,0,0,1,1,0,0,0
9132,1,183,6,3,18,0,0,0,0,0,1,0,0,0,0,1
9136,1,30,10,2,18,1,0,0,0,0,0,0,0,0,0,0
9137,0,234,12,2,18,0,0,0,1,0,0,0,0,0,0,0
9145,1,252,8,1,8,0,0,0,0,0,0,0,0,0,0,0
9147,1,256,16,2,20,1,0,0,0,0,1,0,0,0,0,0
9153,1,199,12,2,18,0,0,0,1,0,0,0,0,0,0,0
9155,1,231,32,10,72,2,0,5,3,0,0,0,0,0,0,0
9162,1,321,2,7,34,2,1,1,0,0,2,0,1,0,2,0
9172,1,260,14,2,16,1,0,1,0,0,0,0,0,0,0,0
9182,0,296,4,4,16,1,0,0,0,0,0,0,0,0,0,0
9203,1,53,6,1,6,0,0,0,0,0,0,0,0,0,0,0
9208,1,350,20,5,38,1,1,1,2,0,0,0,1,0,0,0
9212,1,302,16,1,16,1,0,0,0,0,0,0,0,0,0,0
9219,1,67,4,4,14,0,0,1,0,0,0,0,0,0,0,0
9229,1,310,32,12,99,2,2,2,2,0,0,4,0,0,0,0
9230,0,219,14,5,40,2,1,1,0,0,0,1,0,0,0,0
9234,1,221,8,1,8,0,0,0,0,0,0,0,0,0,0,0
9246,0,64,10,2,16,0,0,0,0,0,1,0,0,0,0,1
9254,0,245,14,2,20,0,0,0,1,0,0,0,0,0,0,0
9256,1,311,24,12,70,3,3,3,0,0,1,2,0,0,0,0
9260,1,163,10,1,10,0,0,0,0,0,0,0,0,0,0,0
9264,0,341,14,5,34,0,2,2,1,0,0,0,1,0,0,0
9273,1,267,28,2,36,0,0,1,0,0,1,0,0,0,0,0
9283,1,227,24,2,30,1,0,1,0,0,0,0,0,0,0,0
9296,1,275,6,4,28,0,0,0,2,1,0,0,0,0,0,0
9299,1,192,8,1,8,0,0,0,0,0,0,0,0,0,0,0
9304,1,317,2,2,6,0,0,0,0,0,0,0,0,0,0,0
9326,0,227,10,1,10,0,0,0,0,0,0,0,0,0,0,0
9357,1,215,10,8,42,0,2,1,1,1,1,1,0,0,0,0
9363,1,133,16,3,22,1,1,0,0,0,0,1,0,0,0,0
9370,1,75,10,2,16,1,0,0,0,0,0,0,0,0,0,0
9380,0,193,10,6,28,0,1,1,0,2,1,0,0,0,0,0
9400,0,250,6,1,6,0,0,0,0,0,0,0,0,0,0,0
9414,0,116,6,5,28,1,0,0,0,1,0,0,0,0,0,1
9423,1,193,8,6,20,0,1,2,1,0,0,0,0,0,0,0
9440,0,135,8,1,8,0,0,0,0,0,0,0,0,0,0,0
9461,1,241,10,1,10,0,0,0,0,0,0,0,0,0,0,0
9464,0,264,10,12,58,1,1,4,0,0,1,3,2,0,0,1
9477,0,258,2,4,16,1,1,0,0,0,0,0,0,0,0,0
9484,0,254,12,9,64,0,2,1,1,0,2,2,1,0,2,1
9503,1,136,14,6,46,1,1,1,0,0,2,1,1,0,1,0
9507,1,116,4,2,8,0,0,0,0,0,0,0,0,0,0,0
9532,0,306,14,1,14,1,0,0,0,0,0,0,0,0,0,0
9535,1,123,32,2,40,0,1,0,0,1,0,0,0,0,0,0
9536,0,63,20,1,20,0,0,0,1,0,0,0,0,0,0,0
9548,1,183,12,2,16,0,1,0,0,0,0,0,0,0,0,0
9551,1,228,16,9,46,3,2,3,0,0,1,0,1,0,0,0
9564,0,167,12,2,16,0,0,0,1,0,0,0,0,0,0,0
9565,1,258,6,2,10,0,0,0,0,0,0,0,0,0,0,0
9571,0,321,4,2,12,0,0,0,0,0,0,0,0,0,0,0
9586,0,258,20,1,20,0,0,0,0,0,0,1,0,0,0,0
9590,1,189,12,2,18,1,0,0,0,0,0,0,0,0,0,0
9595,1,162,12,2,16,1,0,0,0,0,0,0,0,0,0,0
9611,1,454,30,11,64,3,1,2,0,0,2,3,1,0,1,0
9618,0,331,8,11,64,1,1,3,1,0,2,1,0,0,0,1
9633,1,217,14,4,28,1,1,1,0,0,1,0,0,0,0,0
9634,0,215,14,1,14,0,0,1,0,0,0,0,0,0,0,0
9639,1,139,10,1,10,0,0,0,0,0,0,0,0,0,0,0
9642,1,208,8,4,28,0,1,0,2,0,0,0,0,0,0,0
9650,1,50,8,2,12,0,0,0,0,0,0,0,0,0,0,0
9657,1,26,8,1,8,0,0,0,0,0,0,0,0,0,0,0
9659,1,265,14,1,14,1,0,0,0,0,0,0,0,0,0,0
9676,0,263,16,1,16,0,0,1,0,0,0,0,0,0,0,0
9683,1,178,12,2,14,0,1,0,0,0,0,0,0,0,0,0
9687,1,304,16,1,16,0,0,0,1,0,0,0,0,0,0,0
9688,1,293,16,1,16,0,0,0,0,0,1,0,0,0,0,0
9700,1,38,4,1,4,0,0,0,0,0,0,0,0,0,0,0
9703,0,20,10,1,10,0,0,0,0,0,0,0,0,0,0,1
9709,0,190,16,2,20,0,0,1,0,1,0,0,0,0,0,0
9712,1,63,2,2,4,0,0,0,0,0,0,0,0,0,0,0
9713,0,129,14,2,22,0,0,0,0,1,1,0,0,0,0,0
9720,1,302,14,1,14,0,0,0,0,1,0,0,0,0,0,0
9727,1,421,14,12,50,1,1,1,1,3,2,2,0,0,0,0
9732,1,396,28,7,50,1,0,2,0,2,1,1,1,1,1,0
9736,0,199,32,2,34,0,2,0,0,0,0,0,0,0,0,0
9737,1,270,10,1,10,0,0,0,0,0,0,0,0,0,0,0
9739,1,185,14,5,42,0,1,2,0,0,0,1,1,0,0,0
9764,1,143,8,2,14,0,1,0,0,0,0,0,0,0,0,0
9771,1,174,20,2,24,1,0,0,0,1,0,0,0,0,0,0
9774,1,397,8,11,70,3,1,1,0,1,2,2,0,0,0,1
9781,1,169,28,4,42,1,0,2,1,0,0,0,0,0,0,0
9798,1,71,4,1,4,0,0,0,0,0,0,0,0,0,0,0
9809,0,251,8,6,36,2,0,0,1,1,1,0,0,0,0,0
9810,0,131,12,1,12,0,0,0,0,0,0,0,0,0,0,0
9814,0,102,6,1,6,0,0,0,0,0,0,0,0,0,0,1
9817,1,85,24,2,32,0,0,1,0,0,0,1,0,0,0,0
9828,0,290,8,2,10,0,0,0,0,0,0,0,0,0,0,0
9832,1,127,2,2,4,0,0,0,0,0,0,0,0,0,0,0
9834,1,153,16,10,36,2,0,4,0,2,1,1,0,0,0,0
9835,1,64,2,2,6,0,0,0,0,0,0,0,0,0,0,0
9836,1,240,8,1,8,0,0,0,0,0,0,0,0,0,0,0
9839,0,303,12,1,12,0,0,0,0,0,0,0,0,0,0,1
9850,1,226,12,10,44,1,1,3,1,0,1,2,1,0,1,0
9856,0,227,16,1,16,0,0,0,0,0,1,0,0,0,0,0
9883,1,243,26,9,56,1,2,2,1,0,0,3,0,0,0,0
9888,1,108,2,2,4,0,0,0,0,0,0,0,0,0,0,0
9894,0,224,12,2,16,1,0,0,0,0,0,0,0,0,0,0
9899,1,234,14,1,14,0,0,0,0,0,1,0,0,0,0,0
9923,1,269,24,1,24,1,0,0,0,0,0,0,0,0,0,0
9925,1,76,14,1,14,0,0,0,1,0,0,0,0,0,0,0
9933,1,309,34,2,40,0,1,0,1,0,0,0,0,0,0,0
9934,1,88,10,1,10,0,0,0,0,0,0,0,0,0,0,0
9953,0,142,16,8,34,2,0,4,1,0,1,0,1,0,0,0
9961,1,316,10,2,14,0,0,1,0,0,0,0,0,0,0,0
9967,1,213,16,7,54,2,0,3,0,0,1,1,0,0,0,0
9969,1,76,6,2,12,0,0,0,0,0,0,0,0,0,0,0
9980,1,129,22,1,22,0,0,1,0,0,0,0,0,0,0,0
9985,1,331,14,8,30,2,0,2,2,2,0,0,1,1,0,0
9997,1,199,14,5,34,3,0,1,0,0,1,0,0,0,0,0
10002,1,365,12,6,46,2,1,0,0,0,0,2,0,0,0,0
10012,1,80,18,2,24,1,0,1,0,0,0,0,0,0,0,0
10015,0,208,6,2,12,0,0,0,0,0,0,0,0,0,0,1
10016,1,46,14,2,20,1,0,0,1,0,0,0,0,0,0,0
10037,1,200,4,2,10,0,0,0,0,0,0,0,0,0,0,0
10038,0,406,4,12,68,3,2,2,2,1,0,0,1,0,0,0
10045,0,311,2,9,24,1,1,2,0,1,0,0,0,0,0,1
10047,1,458,6,11,48,3,0,1,1,1,2,0,1,0,1,0
10056,0,312,14,2,20,1,0,0,0,0,0,0,0,0,0,1
10059,1,203,2,2,6,0,0,0,0,0,0,0,0,0,0,1
10064,1,79,30,2,34,0,0,1,0,0,0,1,0,0,0,0
10066,1,170,32,8,54,2,1,0,2,1,0,2,0,0,0,0
10093,1,461,10,11,66,3,0,2,2,0,1,1,0,0,0,0
10099,1,210,30,2,34,0,1,0,0,0,1,0,0,0,1,0
10115,1,247,12,2,18,1,0,0,0,0,0,0,0,0,0,0
10131,0,247,14,3,22,1,0,1,0,0,1,0,0,0,0,0
10165,1,312,12,1,12,0,0,0,0,0,0,0,0,0,0,0
10169,1,69,4,2,10,0,0,0,0,0,0,0,0,0,0,0
10182,0,223,12,11,72,1,1,2,2,1,2,1,0,0,0,0
10183,1,99,4,1,4,0,0,0,0,0,0,0,0,0,0,0
10190,1,138,8,8,38,2,0,2,1,0,0,0,0,0,0,0
10191,1,227,20,2,26,0,0,0,0,0,0,2,0,0,0,0
10206,1,415,10,12,68,3,0,2,1,1,2,2,0,0,0,0
10207,1,276,32,7,64,1,0,5,0,1,0,0,1,0,0,0
10212,1,39,12,1,12,0,0,0,0,0,0,0,0,0,0,0
10223,1,165,12,1,12,0,0,0,0,0,0,0,0,0,0,0
10226,1,424,12,12,68,4,0,2,0,2,0,3,1,1,0,0
10228,1,257,14,3,22,2,1,0,0,0,0,0,0,0,0,0
10232,1,325,16,2,18,0,0,0,0,0,1,1,0,0,0,0
10238,1,247,14,12,64,2,0,2,1,1,0,5,1,0,0,0
10240,1,216,8,2,16,1,0,0,0,0,0,0,0,0,0,0
10248,0,193,12,1,12,0,0,0,0,0,0,0,0,0,0,0
10254,0,275,24,1,24,1,0,0,0,0,0,0,0,0,0,0
10278,1,184,4,1,4,0,0,0,0,0,0,0,0,0,0,0
10285,1,303,18,2,22,0,0,0,1,0,0,1,0,0,0,0
10286,1,80,10,2,18,1,0,0,0,0,0,0,0,0,0,0
10289,1,263,16,2,22,0,0,1,1,0,0,0,0,0,0,0
10291,1,73,16,2,24,0,0,0,1,0,0,1,0,0,0,0
10293,1,46,8,1,8,0,0,0,0,0,0,0,0,0,0,0
10295,1,263,10,3,24,0,0,0,0,1,0,0,0,0,0,0
10314,1,282,10,7,28,0,2,1,1,1,1,0,0,0,0,0
10330,0,17,4,1,4,0,0,0,0,0,0,0,0,0,0,0
10340,1,407,14,8,34,1,1,1,1,1,1,2,0,0,0,0
10351,1,192,18,6,38,1,0,3,1,0,0,1,0,0,0,0
10356,0,233,8,2,14,1,0,0,0,0,0,0,0,0,0,0
10365,1,359,12,12,78,2,1,2,1,2,1,2,1,1,1,0
10370,1,300,12,2,18,1,0,0,0,0,0,0,0,0,0,0
10372,1,154,16,8,36,3,2,0,0,1,2,0,0,0,0,0
10386,1,195,10,1,10,0,0,0,0,0,0,0,0,0,0,0
10392,1,187,6,11,38,2,0,3,2,0,0,1,1,0,0,1
10403,1,314,12,2,16,1,0,0,0,0,0,0,0,0,0,0
10414,1,268,12,2,16,1,0,0,0,0,0,0,0,0,0,0
10420,1,123,2,2,8,0,0,0,0,0,0,0,0,0,0,0
10444,1,156,16,2,18,0,0,1,0,1,0,0,0,0,0,0
10447,1,226,2,1,2,0,0,0,0,0,0,0,0,0,0,0
10449,1,299,12,6,28,1,0,2,1,0,1,0,1,0,1,0
10457,1,255,4,1,4,0,0,0,0,0,0,0,0,0,0,0
10459,0,323,16,6,44,0,1,1,0,2,2,0,0,0,0,0
10477,1,133,6,2,12,0,0,0,0,0,0,0,0,0,0,0
10521,0,206,16,4,36,0,0,1,0,1,1,1,0,0,0,0
10529,1,310,30,2,36,0,0,0,1,0,1,0,0,0,0,1
10530,1,27,20,1,20,0,0,0,0,0,0,1,0,0,0,0
10541,1,189,4,11,30,0,1,0,0,0,1,1,0,0,1,1
10552,1,364,2,9,42,1,1,0,2,0,0,0,0,0,0,0
10570,1,92,8,4,30,0,1,1,0,0,0,1,0,0,0,0
10571,0,136,2,2,8,0,0,0,0,0,0,0,0,0,0,1
10577,1,167,8,2,14,1,0,0,0,0,0,0,0,0,0,1
10583,1,159,10,2,14,0,0,0,0,1,0,0,0,0,0,1
10591,0,72,10,1,10,0,0,0,0,0,0,0,0,0,0,0
10592,1,41,2,1,2,0,0,0,0,0,0,0,0,0,0,0
10602,1,194,10,3,16,0,0,1,0,0,0,0,0,0,0,0
10607,0,82,14,2,16,1,0,0,0,0,0,0,0,0,0,0
10619,1,132,16,6,30,2,1,0,1,0,1,1,0,0,0,1
10653,1,152,16,1,16,0,0,0,0,0,0,1,0,0,0,0
10654,0,207,4,11,60,1,1,3,1,2,0,0,1,2,0,0
10656,1,313,16,12,62,2,3,0,1,2,1,3,0,0,0,0
10669,1,259,14,2,22,0,0,2,0,0,0,0,1,0,0,0
10689,1,127,2,3,12,0,0,0,0,0,0,0,0,0,0,0
10695,1,346,2,10,52,2,1,2,0,0,2,2,0,0,0,0
10696,1,220,2,2,6,0,0,0,0,0,0,0,0,0,0,0
10698,0,296,14,1,14,0,0,0,0,0,0,0,0,0,0,0
10700,0,116,14,2,20,1,0,1,0,0,0,0,1,0,0,0
10709,1,160,18,2,26,0,0,1,0,1,0,0,0,0,0,0
10728,1,332,8,7,42,3,0,1,0,0,1,1,1,0,1,0
10733,0,207,4,2,12,0,0,0,0,0,0,0,0,0,0,0
10740,1,51,36,1,36,0,0,0,1,0,0,0,0,0,0,0
10741,1,239,16,1,16,1,0,0,0,0,0,0,0,0,0,0
10744,1,72,8,1,8,0,0,0,0,0,0,0,0,0,0,0
10749,1,362,2,6,20,1,0,0,0,0,0,1,0,0,0,0
10779,1,108,14,1,14,0,0,1,0,0,0,0,0,0,0,0
10780,1,97,6,2,12,0,0,0,0,0,0,0,0,0,0,0
10783,0,86,2,1,2,0,0,0,0,0,0,0,0,0,0,0
10786,0,291,4,7,40,0,2,0,1,0,1,0,0,0,0,1
10800,1,262,28,10,80,3,0,2,3,0,1,1,1,0,1,0
10806,1,415,12,9,60,1,0,2,2,1,2,0,0,0,0,0
10811,1,177,14,1,14,0,0,1,0,0,0,0,0,0,0,0
10812,1,174,14,4,28,2,0,0,1,0,1,0,0,0,0,0
10820,1,81,12,2,20,1,0,0,0,0,0,0,0,0,0,0
10826,1,42,32,2,36,0,0,0,0,0,1,1,0,0,0,0
10829,0,318,4,7,44,0,1,2,1,1,1,0,1,1,1,0
10832,1,195,16,2,18,1,0,1,0,0,0,0,0,0,0,0
10835,1,235,2,10,52,2,2,2,0,0,0,2,0,0,0,1
10844,0,72,8,4,20,0,1,1,0,1,0,0,0,0,0,0
10845,1,291,14,1,14,1,0,0,0,0,0,0,0,0,0,0
10848,1,173,10,1,10,0,0,0,0,0,0,0,0,0,0,0
10850,1,193,34,11,82,5,0,3,0,0,2,1,1,0,2,0
10869,0,273,2,4,12,0,0,0,0,0,0,0,0,0,0,0
10877,1,220,34,2,42,1,0,0,0,1,0,0,0,0,0,0
10891,1,306,12,2,18,0,1,0,0,0,0,0,0,0,0,0
10899,1,136,10,3,26,1,0,1,0,0,0,0,0,0,0,0
10909,1,375,8,9,38,2,1,0,1,1,1,1,0,0,0,0
10915,1,52,8,2,10,0,0,0,0,0,0,0,0,0,0,0
10918,0,338,6,8,54,1,2,2,1,0,1,0,1,0,0,0
10919,0,310,16,2,18,0,0,1,0,0,0,1,0,0,0,0
10928,1,95,32,2,40,0,0,0,1,0,1,0,0,0,1,0
10934,1,203,2,2,4,0,0,0,0,0,0,0,0,0,0,0
10935,1,152,12,2,18,0,1,0,0,0,0,0,0,0,0,0
10936,1,178,8,2,12,0,0,0,0,0,0,0,0,0,0,0
10950,0,270,4,2,6,0,0,0,0,0,0,0,0,0,0,1
10952,1,202,4,12,72,1,1,0,1,2,2,0,0,0,0,1
10955,0,293,10,1,10,0,0,0,0,0,0,0,0,0,0,0
10956,1,207,24,2,30,1,1,0,0,0,0,0,0,0,0,0
10957,1,263,12,2,20,0,0,1,0,0,0,0,0,0,0,0
10960,0,67,10,1,10,0,0,0,0,0,0,0,0,0,0,0
10963,1,295,10,1,10,0,0,0,0,0,0,0,0,0,0,0
10964,1,175,14,11,68,2,3,3,2,1,0,0,0,0,0,0
10978,1,294,10,3,22,0,0,1,1,0,0,0,0,0,0,0
10999,1,268,8,1,8,0,0,0,0,0,0,0,0,0,0,0
11007,1,39,30,1,30,0,0,1,0,0,0,0,0,0,0,0
11009,1,94,10,1,10,0,0,0,0,0,0,0,0,0,0,0
11010,0,216,2,9,46,2,1,2,0,2,0,1,1,1,0,0
11012,0,97,20,1,20,0,0,1,0,0,0,0,0,0,0,0
11045,1,24,14,1,14,0,0,1,0,0,0,0,0,0,0,0
11050,0,334,2,7,26,0,0,3,1,0,0,0,1,0,0,0
11055,1,329,2,2,6,0,0,0,0,0,0,0,0,0,0,0
11061,0,313,12,2,20,0,0,1,0,0,0,0,0,0,0,0
11064,1,240,16,1,16,1,0,0,0,0,0,0,0,0,0,0
11065,1,432,16,9,38,0,2,5,1,0,0,1,0,0,0,0
11076,0,54,16,1,16,0,0,0,0,0,1,0,0,0,0,0
11088,1,116,12,1,12,0,0,0,0,0,0,0,0,0,0,0
11097,1,305,30,1,30,0,0,0,0,1,0,0,0,0,0,0
11111,1,134,12,1,12,0,0,0,0,0,0,0,0,0,0,0
11113,1,101,16,2,22,0,0,1,0,1,0,0,0,0,0,0
11118,1,318,6,2,14,1,0,0,0,0,0,0,0,0,0,0
11124,1,347,20,9,60,1,2,2,1,2,1,0,0,0,0,0
11131,1,55,12,1,12,0,0,0,0,0,0,0,0,0,0,0
11133,1,71,2,2,4,0,0,0,0,0,0,0,0,0,0,0
11138,1,292,12,1,12,0,0,0,0,0,0,0,0,0,0,0
11150,1,37,28,2,32,0,0,0,0,1,1,0,0,0,0,0
11179,1,133,16,4,36,1,0,1,1,0,0,1,0,0,0,0
11186,1,152,4,1,4,0,0,0,0,0,0,0,0,0,0,0
11203,1,112,4,1,4,0,0,0,0,0,0,0,0,0,0,0
11216,1,179,16,3,34,0,1,2,0,0,0,0,0,0,0,0
11220,0,23,14,1,14,0,0,0,0,1,0,0,0,0,0,0
11234,0,337,10,10,66,3,1,2,0,0,1,2,0,0,0,0
11249,1,109,2,1,2,0,0,0,0,0,0,0,0,0,0,1
11274,1,21,14,1,14,0,0,1,0,0,0,0,0,0,0,0
11289,0,160,6,5,22,0,0,1,1,0,0,0,0,0,0,0
11294,1,116,20,5,46,0,1,2,0,1,1,0,1,0,0,0
11295,1,135,8,4,22,0,0,2,0,0,1,0,0,0,0,0
11311,1,182,10,4,34,1,0,0,2,0,0,0,0,0,0,0
11314,1,298,10,1,10,0,0,0,0,0,0,0,0,0,0,0
11315,0,316,26,8,72,1,1,1,1,1,2,1,0,0,0,1
11342,0,142,14,3,26,1,1,1,0,0,0,0,0,0,0,0
11343,1,121,8,1,8,0,0,0,0,0,0,0,0,0,0,0
11363,0,118,8,2,16,0,0,1,0,0,0,0,0,0,0,0
11370,1,293,8,2,12,0,0,0,0,0,0,0,0,0,0,0
11393,1,166,8,11,56,1,3,1,0,2,0,1,0,0,0,0
11396,1,269,10,5,32,2,0,1,0,0,0,0,0,0,0,0
11401,1,258,6,2,10,0,0,0,0,0,0,0,0,0,0,0
11406,0,397,10,9,50,0,1,2,0,0,3,2,0,0,0,1
11434,1,199,14,2,18,0,0,0,1,0,1,0,0,0,0,0
11439,0,56,14,1,14,0,0,0,0,0,0,0,0,0,0,0
11455,1,234,2,1,2,0,0,0,0,0,0,0,0,0,0,0
11456,1,185,14,8,54,2,1,1,3,0,0,1,1,0,0,0
11457,1,46,10,2,14,1,0,0,0,0,0,0,0,0,0,0
11461,1,41,2,2,10,0,0,0,0,0,0,0,0,0,0,0
11484,1,34,14,1,14,0,0,0,0,1,0,0,0,0,0,0
11486,1,193,14,2,18,1,1,0,0,0,0,0,0,0,0,0
11487,1,156,12,1,12,0,0,0,0,0,0,0,0,0,0,0
11491,1,216,16,2,18,1,0,0,0,0,0,1,0,0,0,0
11495,1,240,10,1,10,0,0,0,0,0,0,0,0,0,0,0
11499,1,107,22,1,22,0,0,0,0,0,0,1,0,0,0,0
11504,1,232,26,1,26,0,0,1,0,0,0,0,0,0,0,0
11520,1,199,22,5,50,0,1,2,0,0,1,1,0,0,0,0
11536,0,395,10,11,36,4,2,1,0,0,0,1,1,0,0,0
11548,0,201,22,2,28,2,0,0,0,0,0,0,0,0,0,0
11550,0,319,22,11,50,2,1,1,4,1,1,1,0,0,0,0
11551,1,81,4,2,10,0,0,0,0,0,0,0,0,0,0,1
11554,0,79,26,1,26,0,0,0,0,0,0,1,0,0,0,0
11558,1,281,2,2,8,0,0,0,0,0,0,0,0,0,0,0
11572,1,222,8,1,8,0,0,0,0,0,0,0,0,0,0,0
11584,1,73,14,1,14,0,0,1,0,0,0,0,0,0,0,0
11586,0,206,14,11,64,2,1,3,2,1,1,1,2,0,0,0
11588,1,215,12,1,12,0,0,0,0,0,0,0,0,0,0,0
11592,1,140,10,2,14,0,1,0,0,0,0,0,0,0,0,0
11608,0,182,12,2,18,0,0,1,0,0,0,0,0,0,0,0
11610,1,196,16,4,32,1,2,1,0,0,0,0,0,0,0,0
11617,1,99,14,4,32,2,0,1,1,0,0,0,0,0,0,0
11620,1,115,4,2,6,0,0,0,0,0,0,0,0,0,0,0
11622,1,83,16,1,16,0,0,1,0,0,0,0,0,0,0,0
11627,1,287,6,3,22,0,1,0,0,0,0,1,0,0,0,0
11635,1,156,14,6,32,2,0,1,1,2,0,0,0,0,0,0
11652,1,25,30,1,30,0,0,0,0,0,0,1,0,0,0,0
11654,1,60,2,2,10,0,0,0,0,0,0,0,0,0,0,0
11655,1,77,4,1,4,0,0,0,0,0,0,0,0,0,0,0
11682,1,275,14,3,20,1,0,2,0,0,0,0,1,0,0,0
11685,0,314,28,7,62,0,1,4,0,1,1,0,0,0,0,0
11697,1,289,12,12,60,1,2,3,1,2,1,1,0,0,0,0
11702,1,256,10,9,32,0,1,2,3,0,0,0,0,0,0,0
11712,1,140,6,1,6,0,0,0,0,0,0,0,0,0,0,0
11720,1,267,16,2,20,1,0,0,0,0,1,0,0,0,0,0
11726,0,265,2,2,10,0,0,0,0,0,0,0,0,0,0,0
11727,1,100,16,2,20,1,0,0,1,0,0,0,0,0,0,0
11730,0,125,14,2,16,0,0,0,0,0,0,1,0,0,0,0
11734,1,326,4,2,6,0,0,0,0,0,0,0,0,0,0,0
11740,1,197,6,1,6,0,0,0,0,0,0,0,0,0,0,0
11741,0,243,14,11,78,3,1,5,0,0,2,0,1,0,1,0
11750,1,343,10,11,58,3,2,2,0,1,0,2,0,0,0,0
11753,1,152,14,6,36,2,0,0,2,0,0,2,0,0,0,0
11788,1,235,18,8,50,1,0,4,1,0,1,1,1,0,0,0
11797,1,302,8,1,8,0,0,0,0,0,0,0,0,0,0,0
11811,0,281,16,11,40,0,1,2,3,2,2,1,0,0,0,0
11813,1,153,12,2,18,0,0,0,1,0,0,0,0,0,0,0
11815,1,178,10,2,14,1,0,0,0,0,0,0,0,0,0,0
11817,1,219,8,1,8,0,0,0,0,0,0,0,0,0,0,0
11826,0,39,4,1,4,0,0,0,0,0,0,0,0,0,0,0
11858,1,335,10,12,72,2,1,1,2,1,2,2,0,0,0,1
11865,1,370,14,12,68,2,1,3,2,0,1,2,0,0,0,0
11867,1,292,36,2,40,0,0,0,0,2,0,0,0,1,0,0
11870,0,267,8,10,60,2,0,1,1,1,1,1,0,1,0,1
11877,1,80,34,1,34,0,0,0,0,0,0,1,0,0,0,0
11878,0,246,10,6,22,1,1,1,1,1,0,0,1,1,0,0
11886,0,98,10,1,10,0,0,0,0,0,0,0,0,0,0,1
11888,1,65,14,1,14,1,0,0,0,0,0,0,0,0,0,0
11889,1,366,10,9,36,0,1,4,0,1,0,1,0,0,0,0
11896,1,429,14,11,74,2,1,3,2,1,1,1,0,0,0,0
11901,1,161,4,1,4,0,0,0,0,0,0,0,0,0,0,0
11923,1,121,16,6,36,0,2,2,2,0,0,0,1,0,0,0
11937,1,140,6,1,6,0,0,0,0,0,0,0,0,0,0,0
11941,0,257,22,1,22,0,0,0,1,0,0,0,0,0,0,0
11943,1,274,16,2,24,0,0,1,0,0,1,0,0,0,0,0
11960,1,43,2,2,4,0,0,0,0,0,0,0,0,0,0,1
11965,1,62,8,2,12,0,0,0,0,0,0,0,0,0,0,0
11967,0,165,14,2,16,1,0,0,1,0,0,0,0,0,0,0
11978,1,36,16,2,20,0,0,1,0,0,1,0,0,0,0,0
11980,1,319,10,10,70,1,1,0,2,1,1,3,0,0,0,0
11994,0,293,12,2,14,1,0,0,0,0,0,0,0,0,0,0
11996,1,163,28,2,32,1,0,0,0,0,1,0,0,0,0,0
12000,0,270,4,1,4,0,0,0,0,0,0,0,0,0,0,0
12006,1,132,34,5,62,2,0,3,0,0,0,0,0,0,0,0
12008,1,131,12,5,38,1,0,2,0,0,1,0,0,0,0,0
12011,1,274,20,7,52,3,0,1,2,1,0,0,0,0,0,0
12014,0,263,10,1,10,0,0,0,0,0,0,0,0,0,0,0
12018,1,204,14,12,60,4,1,3,1,0,1,2,2,0,0,0
12020,1,218,2,11,26,2,1,1,1,0,0,0,0,0,0,0
12026,0,102,16,1,16,0,0,1,0,0,0,0,0,0,0,0
12036,0,71,4,2,10,0,0,0,0,0,0,0,0,0,0,0
12042,1,152,16,2,22,1,0,1,0,0,0,0,0,0,0,0
12064,1,183,8,2,14,0,0,0,1,0,0,0,0,0,0,0
12065,1,88,16,2,22,0,0,0,0,0,1,1,0,0,0,0
12088,1,145,4,2,8,0,0,0,0,0,0,0,0,0,0,0
12092,0,59,14,2,22,1,0,0,1,0,0,0,0,0,0,0
12098,1,200,30,4,44,1,1,1,0,0,0,1,1,0,0,0
12106,1,199,12,1,12,0,0,0,0,0,0,0,0,0,0,0
12108,1,126,4,5,28,3,0,1,0,0,0,0,0,0,0,0
12121,1,232,30,1,30,0,0,0,0,0,1,0,0,0,0,0
12142,0,415,16,10,70,3,1,1,1,1,0,3,0,0,0,0
12149,0,267,10,9,34,2,0,2,1,1,0,2,0,0,0,1
12161,0,124,2,1,2,0,0,0,0,0,0,0,0,0,0,0
12166,1,254,12,3,26,0,1,1,0,0,0,0,0,0,0,0
12183,0,131,14,7,28,3,1,2,0,1,0,0,1,0,0,0
12184,0,324,14,2,22,0,0,1,0,0,1,0,0,0,0,0
12190,0,128,14,2,20,0,0,0,0,1,0,0,0,0,0,0
12192,1,300,4,8,44,1,3,0,0,1,1,0,0,1,1,1
12202,1,250,34,12,68,1,1,1,1,2,1,5,0,0,0,0
12205,0,215,10,1,10,0,0,0,0,0,0,0,0,0,0,0
12232,1,128,10,6,24,0,0,1,1,1,0,1,0,0,0,0
12244,0,403,10,9,46,1,1,2,1,0,2,1,0,0,0,1
12258,1,171,16,2,18,1,0,0,0,1,0,0,0,0,0,0
12262,0,214,2,2,8,0,0,0,0,0,0,0,0,0,0,0
12267,1,304,10,1,10,0,0,0,0,0,0,0,0,0,0,0
12271,0,160,4,3,10,0,0,0,0,0,0,0,0,0,0,0
12272,1,298,8,1,8,0,0,0,0,0,0,0,0,0,0,0
12298,1,224,10,6,36,2,0,1,1,0,1,0,0,0,0,0
12309,0,444,2,12,60,2,1,3,1,1,2,0,1,0,0,0
12320,1,65,14,1,14,0,0,0,0,0,0,0,0,0,0,0
12321,0,124,12,2,14,0,0,0,1,0,0,0,0,0,0,0
12338,1,280,14,2,22,1,0,1,0,0,0,0,0,0,0,0
12344,0,296,10,6,44,1,0,2,1,1,0,0,1,0,0,0
12348,0,192,8,2,16,0,0,1,0,0,0,0,0,0,0,1
12359,0,279,12,1,12,0,0,0,0,0,0,0,0,0,0,0
12361,1,192,14,1,14,0,0,0,0,0,1,0,0,0,0,1
12365,1,236,14,1,14,0,1,0,0,0,0,0,0,0,0,0
12366,1,270,16,4,36,2,1,1,0,0,0,0,0,0,0,0
12384,0,252,14,2,16,1,0,1,0,0,0,0,0,0,0,0
12388,0,225,30,1,30,1,0,0,0,0,0,0,0,0,0,0
12394,1,147,14,1,14,0,0,0,0,0,1,0,0,0,0,1
12400,1,387,30,12,80,2,1,3,2,1,1,2,0,0,0,0
12407,0,188,28,2,30,0,1,1,0,0,0,0,0,0,0,0
12424,1,23,10,1,10,0,0,0,0,0,0,0,0,0,0,0
12427,1,43,16,2,22,1,0,0,0,1,0,0,0,0,0,0
12428,0,194,10,6,22,0,0,1,0,2,0,0,1,1,0,1
12450,1,29,16,1,16,0,0,1,0,0,0,0,0,0,0,0
12452,0,285,16,2,22,0,0,0,0,0,0,2,0,0,0,0
12457,1,311,18,1,18,0,0,1,0,0,1,0,0,0,0,0
12478,1,269,10,1,10,0,0,0,0,0,0,2,0,0,0,0
12481,1,103,18,4,34,1,1,2,0,0,0,0,0,0,0,0
12503,1,230,20,2,24,0,0,0,0,0,0,1,1,0,0,0
12510,0,176,6,2,8,0,0,0,0,0,0,0,0,0,0,0
12529,1,125,6,5,20,0,0,0,1,0,0,0,0,0,0,0
12534,0,255,10,2,16,0,0,0,0,0,0,0,0,0,0,0
12547,0,67,8,1,8,0,0,0,0,0,0,0,0,0,0,0
12555,0,161,10,7,34,0,1,0,1,1,0,2,0,0,0,0
12559,1,356,12,9,62,1,1,2,1,0,1,0,0,0,0,0
12560,0,297,12,1,12,0,0,0,0,0,0,1,0,0,0,0
12562,1,177,2,1,2,0,0,0,0,0,0,0,0,0,0,0
12565,0,286,4,1,4,0,0,0,0,0,0,0,0,0,0,0
12568,1,214,22,8,56,3,0,2,0,1,0,0,0,0,0,0
12573,1,376,10,7,40,0,1,1,2,0,0,2,0,0,1,0
12581,1,192,12,1,12,0,0,0,0,0,0,0,0,0,0,0
12582,1,102,16,1,16,0,0,0,1,0,0,0,0,0,0,0
12583,1,201,14,2,20,1,0,0,0,1,1,2,0,0,0,0
12599,0,210,12,4,34,1,0,0,1,1,1,0,0,0,0,0
12603,1,291,4,2,10,0,0,0,0,0,0,1,0,0,0,0
12613,1,75,10,4,18,0,0,0,0,0,0,0,1,0,0,0
12621,1,285,10,2,14,0,1,0,0,0,1,0,1,0,0,0
12643,1,201,6,10,38,2,2,1,1,0,0,2,0,0,0,1
12646,1,105,16,2,22,1,0,0,1,0,0,0,1,0,0,0
12647,0,266,2,12,46,2,0,2,1,2,0,1,2,0,0,1
12653,1,323,10,7,46,1,1,1,1,1,0,1,0,0,0,1
12659,0,258,6,2,10,0,0,0,0,0,0,0,0,0,0,0
12660,0,208,6,11,50,3,2,0,1,1,0,0,0,0,1,0
12671,0,351,30,8,60,4,2,1,0,0,0,0,0,0,1,0
12676,1,368,12,11,62,3,0,3,1,1,0,2,0,0,0,0
12687,0,362,12,9,36,1,0,2,1,0,0,1,0,0,1,0
12689,0,310,6,11,68,2,0,3,2,0,0,0,0,0,0,1
12703,1,229,18,9,38,0,1,3,1,0,0,1,0,0,0,0
12707,0,83,14,2,20,0,0,1,1,0,0,0,2,0,0,0
12717,0,218,14,1,14,0,0,0,0,0,2,0,2,0,0,0
12723,1,66,14,2,22,2,0,0,0,0,1,0,2,0,0,1
12726,0,101,10,2,14,1,0,0,0,0,2,0,0,0,0,1
12730,1,193,8,5,36,0,0,1,0,1,1,0,0,0,1,0
12736,0,393,36,12,64,1,3,2,3,0,2,1,0,0,0,1
12748,1,176,30,9,68,0,2,1,5,0,0,0,0,0,0,0
12756,1,317,2,2,4,0,0,0,0,0,0,0,0,0,0,0
12765,1,341,12,11,50,4,1,3,1,1,0,2,0,0,1,0
12770,1,359,2,11,66,4,1,3,1,0,0,1,0,0,0,0
12779,1,302,10,2,12,0,0,0,0,0,0,0,0,0,0,0
12782,1,281,16,6,40,1,1,2,0,1,0,2,0,0,0,1
12795,0,54,16,2,18,0,0,1,0,1,0,0,0,0,0,0
12800,0,335,20,8,56,1,1,3,1,0,0,1,1,0,0,1
12821,1,243,16,2,24,0,0,0,1,1,0,0,0,0,0,0
12822,0,202,8,2,12,0,0,0,0,0,0,0,0,0,0,0
12826,1,225,22,9,70,1,1,3,1,1,0,1,0,0,0,0
12843,1,269,24,1,24,1,0,0,0,0,0,2,0,0,0,0
12859,1,124,10,2,12,0,0,0,0,0,0,0,1,0,0,0
12860,1,267,10,11,40,1,1,3,2,1,0,0,1,0,0,0
12875,1,310,2,1,2,0,0,0,0,0,0,0,0,0,0,0
12881,1,301,12,1,12,0,0,0,0,0,0,0,0,0,0,0
12896,0,184,10,1,10,0,0,0,0,0,0,0,0,0,0,0
12902,1,224,14,7,38,1,0,1,1,1,1,0,0,0,0,0
12904,1,326,14,8,38,1,3,1,0,1,0,0,0,0,0,0
12910,1,154,16,6,44,0,0,1,1,0,0,0,0,0,2,0
12915,1,202,4,1,4,0,0,0,0,0,0,0,0,0,0,0
12923,0,118,8,2,14,1,0,0,0,0,0,0,0,0,0,0
12938,1,311,10,2,16,0,0,0,1,0,0,0,0,0,0,0
12952,0,167,2,1,2,0,0,0,0,0,0,0,0,0,0,0
12956,1,323,12,7,26,2,1,1,0,0,0,1,0,0,0,1
12957,1,123,12,8,52,0,0,2,1,1,0,0,0,0,0,0
12978,0,293,14,2,18,0,0,1,1,0,0,0,0,0,0,0
12982,1,312,10,2,16,1,0,0,0,0,0,0,0,0,0,0
12984,0,178,28,10,84,2,0,3,1,0,0,1,0,0,0,1
12992,1,238,10,1,10,0,0,0,0,0,0,2,1,0,0,1
12995,1,21,2,1,2,0,0,0,0,0,3,0,0,0,0,0
13002,1,222,12,3,24,0,0,1,0,0,0,1,0,0,0,0
13004,0,332,28,5,44,2,0,0,1,1,0,1,0,0,2,0
13011,1,330,16,3,22,0,0,1,0,1,0,0,0,0,0,0
13015,1,209,16,1,16,1,0,0,0,0,0,0,1,0,0,0
13031,0,158,12,1,12,0,0,0,0,0,1,0,0,0,0,0
13032,1,346,32,10,58,2,1,1,1,3,0,1,0,0,0,0
13039,0,166,14,2,16,0,1,0,0,0,0,0,0,0,0,0
13090,1,108,6,5,34,0,2,0,0,1,0,0,0,0,0,0
13094,0,293,22,2,28,2,0,0,0,0,0,0,0,0,0,0
13095,1,422,34,12,90,2,1,6,0,1,0,1,0,0,0,0
13104,0,292,16,5,38,2,0,1,0,0,2,0,1,0,0,0
13113,1,155,20,5,36,1,1,1,1,0,0,1,1,0,1,1
13115,1,126,26,1,26,1,0,0,0,0,1,0,0,0,0,1
13126,1,395,6,12,74,1,1,4,0,1,0,0,0,0,0,0
13130,0,52,20,3,36,1,0,0,1,0,2,0,1,0,1,0
13137,1,129,2,8,46,1,0,1,1,0,0,0,0,0,0,0
13138,1,290,8,2,16,0,0,0,0,1,0,0,0,0,0,0
13157,1,167,8,1,8,0,0,0,0,0,0,0,0,0,0,0
13172,1,34,28,1,28,0,1,0,0,0,0,0,0,0,0,0
13173,1,45,24,1,24,0,0,0,1,0,1,0,0,0,0,0
13191,1,212,8,7,36,1,0,3,0,1,1,1,0,0,1,0
13195,1,232,22,3,34,0,0,3,0,0,1,1,0,0,0,0
13212,1,305,18,3,24,1,0,1,0,0,1,0,0,0,0,0
13215,0,286,10,2,18,0,0,1,0,0,0,0,0,0,0,0
13222,1,328,10,10,58,3,2,2,2,0,0,0,0,0,0,0
13232,1,26,12,1,12,0,0,0,0,0,0,0,2,0,0,0
13233,1,246,2,2,10,0,0,0,0,0,0,0,0,0,0,0
13239,0,116,12,2,18,1,0,0,0,0,0,0,2,0,0,0
13244,0,254,18,1,18,0,0,0,0,0,0,0,0,0,0,0
13262,1,293,16,5,38,0,0,2,1,0,0,0,1,1,0,0
13278,1,230,4,2,12,0,0,0,0,0,0,1,0,0,0,0
13284,1,24,14,1,14,0,0,0,0,0,0,0,0,0,0,0
13292,1,222,28,7,60,2,1,1,1,1,0,1,0,0,0,0
13293,0,374,22,10,80,2,2,2,2,0,0,1,0,0,0,0
13294,0,94,10,1,10,0,0,0,0,0,0,0,0,0,0,0
13295,1,335,34,12,80,4,1,3,2,0,0,1,0,0,0,0
13306,0,147,36,2,42,0,0,1,0,0,0,0,0,0,0,0
13309,1,136,12,5,30,0,0,2,1,0,0,0,0,1,0,0
13323,0,149,10,4,26,0,2,0,0,0,2,1,0,0,0,0
13327,0,161,6,2,10,0,0,0,0,0,2,2,0,0,0,0
13338,1,70,14,1,14,0,0,1,0,0,0,0,0,0,0,0
13341,0,224,2,12,62,1,0,3,1,3,0,2,0,1,0,0
13342,1,373,6,10,54,1,1,2,3,1,0,1,0,0,1,1
13353,1,165,18,11,56,2,1,4,1,1,0,0,0,0,0,0
13355,1,87,8,4,18,0,0,0,1,1,0,0,0,0,0,0
13360,1,277,2,8,34,0,2,1,0,0,0,0,0,0,0,0
13369,1,285,16,5,40,1,2,0,0,1,0,0,0,1,0,1
13378,1,251,4,2,12,0,0,0,0,0,0,0,0,0,0,0
13397,0,100,16,1,16,1,0,0,0,0,0,0,0,0,0,0
13398,0,82,16,2,24,0,0,0,1,0,0,0,0,0,0,0
13416,1,330,12,11,56,4,1,3,1,0,0,0,0,0,0,0
13426,0,86,8,1,8,0,0,0,0,0,0,0,0,0,0,0
13428,0,110,8,2,14,0,0,1,0,0,0,0,0,0,0,1
13466,0,212,4,11,58,4,0,1,0,0,0,1,0,0,0,0
13469,1,175,12,2,16,0,0,0,0,1,0,0,0,0,0,0
13482,0,306,12,3,30,0,0,0,0,1,0,0,0,0,0,0
13485,1,141,16,2,24,0,0,0,1,0,0,0,0,0,0,0
13490,0,249,10,1,10,0,0,0,0,0,0,1,0,0,0,0
13515,1,184,12,10,60,1,1,2,2,0,0,0,0,0,0,0
13541,0,301,4,1,4,0,0,0,0,0,0,0,0,0,0,0
13543,1,282,10,1,10,0,0,0,0,0,0,0,0,0,0,0
13546,0,320,4,12,42,0,3,2,2,0,1,0,0,1,0,0
13547,1,226,8,7,34,2,1,1,0,0,1,0,1,0,0,0
13551,1,167,14,11,48,2,1,5,1,1,1,0,0,0,0,0
13567,0,400,36,11,60,5,0,3,0,2,0,0,0,0,0,0
13568,1,128,10,3,22,0,0,1,0,0,1,0,0,0,0,0
13570,1,106,6,1,6,0,0,0,0,0,1,0,0,0,0,0
13571,1,466,8,12,62,2,1,4,0,0,1,3,1,1,0,0
13573,0,288,12,12,58,2,2,2,0,2,0,0,0,1,0,0
13578,1,183,8,3,16,0,0,0,0,0,0,0,0,0,0,0
13586,0,253,12,7,32,0,0,2,0,1,0,0,0,0,0,0
13587,1,30,14,1,14,0,0,0,0,0,1,0,0,0,0,0
13602,1,177,8,10,32,1,0,1,1,1,0,0,0,0,0,0
13606,1,225,16,12,76,1,2,5,1,2,0,1,0,1,1,0
13611,0,264,10,6,36,0,0,0,0,2,0,0,0,0,1,0
13644,1,192,8,1,8,0,0,0,0,0,0,0,0,0,0,0
13662,1,406,10,10,46,2,0,4,2,0,0,2,0,0,1,0
13666,1,47,14,1,14,0,0,0,0,0,0,0,0,0,0,0
13667,1,101,16,1,16,0,0,0,0,1,0,0,0,0,0,0
13684,1,122,30,1,30,0,0,0,0,0,0,0,0,0,0,0
13688,0,250,14,1,14,0,0,0,0,0,0,0,0,0,0,0
13690,0,311,12,2,16,1,0,0,0,0,0,0,1,0,0,0
13700,1,229,8,2,16,0,0,0,1,0,0,0,0,0,0,0
13704,0,20,26,1,26,0,0,0,0,1,0,0,0,0,0,0
13709,1,100,12,2,14,0,1,0,0,0,0,0,1,0,0,0
13712,0,198,20,9,64,1,1,5,0,1,0,0,0,0,0,0
13716,1,207,8,1,8,0,0,0,0,0,0,0,0,0,0,0
13718,1,255,2,1,2,0,0,0,0,0,0,0,0,0,0,0
13724,1,385,10,12,36,3,1,0,0,0,0,1,0,1,1,0
13728,0,115,12,3,22,0,0,0,0,0,0,0,1,0,0,1
13745,1,42,12,2,16,0,0,1,0,0,0,0,1,0,0,0
13752,0,62,18,2,22,1,0,1,0,0,1,0,1,0,0,0
13755,1,200,12,2,18,0,1,0,0,0,1,1,1,0,0,0
13775,1,294,22,3,38,0,1,0,1,1,1,0,0,0,0,0
13776,1,158,12,2,20,0,1,0,0,0,0,2,1,0,0,0
13777,1,292,24,2,26,1,0,0,0,1,0,0,0,0,0,0
13778,1,269,2,1,2,0,0,0,0,0,0,2,0,0,0,0
13779,0,296,12,1,12,0,0,0,0,0,0,0,1,0,0,0
13780,1,108,8,2,14,0,1,0,0,0,1,0,0,0,0,0
13793,1,226,14,2,22,2,0,0,0,0,0,0,0,0,0,0
13805,1,146,14,6,28,0,0,2,0,1,0,0,0,0,0,0
13823,1,37,6,2,10,0,0,0,0,0,0,0,0,0,0,0
13828,1,278,4,2,12,0,0,0,0,0,0,1,0,0,0,0
13829,1,218,6,1,6,0,0,0,0,0,0,0,0,0,0,0
13842,0,37,10,1,10,0,0,0,0,0,4,0,0,0,0,0
13843,1,224,2,4,24,0,0,0,0,0,0,2,0,0,0,0
13844,0,94,10,5,38,0,0,1,0,2,1,0,0,1,0,0
13850,1,171,30,11,92,3,1,3,1,1,1,2,0,0,0,0
13855,0,244,8,2,14,0,0,0,1,0,0,0,0,0,0,0
13870,1,206,6,2,8,0,0,0,0,0,0,2,0,0,0,0
13878,1,71,8,1,8,0,0,0,0,0,1,0,0,0,0,0
13888,1,223,32,2,36,1,0,0,0,0,0,1,0,0,0,0
13895,0,131,10,6,38,0,0,0,1,1,0,0,0,0,0,0
13896,1,158,14,1,14,0,0,1,0,0,0,2,0,0,0,0
13898,1,167,4,7,26,2,1,1,1,0,1,0,0,0,0,0
13902,1,330,8,7,32,1,2,1,0,0,0,0,1,0,0,0
13906,1,212,6,5,36,0,0,2,1,0,1,1,0,1,0,0
13922,1,97,14,2,16,0,0,0,0,0,1,1,1,0,0,0
13932,1,125,12,8,36,1,0,1,0,1,0,0,0,0,0,1
13936,1,317,4,10,48,1,0,2,3,0,0,0,0,0,0,1
13949,1,209,12,2,18,0,1,0,0,0,0,0,0,0,0,1
13952,1,310,22,11,86,7,0,1,0,0,0,0,0,0,0,0
13966,1,185,30,1,30,0,0,1,0,0,0,0,0,0,0,1
13980,1,259,8,2,12,0,0,0,0,0,0,1,0,0,0,0
13991,1,317,10,2,16,1,0,0,0,0,0,0,0,0,0,0
13996,1,42,10,1,10,0,0,0,0,0,0,0,0,0,0,0
14001,1,94,14,2,22,1,0,0,0,0,0,0,0,0,0,0
14010,1,233,32,1,32,0,0,0,0,0,0,0,0,0,0,0
14025,1,149,26,2,32,0,1,1,0,0,0,1,0,0,0,0
14033,1,134,30,2,38,1,0,0,0,0,0,0,0,0,0,0
14034,1,155,6,10,42,1,1,1,2,0,1,1,0,0,1,0
14036,1,262,8,2,14,1,0,0,0,0,0,3,0,0,0,0
14044,1,233,30,1,30,0,0,1,0,0,0,0,0,0,0,0
14050,1,151,2,7,22,0,0,1,0,0,0,0,0,0,0,0
14052,1,220,8,2,14,0,0,1,0,0,0,0,0,0,0,0
14063,0,256,12,2,18,1,0,0,0,0,0,0,0,0,0,0
14067,0,159,2,6,18,1,0,0,1,1,0,0,0,0,0,0
14083,0,227,18,2,26,0,0,0,0,1,0,0,1,0,0,0
14094,1,168,8,10,48,2,4,2,0,0,0,0,0,0,0,0
14101,1,130,2,2,4,0,0,0,0,0,0,0,0,0,0,0
14116,1,273,14,4,28,2,1,0,0,0,0,0,0,0,0,0
14141,0,207,10,5,22,0,2,0,0,0,0,0,0,0,0,1
14148,0,218,2,2,4,0,0,0,0,0,0,0,0,0,0,1
14161,0,202,2,2,6,0,0,0,0,0,0,0,0,0,0,0
14163,1,148,14,2,18,0,1,0,1,0,0,0,0,0,0,0
14179,1,275,32,4,40,1,0,1,1,0,0,0,0,0,0,0
14185,1,96,10,4,24,1,0,1,0,1,1,0,0,0,0,0
14193,1,95,6,1,6,0,0,0,0,0,1,0,0,0,0,0
14195,1,217,18,10,74,4,3,1,0,0,0,0,0,0,0,0
14199,1,281,14,1,14,0,0,0,1,0,0,0,0,0,0,0
14201,1,233,10,9,52,1,1,3,1,0,0,0,0,1,0,0
14202,1,320,12,11,40,2,0,2,0,1,0,0,0,0,0,0
14211,1,223,18,1,18,0,0,0,1,0,0,1,0,0,0,0
14213,0,342,16,5,36,3,0,1,0,1,0,0,0,0,0,0
14230,1,170,18,1,18,1,0,0,0,0,1,0,0,0,0,0
14236,0,110,10,1,10,0,0,0,0,0,0,0,0,0,0,0
14240,1,91,16,2,18,1,0,1,0,0,1,0,0,0,0,0
14247,0,314,2,2,10,0,0,0,0,0,0,1,0,0,0,0
14258,0,63,14,2,20,0,0,2,0,0,0,0,0,0,0,0
14259,0,253,2,2,10,0,0,0,0,0,0,0,0,0,0,0
14262,1,337,10,12,46,1,1,2,2,0,0,3,0,0,0,1
14272,1,161,6,1,6,0,0,0,0,0,0,2,0,0,0,0
14276,1,308,36,6,50,1,1,1,1,1,0,0,0,0,0,0
14287,1,257,8,8,26,0,1,0,2,0,0,0,0,0,0,0
14295,1,120,10,1,10,0,0,0,0,0,0,0,0,0,0,0
14297,1,269,26,8,52,0,1,2,2,1,0,2,0,0,0,0
14302,1,257,20,4,32,1,1,1,0,0,0,0,0,0,0,0
14304,1,293,12,8,30,0,1,4,0,0,0,0,1,0,0,0
14309,0,323,12,5,32,0,0,0,1,0,0,1,1,0,0,0
14324,0,423,10,10,66,1,0,3,2,0,0,1,0,0,0,0
14340,1,130,12,1,12,0,0,0,0,0,0,0,1,0,0,0
14349,1,185,30,1,30,0,1,0,0,0,0,0,1,0,0,0
14351,1,105,10,1,10,0,0,0,0,0,0,0,0,0,0,0
14352,1,277,12,6,44,2,0,1,1,0,0,0,0,0,0,0
14374,0,227,16,11,52,1,1,5,1,0,0,0,0,0,0,0
14380,1,282,4,1,4,0,0,0,0,0,0,0,0,0,0,0
14395,1,237,4,11,42,1,2,3,1,1,0,0,0,0,0,0
14396,1,211,10,12,62,1,0,1,0,1,0,0,0,0,0,0
14404,1,57,16,2,22,0,0,2,0,0,0,0,0,0,0,0
14405,1,183,12,9,64,1,2,1,2,1,0,0,0,1,2,0
14411,0,257,14,2,22,1,0,1,0,0,0,0,0,0,0,0
14415,1,123,12,7,26,0,1,1,2,0,0,0,0,0,0,0
14431,1,312,30,2,38,1,0,1,0,0,0,0,1,0,0,0
14432,0,258,16,2,24,1,0,1,0,0,0,0,0,0,0,0
14448,1,123,16,2,20,1,0,0,0,0,0,0,0,0,0,0
14454,1,92,30,1,30,0,0,0,0,0,0,2,1,0,0,0
14459,1,206,8,1,8,0,0,0,0,0,1,2,0,0,0,0
14467,1,328,12,10,36,3,2,1,0,1,0,0,0,0,0,0
14491,0,416,10,10,34,3,1,3,1,0,0,2,0,0,0,0
14495,0,346,28,11,88,3,0,3,1,2,0,1,0,0,1,0
14517,1,420,12,10,60,1,2,1,1,1,1,6,0,0,0,0
14520,1,276,8,1,8,0,0,0,0,0,1,0,0,0,0,0
14524,1,246,8,2,14,0,0,1,0,0,1,1,0,0,0,0
14531,1,278,34,3,44,0,0,1,0,0,0,1,0,0,0,0
14547,0,358,10,10,36,2,2,2,0,2,0,3,0,0,0,0
14557,1,186,10,2,16,1,0,0,0,0,2,1,0,0,0,0
14568,0,270,16,1,16,0,1,0,0,0,0,0,0,0,0,0
14571,1,140,24,3,30,1,0,1,0,0,0,0,0,0,0,0
14577,1,217,8,1,8,0,0,0,0,0,0,0,0,0,0,0
14578,1,338,10,12,54,2,1,5,3,0,0,0,0,0,0,0
14582,0,160,16,2,24,2,0,0,0,0,1,0,0,0,0,0
14590,1,45,30,2,34,0,0,2,0,0,1,0,0,0,0,0
14592,1,140,4,8,44,2,0,1,0,1,0,0,1,0,0,0
14597,1,284,32,9,68,1,0,1,3,0,2,0,2,1,0,0
14607,1,100,10,1,10,0,0,0,0,0,2,0,0,0,0,0
14618,1,356,8,6,44,1,1,0,0,0,0,0,0,0,0,0
14630,0,141,12,2,20,0,1,0,0,0,0,0,0,0,0,0
14631,1,81,2,5,16,0,0,1,0,0,0,0,0,0,0,0
14636,1,246,10,4,28,0,0,0,0,1,0,1,0,0,0,0
14652,1,183,8,6,42,1,0,2,0,0,0,0,0,0,0,0
14668,1,205,8,2,10,0,0,0,0,0,0,1,0,0,0,0
14680,0,264,28,1,28,0,0,0,0,1,0,0,0,0,0,0
14684,1,63,2,2,8,0,0,0,0,0,0,0,0,0,0,0
14696,1,312,8,7,30,0,0,3,1,1,0,0,0,0,0,0
14705,1,307,4,3,18,0,0,0,0,0,1,2,0,0,0,0
14728,0,256,32,2,40,0,0,1,0,0,0,0,2,0,0,0
14731,0,192,12,4,22,1,0,0,1,1,0,0,0,0,0,0
14734,1,250,4,3,12,0,0,0,0,0,0,0,0,0,0,0
14763,0,31,2,1,2,0,0,0,0,0,0,0,0,0,0,1
14780,1,173,16,2,20,0,0,0,1,0,0,0,0,0,0,1
14791,1,241,10,1,10,0,0,0,0,0,0,0,0,0,0,0
14792,1,185,8,2,14,1,0,0,0,0,0,0,0,0,0,0
14810,1,274,8,9,32,2,0,3,0,1,0,0,0,0,0,0
14815,0,74,12,2,18,1,0,0,0,0,2,0,0,0,0,0
14816,1,49,6,2,12,0,0,0,0,0,0,0,0,0,0,0
14823,1,239,4,10,32,2,0,3,2,1,0,0,0,0,0,0
14830,1,372,12,7,48,1,1,1,2,1,0,1,0,0,1,0
14835,0,120,16,1,16,0,0,0,0,0,2,0,0,0,0,0
14836,1,28,16,1,16,1,0,0,0,0,0,0,0,0,0,0
14837,1,135,18,2,22,0,0,1,0,0,0,0,0,0,0,0
14838,1,170,14,2,16,0,0,0,1,0,0,0,0,0,0,0
14845,1,235,8,1,8,0,0,0,0,0,0,1,0,0,0,0
14859,0,254,14,2,20,0,0,0,0,2,0,0,0,0,0,0
14864,0,281,16,2,22,0,0,0,0,0,0,0,0,0,0,0
14867,1,162,36,6,66,1,0,1,1,1,0,0,0,0,0,0
14869,0,371,14,5,38,4,1,0,0,0,0,4,0,0,0,0
14903,1,236,16,3,34,0,0,1,0,1,0,0,0,0,0,0
14919,1,203,28,12,62,1,1,3,2,0,0,2,0,0,0,0
14922,1,369,12,8,52,1,0,2,0,1,0,1,0,0,0,0
14929,0,193,22,2,24,0,1,0,0,1,1,0,0,0,0,0
14935,0,242,22,8,44,4,1,1,1,0,2,2,0,0,0,0
14938,1,126,10,1,10,0,0,0,0,0,0,0,0,0,0,0
14945,1,150,22,5,34,2,0,3,0,0,0,1,0,0,0,0
14948,0,308,26,2,34,1,0,0,0,0,0,0,0,0,0,1
14965,1,324,32,7,58,1,0,2,1,0,0,0,2,0,0,0
14967,0,24,12,1,12,0,0,0,0,0,0,0,0,0,0,0
14978,1,267,6,1,6,0,0,0,0,0,0,0,0,0,0,0
14981,1,75,16,1,16,1,0,0,0,0,0,0,0,0,0,0
14982,1,265,28,8,56,2,0,2,2,1,0,0,0,0,0,0
14983,1,49,28,1,28,0,0,1,0,0,0,0,0,0,0,1
14995,1,131,2,1,2,0,0,0,0,0,0,0,0,0,0,1
15001,0,324,16,10,44,2,2,2,1,1,0,0,0,0,0,0
15014,1,214,14,8,50,2,0,2,0,0,0,1,0,0,0,0
15024,1,311,20,2,24,0,0,1,0,0,0,1,0,0,0,0
15025,1,233,8,2,10,0,0,0,0,0,0,0,0,0,0,0
15044,1,325,16,2,20,0,0,1,0,0,0,0,0,0,0,0
15052,1,458,14,11,54,2,0,3,2,0,1,2,0,0,0,0
15059,1,250,16,1,16,1,0,0,0,0,0,0,0,0,0,0
15063,0,155,28,1,28,0,0,0,1,0,0,1,0,0,0,0
15072,1,174,14,7,34,2,0,2,1,0,0,1,0,0,0,0
15091,1,165,34,7,64,0,0,3,1,0,2,0,0,0,0,0
15115,1,263,24,9,42,2,1,2,0,0,0,1,0,0,1,0
15119,1,188,16,2,18,0,1,1,0,0,0,1,0,0,0,0
15123,1,185,6,2,8,0,0,0,0,0,0,0,0,0,0,0
15126,1,195,10,2,14,0,0,0,0,0,0,1,0,0,0,0
15127,0,187,32,11,88,2,1,2,2,1,0,0,2,2,1,0
15148,1,261,6,2,10,0,0,0,0,0,0,0,0,0,0,0
15150,1,156,14,8,50,2,0,4,0,1,1,1,0,0,0,0
15155,1,114,6,1,6,0,0,0,0,0,0,0,0,0,0,0
15158,1,322,30,2,36,1,0,0,0,0,1,0,0,0,0,0
15164,0,69,16,2,20,1,0,0,0,0,0,0,0,0,0,0
15170,0,61,10,1,10,0,0,0,0,0,0,0,0,0,0,0
15173,0,137,8,1,8,0,0,0,0,0,0,0,0,0,0,0
15184,1,262,10,2,12,0,0,0,0,0,0,0,0,0,0,0
15186,1,93,10,4,18,1,0,1,0,0,0,0,0,0,0,0
15195,1,156,12,2,20,0,1,0,0,0,0,1,2,0,0,0
15200,1,274,12,12,76,2,2,3,0,2,0,0,2,0,0,0
15204,1,326,26,5,48,0,0,0,1,1,0,0,1,0,0,0
15211,0,328,24,3,40,0,0,1,0,0,0,0,0,0,0,0
15218,1,190,34,7,48,2,0,5,0,0,0,1,0,0,0,0
15221,0,175,16,1,16,0,0,0,1,0,0,0,1,0,0,0
15227,1,155,6,2,8,0,0,0,0,0,0,0,0,0,0,0
15243,1,197,12,2,16,1,0,0,0,0,0,1,2,0,0,0
15273,1,122,14,2,20,0,0,1,1,0,0,0,0,0,0,0
15277,0,313,10,1,10,0,0,0,0,0,0,0,0,0,0,0
15293,1,90,6,2,12,0,0,0,0,0,1,0,0,0,0,1
15296,1,216,14,1,14,0,0,0,0,1,0,0,0,0,0,1
15307,0,112,8,2,16,0,0,1,0,0,0,0,0,0,0,0
15336,0,243,6,2,14,0,0,0,1,0,0,0,0,0,0,0
15337,1,174,10,2,12,0,0,0,0,0,0,1,0,0,0,0
15351,0,234,6,2,14,1,0,0,0,0,0,0,0,0,0,0
15355,0,174,4,7,32,0,2,1,0,2,1,1,0,0,0,0
15365,1,166,10,10,58,2,1,2,2,0,1,1,0,0,0,0
15376,1,185,20,4,38,0,1,1,1,0,0,0,0,0,0,0
15378,1,357,4,8,28,1,1,2,0,0,0,3,0,0,0,0
15391,0,118,10,2,16,1,0,0,0,0,0,0,0,0,0,0
15393,1,188,10,1,10,0,0,0,0,0,0,1,0,0,0,0
15395,1,157,16,1,16,1,0,0,0,0,0,0,0,0,0,0
15398,1,362,16,11,48,1,0,1,3,0,0,0,0,0,0,0
15416,1,219,10,2,14,0,0,1,0,0,0,0,0,0,0,0
15429,0,277,12,2,14,1,0,0,0,0,2,0,0,0,0,0
15432,0,190,26,2,28,0,0,0,1,0,2,1,1,0,0,0
15439,1,291,16,8,52,2,0,0,2,1,0,1,0,0,0,0
15468,1,155,2,10,24,0,0,1,0,0,0,0,0,0,0,0
15474,1,197,32,2,36,0,1,1,0,0,0,1,2,0,1,0
15482,1,102,8,2,10,0,0,0,0,0,0,0,0,0,0,0
15485,1,207,10,1,10,0,0,0,0,0,0,0,0,0,0,0
15490,1,380,22,6,54,2,0,1,1,0,0,0,0,0,0,0
15501,1,183,14,1,14,1,0,0,0,0,0,0,0,0,0,0
15514,0,302,30,7,52,1,0,1,2,0,1,0,0,0,0,0
15523,1,232,6,11,44,3,0,4,1,0,0,0,0,0,0,0
15535,0,301,14,11,46,3,0,2,3,2,0,0,0,0,0,0
15536,1,270,16,5,40,1,1,2,0,0,0,0,0,0,0,0
15544,1,152,2,1,2,0,0,0,0,0,0,1,0,0,0,1
15562,0,189,14,4,34,0,1,1,0,0,1,1,0,0,0,1
15563,1,242,10,2,14,0,0,1,0,0,0,2,0,0,0,0
15581,1,410,10,9,60,2,0,3,1,1,0,1,0,0,1,1
15582,0,261,16,2,22,1,0,0,0,0,1,0,0,0,0,0
15593,1,151,6,4,24,0,0,1,1,0,1,0,0,0,0,0
15625,1,36,6,2,12,0,0,0,0,0,1,0,0,0,0,0
15633,0,125,4,7,20,0,0,1,2,0,0,0,0,0,0,0
15640,1,163,6,2,14,0,0,1,0,0,0,0,0,0,0,0
15659,1,323,26,2,34,0,0,0,0,0,0,0,1,0,0,0
15687,0,101,14,1,14,1,0,0,0,0,0,0,0,0,0,0
15693,1,64,14,2,16,0,0,0,1,1,0,0,0,0,0,1
15694,1,169,12,11,36,3,0,2,2,1,0,0,0,0,0,0
15699,0,107,4,2,10,0,0,0,0,0,0,0,0,0,0,1
15700,1,155,4,9,44,1,1,1,1,0,1,0,0,0,0,0
15711,1,327,14,7,52,0,0,1,2,0,1,1,0,0,0,1
15723,1,183,12,2,16,1,0,0,0,0,0,0,0,0,0,0
15724,1,230,16,1,16,1,0,0,0,0,1,1,1,0,0,0
15725,0,450,16,11,42,2,2,3,3,1,0,1,1,0,1,0
15735,1,259,2,2,6,0,0,0,0,0,0,1,0,0,0,0
15749,1,226,22,3,32,1,1,0,1,0,0,0,0,0,0,0
15753,1,247,14,12,60,3,0,5,0,2,0,0,0,0,1,0
15754,1,76,8,2,10,0,0,0,0,0,0,0,0,0,0,0
15777,1,352,36,10,60,1,1,7,0,0,0,1,0,0,1,0
15787,0,309,18,2,20,1,0,0,1,0,0,0,0,0,0,0
15802,1,271,36,8,82,1,1,4,0,1,0,0,0,0,0,0
15803,1,285,28,1,28,0,0,0,0,0,0,0,0,0,0,0
15809,1,306,16,7,34,2,1,1,0,0,0,0,0,0,0,0
15812,0,286,4,2,12,0,0,0,0,0,0,0,0,0,0,0
15830,0,221,14,1,14,0,0,0,0,1,0,0,0,0,0,0
15847,0,380,12,10,70,4,0,2,2,0,0,0,0,0,0,0
15858,0,148,26,2,30,0,0,2,0,0,0,0,0,0,0,0
15860,1,211,8,2,14,0,0,1,0,0,0,0,0,0,0,0
15868,1,202,30,1,30,0,0,0,0,0,1,0,0,0,0,0
15874,1,277,6,3,14,0,1,0,0,0,0,0,0,0,0,0
15891,1,326,4,8,42,0,0,0,2,0,0,0,0,0,1,0
15894,0,273,6,12,60,2,0,4,1,2,0,0,0,0,1,0
15896,0,220,24,1,24,0,0,1,0,0,0,0,1,0,0,0
15899,1,232,12,3,24,0,2,0,0,0,0,0,0,0,0,0
15915,1,222,8,2,12,0,0,0,0,0,1,1,0,0,0,0
15917,1,109,6,1,6,0,0,0,0,0,0,0,0,0,0,0
15947,1,235,26,1,26,0,1,0,0,0,0,1,0,0,0,0
15950,1,146,6,6,32,0,0,1,0,0,0,0,0,0,0,0
15964,1,130,2,1,2,0,0,0,0,0,0,0,0,0,0,0
15967,1,132,4,1,4,0,0,0,0,0,0,1,0,0,0,0
15973,1,91,16,2,24,0,1,0,0,1,0,0,0,0,0,0
15974,0,152,26,2,30,1,0,1,0,0,1,0,0,0,0,0
15989,1,171,2,2,10,0,0,0,0,0,0,0,0,0,0,0
16001,1,92,16,2,22,1,0,0,0,0,0,0,0,0,0,0
16010,1,249,12,1,12,0,0,0,0,0,0,1,0,0,0,0
16015,1,163,10,5,20,2,0,0,0,1,0,0,0,0,0,0
16025,1,102,16,2,24,0,0,1,0,0,0,0,0,0,0,0
16032,1,198,14,2,16,0,0,0,1,1,0,0,0,0,0,0
16036,0,239,4,5,16,0,0,0,1,1,0,0,0,0,0,0
16044,1,134,10,1,10,0,0,0,0,0,0,0,0,0,0,0
16051,1,402,18,7,52,3,1,2,0,1,0,2,0,0,0,1
16052,1,242,32,3,46,1,0,2,0,0,0,2,0,0,0,0
16055,0,117,12,2,14,0,0,0,0,0,0,0,1,0,0,0
16072,1,285,16,2,24,0,1,0,0,1,0,0,0,0,0,0
16073,0,131,14,2,20,0,0,0,0,1,0,0,0,0,0,0
16074,1,343,8,12,68,3,1,2,1,1,0,2,0,0,0,1
16082,1,33,34,2,38,0,0,1,0,1,0,0,0,0,0,0
16087,1,164,14,1,14,0,1,0,0,0,2,0,0,0,0,1
16088,1,169,16,2,22,1,1,0,0,0,0,0,0,0,0,0
16094,1,316,16,4,28,0,0,2,0,0,0,1,0,0,0,1
16112,0,316,36,2,42,0,0,2,0,0,0,1,0,0,1,1
16121,0,287,10,1,10,0,0,0,0,0,0,0,0,0,0,0
16128,1,271,14,2,16,1,0,0,0,0,2,0,0,0,0,0
16142,1,243,20,1,20,1,0,0,0,0,2,0,0,0,0,0
16150,1,286,14,10,66,2,2,3,1,0,0,0,0,0,0,0
16161,1,233,8,2,14,1,0,0,0,0,0,0,0,0,0,0
16173,0,426,6,9,34,0,0,2,1,0,0,2,0,0,0,0
16181,1,215,10,1,10,0,0,0,0,0,2,0,0,0,0,0
16185,1,85,18,1,18,0,0,0,0,0,2,0,0,0,0,0
16190,1,197,16,3,28,1,0,0,0,1,0,1,0,0,0,1
16199,1,353,16,9,42,1,0,2,2,3,0,1,0,0,0,1
16215,1,152,14,10,34,4,0,1,0,2,0,0,0,0,0,0
16230,1,390,2,8,20,0,0,1,0,1,0,0,0,0,0,0
16234,1,239,16,2,22,0,2,0,0,0,0,0,0,0,0,0
16246,0,320,6,11,34,1,2,2,2,0,0,0,0,0,0,1
16261,0,159,18,1,18,0,0,1,0,0,0,0,0,0,0,0
16273,1,221,30,10,70,1,2,3,1,0,1,0,0,0,0,1
16303,1,157,14,5,32,2,0,1,0,0,0,0,0,0,0,0
16304,0,232,10,1,10,0,0,0,0,0,0,0,0,0,0,0
16308,1,341,26,8,72,2,1,0,2,0,0,2,0,0,0,0
16311,1,99,14,1,14,0,1,0,0,0,0,0,2,0,0,0
16322,1,183,28,2,30,0,0,0,2,0,0,0,0,0,1,0
16323,1,223,2,6,36,2,0,0,0,0,0,0,0,0,0,0
16346,0,326,14,6,44,0,0,0,0,2,0,1,2,0,0,0
16360,0,203,2,12,28,1,1,1,0,0,0,2,0,2,0,0
16362,0,361,10,12,64,3,1,3,2,1,0,0,0,2,0,0
16366,1,258,10,9,56,2,1,0,2,1,0,1,0,0,0,0
16373,0,176,8,3,14,0,0,0,1,0,0,0,0,0,0,0
16382,1,288,14,2,18,0,0,1,0,1,0,0,2,0,0,0
16383,0,184,14,2,16,1,0,0,1,0,0,2,2,0,0,0
16387,1,221,10,2,16,0,0,1,0,0,2,0,0,0,0,0
16390,1,165,12,10,66,2,0,2,2,0,0,0,0,0,0,0
16406,1,287,20,2,26,2,0,0,0,0,0,0,0,0,0,0
16424,1,243,14,11,46,1,1,2,0,2,0,0,0,0,1,0
16439,0,247,6,2,8,0,0,0,0,0,2,0,0,0,0,0
16440,1,104,14,2,16,1,0,0,0,0,0,0,0,0,0,0
16452,1,196,16,1,16,0,1,0,0,0,0,0,0,0,0,0
16456,1,245,16,1,16,0,0,0,0,0,0,0,0,0,0,0
16461,0,96,8,2,12,0,0,0,0,0,0,0,0,0,0,0
16476,1,68,10,1,10,0,0,0,0,0,0,0,0,0,0,0
16478,1,198,14,2,22,0,0,0,0,1,0,0,0,0,0,0
16479,1,207,10,1,10,0,0,0,0,0,1,0,0,0,0,0
16491,1,121,36,2,42,0,1,0,0,0,1,0,0,0,0,0
16496,1,93,10,1,10,0,0,0,0,0,0,0,0,0,0,0
16507,0,44,10,1,10,0,0,0,0,0,1,0,0,0,0,0
16511,1,159,2,3,18,0,1,0,0,0,0,0,0,0,0,0
16520,1,298,12,9,44,1,1,1,0,1,1,0,1,0,0,0
16523,0,59,10,1,10,0,0,0,0,0,0,0,0,0,0,0
16537,0,46,12,1,12,0,0,0,0,0,0,0,1,0,0,0
16546,1,166,12,2,20,0,0,0,1,0,0,1,1,0,0,0
16548,1,328,4,5,18,0,0,1,0,0,0,1,0,0,0,0
16557,1,297,10,8,44,2,0,1,0,0,0,0,0,0,0,0
16576,0,263,10,1,10,0,0,0,0,0,0,1,0,0,0,0
16586,0,291,6,1,6,0,0,0,0,0,0,1,0,0,0,0
16603,0,195,12,1,12,0,0,0,0,0,0,1,1,0,0,0
16612,1,142,10,2,16,0,1,0,0,0,0,0,0,0,0,0
16619,1,64,10,1,10,0,0,0,0,0,0,0,0,0,0,0
16623,1,23,18,1,18,0,0,0,0,0,0,0,0,0,0,0
16629,1,20,12,1,12,0,0,0,0,0,0,0,1,0,0,1
16633,1,55,14,2,20,0,0,0,1,0,0,0,0,0,0,0
16647,1,109,12,2,16,1,0,0,0,0,0,0,1,0,0,0
16650,0,94,12,2,18,1,0,0,0,0,1,0,1,0,0,0
16670,0,343,10,12,66,2,2,1,1,2,0,2,0,2,0,0
16672,1,289,16,1,16,0,0,0,0,0,0,0,0,0,0,0
16683,1,121,6,2,12,0,0,0,0,0,0,0,0,0,0,0
16688,0,176,6,10,36,2,1,3,1,0,0,1,0,0,0,0
16690,1,174,10,1,10,0,0,0,0,0,0,1,0,0,0,1
16691,1,132,16,1,16,0,0,0,1,0,0,0,0,0,0,1
16692,1,99,8,1,8,0,0,0,0,0,0,0,0,0,0,0
16695,1,264,16,6,38,2,1,2,0,0,0,0,0,1,0,0
16696,0,166,2,4,24,0,0,0,0,0,1,1,0,0,0,0
16702,1,278,12,3,24,0,0,1,1,0,0,0,1,0,0,0
16704,1,63,2,2,10,0,0,0,0,0,0,0,0,0,0,0
16708,1,61,16,2,20,1,0,0,0,0,1,1,0,0,0,0
16712,1,226,20,10,80,2,1,5,0,1,0,0,0,0,0,1
16713,0,326,8,2,14,0,1,0,0,0,0,1,0,0,0,0
16716,1,239,10,9,46,1,1,0,1,0,0,2,0,0,0,0
16747,1,383,12,7,42,1,1,3,0,0,0,1,1,0,0,0
16768,1,256,10,12,62,2,1,1,0,2,0,1,0,2,0,1
16773,1,299,14,2,18,1,0,0,0,0,0,0,0,0,0,0
16776,1,308,24,1,24,0,0,1,0,0,0,0,0,0,0,0
16789,0,192,10,11,72,4,1,1,1,0,0,0,0,0,0,0
16801,1,20,30,1,30,0,0,0,1,0,0,0,1,0,1,0
16805,1,216,16,6,48,2,0,1,1,0,0,0,0,0,0,1
16817,0,273,4,2,6,0,0,0,0,0,0,0,0,0,0,0
16820,1,18,16,1,16,0,0,0,0,0,0,0,0,0,0,0
16821,0,259,16,2,20,0,1,0,1,0,0,1,0,0,0,0
16833,1,228,20,5,46,0,2,3,0,0,0,0,0,0,0,0
16844,1,181,8,10,62,1,1,3,0,0,1,0,0,0,0,0
16846,1,417,14,12,74,4,1,3,1,1,0,2,0,2,0,0
16850,1,229,4,8,22,0,1,1,1,0,0,0,0,0,0,0
16871,1,88,32,1,32,0,0,0,0,0,0,0,0,0,0,0
16886,1,188,12,2,14,0,0,1,0,0,0,1,0,0,0,0
16887,0,344,24,10,80,1,1,2,0,2,0,0,0,0,0,1
16899,0,140,16,2,18,0,0,1,0,1,0,0,0,0,0,0
16901,1,248,6,7,46,0,1,2,0,1,0,0,0,0,0,0
16902,1,279,14,1,14,0,1,0,0,0,0,0,0,0,0,0
16910,1,238,34,2,42,2,0,0,0,0,0,0,2,0,0,0
16911,1,88,10,5,26,1,0,2,0,0,0,0,0,0,0,0
16914,0,263,6,2,8,0,0,0,0,0,0,1,0,0,0,0
16920,1,277,6,10,56,2,0,1,1,1,0,0,0,0,0,0
16937,1,75,12,1,12,0,0,0,0,0,0,0,0,0,0,0
16950,1,323,14,10,50,1,1,3,2,1,0,3,0,0,0,0
16955,0,278,12,1,12,0,0,0,0,0,0,0,0,0,0,0
16969,1,25,16,1,16,0,0,0,0,0,0,0,0,0,0,0
16977,1,77,16,4,28,0,0,0,1,2,0,0,0,0,0,0
16988,0,179,8,2,10,0,0,0,0,0,0,0,0,0,0,1
16994,1,243,30,2,34,1,0,0,0,0,0,0,0,0,0,0
17015,1,226,10,12,52,1,1,4,0,2,0,0,0,0,0,0
17017,1,320,10,2,16,0,1,0,0,0,0,0,0,0,0,0
17035,1,290,10,2,16,0,0,0,1,0,0,0,0,0,0,0
17036,1,134,12,2,14,1,0,0,0,0,0,0,0,0,0,0
17054,1,233,12,3,24,1,0,0,1,0,0,0,0,0,1,0
17074,1,127,14,1,14,1,0,0,0,0,0,0,0,0,0,0
17075,0,272,30,2,36,0,0,1,0,0,0,0,0,0,0,0
17081,1,314,18,11,72,4,0,4,2,0,0,0,0,0,0,0
17083,1,62,10,1,10,0,0,0,0,0,0,0,0,0,0,0
17093,0,119,10,7,34,1,1,2,0,1,2,0,0,0,0,0
17108,1,97,14,1,14,0,0,0,0,0,0,1,0,0,0,0
17118,1,235,16,2,24,1,0,0,1,0,0,1,0,0,1,1
17121,1,45,6,2,12,0,0,0,0,0,0,0,0,0,0,0
17123,1,330,12,10,58,2,0,2,2,0,0,0,0,0,0,1
17132,0,155,2,3,8,0,0,0,0,0,0,0,0,0,0,0
17142,1,316,14,4,36,0,1,2,0,0,0,1,0,0,0,0
17159,0,412,2,10,34,2,2,0,1,0,0,1,0,0,0,1
17162,1,217,14,1,14,0,0,1,0,0,0,1,0,0,0,0
17165,1,88,22,1,22,1,0,0,0,0,0,0,0,0,0,0
17173,1,250,22,6,48,0,0,2,0,1,0,0,0,0,0,0
17186,1,324,4,2,6,0,0,0,0,0,0,0,0,0,0,0
17188,0,52,24,2,28,1,0,1,0,0,0,0,0,0,0,0
17195,0,30,12,2,16,0,0,1,0,0,0,0,0,0,0,0
17200,0,366,32,10,88,4,1,2,1,0,0,1,0,0,1,0
17203,1,308,12,2,14,0,0,0,0,0,0,0,0,0,0,0
17206,0,299,14,1,14,0,0,1,0,0,0,0,0,0,0,0
17210,1,93,16,2,20,0,0,0,2,0,0,0,0,0,0,0
17217,1,303,12,2,18,1,0,0,0,0,0,0,0,0,0,0
17227,0,369,16,9,60,3,0,2,1,1,0,1,0,0,0,0
17235,1,186,12,12,62,5,1,1,2,1,2,0,0,0,0,0
17254,1,186,20,1,20,0,0,1,0,0,0,0,0,0,0,0
17269,1,60,14,1,14,0,1,0,0,0,0,0,0,0,0,0
17271,1,69,14,1,14,0,0,1,0,0,0,0,0,0,0,0
17281,1,418,10,8,36,2,1,0,2,0,0,0,0,0,0,1
17285,1,146,6,5,30,0,0,2,0,0,0,0,0,0,0,0
17294,1,160,10,2,12,0,0,0,0,0,0,1,0,0,0,0
17297,0,217,8,11,38,2,1,1,0,2,1,1,0,0,0,1
17302,1,101,32,1,32,1,0,0,0,0,3,0,0,0,0,1
17309,1,280,26,3,42,0,0,0,0,0,0,0,0,0,0,0
17310,1,185,16,3,26,0,0,1,0,2,0,0,0,0,0,0
17311,1,243,10,1,10,0,0,0,0,0,0,0,0,0,0,0
17319,1,437,2,11,42,2,0,1,0,0,0,1,0,0,0,1
17322,1,126,12,1,12,0,0,0,0,0,0,0,0,0,0,0
17331,0,279,16,8,42,3,0,3,0,2,0,0,0,0,0,0
17334,0,231,16,7,56,0,2,1,1,1,0,2,0,0,0,0
17340,1,225,14,9,66,2,2,2,2,1,0,0,0,0,0,1
17353,1,256,14,10,44,0,1,2,1,3,0,1,0,0,0,0
17366,0,209,10,4,22,0,0,2,1,0,0,0,0,0,0,0
17375,0,225,28,2,34,0,1,1,0,0,0,0,0,0,0,0
17387,1,219,10,12,62,1,1,3,2,0,0,1,0,0,0,0
17398,0,263,6,3,18,0,0,1,0,0,1,1,0,0,0,0
17399,1,311,24,2,26,0,0,2,0,0,0,1,0,0,0,0
17410,0,311,36,1,36,0,0,0,0,0,1,1,0,0,0,0
17415,1,244,4,1,4,0,0,0,0,0,2,0,0,0,0,0
17419,0,202,10,4,26,1,0,0,1,0,2,0,0,0,0,0
17429,1,88,10,2,16,0,0,1,0,0,1,0,0,0,0,0
17434,1,241,2,12,42,2,0,1,2,1,0,0,0,0,0,1
17436,0,189,20,1,20,0,0,0,0,0,0,1,0,0,0,1
17458,1,236,14,1,14,1,0,0,0,0,0,0,0,0,0,0
17459,0,249,16,1,16,1,0,0,0,0,0,1,1,0,0,0
17464,0,189,14,1,14,0,0,1,0,0,0,1,0,0,0,0
17470,1,140,12,2,18,1,0,0,0,0,0,0,0,0,0,0
17489,1,212,10,6,22,1,0,0,0,2,0,1,0,0,0,0
17491,1,228,8,1,8,0,0,0,0,0,0,0,0,0,0,0
17496,0,389,16,9,60,0,1,5,1,1,0,2,0,0,0,0
17519,0,89,6,1,6,0,0,0,0,0,0,0,0,0,0,1
17521,1,438,10,11,46,2,4,1,0,1,0,0,0,0,0,0
17536,1,89,16,1,16,0,0,0,0,1,1,0,0,0,0,1
17541,1,216,12,1,12,0,0,0,0,0,1,0,0,0,0,0
17556,1,153,8,7,26,0,1,2,0,1,2,0,0,0,0,0
17559,1,49,4,1,4,0,0,0,0,0,1,0,1,0,0,0
17569,1,174,16,2,22,0,0,1,0,0,0,1,0,0,0,0
17579,1,134,34,7,68,0,2,1,0,3,2,0,2,0,0,0
17581,1,155,8,10,42,0,0,4,1,1,0,0,0,2,0,0
17588,1,132,12,1,12,0,0,0,0,0,0,0,0,0,0,0
17601,1,106,26,1,26,0,1,0,0,0,1,1,0,0,0,0
17609,1,101,16,1,16,0,0,1,0,0,0,0,0,0,0,0
17633,1,133,34,2,38,0,0,1,0,0,0,0,2,0,0,0
17634,1,199,32,2,34,0,2,0,0,0,0,1,0,0,0,0
17658,1,295,12,2,14,0,1,0,0,0,0,2,0,0,0,0
17660,1,325,14,11,74,5,0,2,2,0,0,0,0,0,0,0
17661,1,91,8,2,16,0,0,0,1,0,0,0,0,0,0,0
17675,0,276,8,1,8,0,0,0,0,0,0,0,0,0,0,0
17676,0,232,14,2,18,1,0,0,0,1,0,1,0,0,0,0
17683,1,349,16,11,50,3,1,1,1,0,0,1,1,0,0,0
17698,0,465,6,12,74,0,3,2,3,1,0,1,0,0,0,0
17725,0,305,10,1,10,0,0,0,0,0,0,0,0,0,0,0
17726,0,319,10,2,12,0,0,0,0,0,0,1,0,0,0,0
17729,0,331,8,3,22,0,0,0,0,1,0,0,0,0,0,0
17730,1,235,14,1,14,0,0,0,0,0,0,1,0,0,0,0
17734,1,114,16,2,18,1,0,1,0,0,3,0,1,0,0,0
17739,0,153,2,2,6,0,0,0,0,0,0,0,0,0,0,0
17740,1,132,34,1,34,1,0,0,0,0,0,0,0,0,0,0
17745,1,199,12,6,38,0,0,1,1,1,0,1,0,0,0,0
17746,1,252,16,1,16,0,0,0,0,1,0,0,0,0,0,0
17758,1,318,2,2,6,0,0,0,0,0,0,0,0,0,0,0
17766,1,61,16,2,22,0,0,0,1,0,0,1,0,0,0,0
17768,1,409,12,10,68,3,0,2,0,2,0,0,0,0,0,0
17770,0,298,12,1,12,0,0,0,0,0,0,1,0,0,0,0
17771,1,49,4,1,4,0,0,0,0,0,2,0,0,0,0,1
17777,1,311,30,2,34,1,0,0,1,0,2,1,0,0,0,0
17791,1,296,14,7,38,0,0,2,1,1,0,0,0,1,0,0
17813,1,457,10,12,36,3,0,4,0,0,0,4,0,0,0,0
17832,1,112,6,2,12,0,0,0,0,0,0,0,1,0,0,0
17849,0,378,12,11,44,1,1,2,2,2,0,0,0,0,0,0
17850,1,237,16,10,70,0,2,2,1,2,0,0,0,0,0,0
17856,1,70,16,1,16,0,0,1,0,0,1,0,0,0,0,0
17858,0,303,22,8,54,3,0,0,0,1,0,0,0,0,1,0
17884,0,136,10,2,14,0,0,0,0,0,0,0,0,0,0,0
17894,1,191,4,2,6,0,0,0,0,0,0,0,0,0,0,0
17895,1,305,10,3,16,0,0,0,1,0,0,0,0,0,0,0
17899,1,92,20,4,32,1,0,1,0,1,0,0,0,0,0,0
17918,0,191,14,2,16,1,1,0,0,0,0,0,1,0,0,0
17922,0,432,16,10,64,1,1,2,1,0,0,0,0,0,0,0
17932,0,329,2,8,42,3,0,1,1,0,0,0,0,0,0,0
17935,1,188,14,1,14,0,0,1,0,0,0,1,0,0,0,0
17936,1,281,12,2,14,1,0,0,0,0,0,1,1,0,0,0
17942,1,392,16,10,66,4,0,1,1,3,0,0,0,0,0,0
17946,1,105,12,2,14,1,0,0,0,0,0,0,1,0,0,0
17956,1,273,16,1,16,0,0,0,0,1,1,0,0,0,0,1
17958,0,451,14,11,46,2,1,4,2,0,0,3,0,0,1,0
17959,1,266,14,1,14,0,0,1,0,0,0,0,0,0,0,1
17980,0,319,16,7,56,3,0,1,0,0,0,1,0,1,0,0
17981,1,152,4,10,30,1,1,1,1,0,0,0,0,0,0,0
17982,1,63,32,1,32,1,0,0,0,0,0,0,0,0,0,0
18008,0,403,14,8,60,4,0,2,1,1,0,0,0,0,0,0
18009,1,46,6,2,14,1,0,0,0,0,0,0,0,0,0,0
18036,1,291,2,3,18,0,0,1,0,0,0,0,0,0,0,0
18039,1,71,34,2,40,1,0,0,1,0,0,0,0,0,0,0
18040,1,303,10,11,58,2,1,2,1,0,2,0,0,0,0,0
18064,1,442,14,10,40,0,3,3,1,0,0,1,0,0,0,0
18077,0,44,22,2,26,1,0,0,1,0,0,0,0,0,0,0
18079,1,67,4,3,10,0,0,0,0,0,0,0,0,0,0,0
18080,1,195,6,2,10,0,0,0,0,0,0,0,0,0,0,0
18083,0,151,34,10,66,1,1,3,0,1,0,0,0,0,0,0
18087,0,251,14,1,14,0,0,0,0,0,0,0,0,0,0,0
18103,0,263,14,3,24,1,0,1,1,0,0,0,0,0,0,0
18108,1,291,8,1,8,0,0,0,0,0,0,0,0,0,0,0
18112,1,181,8,2,14,0,1,0,0,0,0,0,0,0,0,0
18114,1,126,8,3,18,0,0,1,0,0,0,1,0,0,0,0
18115,1,116,12,1,12,0,0,0,0,0,0,0,0,0,0,0
18123,1,150,30,1,30,0,0,1,0,0,1,0,0,0,0,0
18132,1,265,14,1,14,0,0,0,0,0,1,0,0,0,0,0
18153,1,298,12,3,20,0,0,0,0,1,0,1,0,0,0,0
18156,0,212,10,1,10,0,0,0,0,0,0,1,0,0,0,0
18157,1,284,22,2,28,1,0,1,0,0,0,0,0,0,0,0
18168,1,200,4,2,12,0,0,0,0,0,0,0,0,0,0,0
18174,1,257,16,8,46,2,0,2,2,0,0,0,0,0,1,0
18175,1,105,4,2,12,0,0,0,0,0,0,0,0,0,0,0
18197,0,274,2,1,2,0,0,0,0,0,0,0,0,0,0,0
18206,0,190,6,2,14,0,0,1,0,0,0,1,0,0,0,0
18208,1,222,18,2,24,0,0,0,0,0,1,1,0,0,0,0
18215,1,358,6,7,40,2,1,1,0,0,1,3,0,1,0,0
18247,1,134,16,1,16,0,0,0,0,0,0,0,1,0,0,0
18257,1,300,12,2,14,0,0,0,0,0,0,0,0,0,0,0
18259,1,269,8,2,10,0,0,0,0,0,0,2,0,0,0,0
18269,1,131,2,4,16,0,0,1,0,0,0,0,0,0,0,0
18272,0,48,14,1,14,0,0,0,0,0,0,0,0,0,0,0
18278,1,136,10,2,16,1,0,0,0,0,0,0,0,0,0,1
18280,1,366,8,12,48,2,1,0,2,0,0,1,0,1,0,0
18287,1,388,8,11,32,1,1,1,2,0,0,2,0,0,0,0
18291,1,224,2,2,10,0,0,0,0,0,0,2,0,0,0,0
18297,0,133,34,1,34,0,0,1,0,0,0,0,0,0,0,0
18303,1,271,2,2,4,0,0,0,0,0,0,0,0,0,0,0
18306,0,190,8,2,14,1,0,0,0,0,0,1,0,0,0,0
18324,0,181,16,2,18,0,1,0,0,0,0,0,0,0,0,0
18327,1,243,6,1,6,0,0,0,0,0,1,0,0,0,0,0
18332,1,57,2,3,14,0,0,0,0,1,1,0,2,0,0,0
18340,0,299,4,1,4,0,0,0,0,0,0,0,0,0,0,0
18351,1,343,14,3,24,0,0,0,1,1,1,0,0,0,0,0
18359,0,203,2,1,2,0,0,0,0,0,2,0,0,0,0,0
18360,1,232,14,5,28,2,0,1,0,0,0,0,0,0,0,0
18361,1,166,16,9,44,3,0,3,1,0,0,1,0,0,0,0
18365,1,170,14,2,22,1,1,0,0,0,0,1,0,0,0,0
18386,1,142,16,3,30,0,0,1,2,0,0,0,0,0,0,0
18399,0,258,30,2,36,1,0,1,0,0,0,2,0,0,0,0
18401,1,153,4,1,4,0,0,0,0,0,1,0,0,0,0,0
18405,1,194,12,1,12,0,0,0,0,0,0,0,0,0,0,0
18411,0,135,10,2,14,0,0,0,0,1,0,1,0,0,0,0
18416,1,274,2,2,8,0,0,0,0,0,1,0,0,0,0,1
18418,1,273,16,12,84,1,2,7,0,0,1,0,0,0,0,0
18425,1,205,12,1,12,0,0,0,0,0,1,0,0,0,0,0
18428,1,135,6,9,34,0,1,4,1,0,1,1,0,0,0,0
18437,1,325,14,2,20,0,0,1,0,0,0,0,0,0,0,0
18447,1,119,32,2,36,1,0,1,0,0,0,0,0,0,0,0
18451,1,288,26,2,32,0,2,0,0,0,0,0,0,0,0,0
18456,1,279,8,2,14,1,0,0,0,0,2,0,0,0,0,0
18458,1,120,6,1,6,0,0,0,0,0,0,1,1,0,0,0
18466,1,51,10,1,10,0,0,0,0,0,0,0,0,0,0,0
18489,1,274,10,1,10,0,0,0,0,0,0,0,0,0,0,0
18493,1,421,12,10,66,1,1,4,1,1,0,2,0,0,0,0
18507,1,183,14,2,22,0,0,0,1,0,0,0,0,0,0,1
18508,1,347,4,7,40,1,1,2,1,0,0,0,0,1,0,0
18512,1,179,20,5,38,2,1,2,0,0,0,0,0,0,0,0
18519,1,309,14,8,30,3,0,2,1,1,0,0,1,0,0,0
18526,1,26,12,1,12,0,0,0,0,0,0,0,0,0,0,0
18528,1,417,16,12,52,6,1,1,1,0,0,2,0,0,0,0
18535,0,230,14,1,14,1,0,0,0,0,0,0,0,0,0,0
18539,1,363,14,5,38,0,0,2,0,1,0,2,0,0,0,0
18546,1,326,20,2,24,0,0,1,0,0,0,1,0,0,0,0
18562,1,249,4,2,10,0,0,0,0,0,2,1,0,0,0,0
18577,0,293,34,2,38,0,1,1,0,0,0,0,0,0,0,0
18593,1,237,2,1,2,0,0,0,0,0,2,0,0,0,0,0
18596,0,143,16,1,16,1,0,0,0,0,0,0,0,0,0,0
18600,0,176,12,1,12,0,0,0,0,0,0,1,0,0,0,0
18601,0,392,2,9,32,2,0,1,0,0,0,0,0,0,0,0
18603,1,227,14,2,20,1,0,1,0,0,1,0,0,0,0,1
18621,0,105,10,1,10,0,0,0,0,0,1,0,1,0,0,1
18622,1,215,12,1,12,0,0,0,0,0,1,0,0,0,0,0
18623,1,228,12,5,34,1,0,0,0,1,1,0,0,0,0,1
18630,1,155,16,1,16,1,0,0,0,0,0,0,0,0,0,1
18631,1,408,16,9,52,3,1,0,3,0,0,1,0,0,0,0
18644,1,27,30,1,30,0,0,0,1,0,0,0,0,0,0,0
18647,1,201,32,2,36,0,1,1,0,0,0,0,0,0,0,0
18652,1,215,4,1,4,0,0,0,0,0,0,0,0,0,0,1
18658,1,147,10,8,32,2,0,2,0,0,0,0,0,0,0,0
18659,1,178,8,4,22,1,1,0,0,0,0,0,0,0,0,0
18660,1,298,32,2,34,0,1,0,0,0,0,1,0,0,0,1
18665,1,256,10,4,18,0,0,0,0,0,0,0,0,0,0,1
18672,0,294,18,1,18,1,0,0,0,0,0,0,0,0,0,0
18673,0,298,6,3,20,1,0,0,0,0,0,1,0,0,0,0
18679,1,347,24,12,84,3,2,2,1,1,0,0,0,0,0,0
18680,0,158,2,2,8,0,0,0,0,0,0,0,0,0,0,0
18681,1,31,10,1,10,0,0,0,0,0,0,0,0,0,0,0
18691,1,311,30,12,66,2,0,3,0,2,0,1,0,0,0,0
18701,0,419,14,8,56,1,2,0,1,0,0,2,0,0,1,0
18707,1,292,12,1,12,0,0,0,0,0,0,0,0,0,0,0
18712,0,367,26,7,50,0,0,4,1,1,0,3,0,0,0,0
18729,1,133,14,2,20,0,1,0,0,0,0,1,0,0,0,0
18734,1,284,18,11,72,5,2,1,0,1,0,0,0,0,0,0
18737,1,228,10,1,10,0,0,0,0,0,0,0,0,0,0,0
18749,0,235,28,1,28,1,0,0,0,0,0,1,0,0,0,0
18751,0,347,36,6,54,1,0,4,0,0,0,0,1,0,1,0
18754,0,246,26,2,30,1,0,0,0,1,0,0,0,0,0,0
18755,1,62,6,2,14,0,0,1,0,0,0,0,0,0,0,0
18834,0,216,8,2,14,1,0,0,0,0,0,0,0,0,0,0
18860,0,335,4,11,54,4,1,3,0,0,0,0,0,0,1,1
18861,1,467,14,12,84,1,2,2,3,3,0,3,0,0,0,0
18865,1,53,16,2,20,0,1,0,0,1,0,0,0,0,0,0
18866,1,162,32,1,32,0,0,0,0,0,0,0,0,0,0,0
18867,1,278,16,10,48,2,0,3,2,1,0,2,0,0,0,0
18876,1,290,12,4,34,2,1,0,0,0,1,0,0,0,0,0
18887,1,321,16,7,38,1,2,1,1,0,0,1,0,0,0,0
18890,1,310,16,1,16,0,0,0,1,0,1,0,0,0,0,0
18897,1,328,10,2,12,0,0,0,0,0,0,0,1,0,0,0
18909,1,170,8,4,22,1,0,1,1,0,0,1,0,0,0,0
18912,1,195,8,6,42,2,0,0,0,0,0,0,0,0,0,0
18918,1,211,4,1,4,0,0,0,0,0,0,1,0,0,0,0
18922,0,364,16,8,58,2,1,2,1,0,0,0,0,0,0,0
18961,1,445,12,12,56,3,1,5,0,0,0,0,0,0,1,0
18962,0,258,8,1,8,0,0,0,0,0,0,0,0,0,0,0
18968,0,264,10,2,18,1,0,0,0,0,0,2,0,0,0,0
18977,1,175,6,2,14,1,0,0,0,0,0,0,0,0,0,0
18978,0,171,32,7,72,2,1,1,0,0,0,0,0,0,0,0
18984,1,456,16,11,78,2,0,2,4,1,2,0,0,0,0,0
18985,1,168,16,2,18,0,1,1,0,0,2,0,0,0,0,0
18989,1,257,10,2,14,0,0,1,0,0,0,0,1,0,0,0
18992,0,161,2,8,18,2,0,2,0,0,0,0,0,0,0,0
18994,0,85,10,1,10,0,0,0,0,0,0,0,1,0,0,0
19002,1,323,4,2,8,0,0,0,0,0,0,3,0,0,0,0
19014,0,223,16,1,16,0,0,1,0,0,0,0,0,0,0,0
19015,1,197,20,12,48,4,2,4,0,0,0,1,0,1,0,1
19016,0,161,14,1,14,0,1,0,0,0,1,0,0,0,0,0
19026,1,70,32,1,32,0,0,0,1,0,0,0,0,0,0,0
19029,1,318,18,2,20,1,0,0,0,0,0,1,0,0,0,0
19039,1,241,18,1,18,0,0,0,0,0,0,0,0,0,0,0
19076,1,307,4,2,8,0,0,0,0,0,0,0,0,0,0,0
19078,1,250,28,2,32,0,0,0,0,0,0,1,0,0,0,0
19079,1,87,6,3,18,0,0,1,0,0,0,0,0,0,0,0
19080,1,155,6,7,30,0,0,2,0,0,0,0,0,0,0,0
19089,0,327,16,2,20,0,1,1,0,0,0,1,1,0,0,1
19097,1,262,32,12,90,1,1,1,4,2,0,0,0,1,0,0
19116,0,73,4,2,12,0,0,0,0,0,0,0,0,0,0,0
19126,1,45,30,1,30,0,0,0,1,0,0,0,0,0,0,0
19140,0,148,8,2,16,0,0,1,0,0,0,0,0,0,0,0
19161,1,76,12,2,18,0,1,0,0,0,1,0,0,0,0,0
19164,1,217,10,1,10,0,0,0,0,0,1,0,0,0,0,0
19171,1,187,12,1,12,0,0,0,0,0,0,1,0,0,0,0
19187,1,306,10,1,10,0,0,0,0,0,0,3,0,0,0,0
19198,1,380,16,11,76,3,3,2,1,1,0,0,0,0,0,0
19201,1,251,12,6,32,1,0,1,0,1,0,0,0,0,0,0
19204,1,191,8,8,26,0,2,3,0,0,0,0,0,0,0,0
19220,1,76,10,1,10,0,0,0,0,0,0,0,0,0,0,0
19225,1,381,2,9,44,0,0,3,0,1,0,1,0,0,0,0
19226,1,191,6,1,6,0,0,0,0,0,0,0,0,0,0,0
19237,1,187,14,2,18,0,1,1,0,0,0,1,0,0,0,0
19242,0,212,12,1,12,0,0,0,0,0,0,0,0,0,0,0
19244,1,318,20,2,24,1,0,0,1,0,1,1,0,0,0,0
19245,1,235,16,10,46,3,1,3,0,1,1,1,0,0,1,0
19247,1,245,18,2,22,0,0,2,0,0,1,0,0,0,0,0
19251,1,154,14,1,14,0,0,0,1,0,1,0,0,0,0,0
19261,1,278,2,12,54,1,3,1,2,2,1,2,0,1,1,0
19263,0,279,32,2,36,0,0,0,0,1,1,0,0,0,1,0
19266,1,143,20,2,28,0,0,0,0,1,1,0,0,0,0,0
19275,0,248,16,2,22,0,0,1,0,0,1,0,1,0,0,0
19281,1,232,8,7,48,2,1,1,0,0,0,0,0,0,0,0
19291,1,79,2,2,10,0,0,0,0,0,0,0,0,0,0,0
19306,1,230,12,1,12,0,0,0,0,0,2,0,0,0,0,0
19316,1,181,12,1,12,0,0,0,0,0,2,0,0,0,0,0
19334,0,244,34,1,34,0,0,0,0,0,0,0,1,0,0,0
19337,1,107,10,1,10,0,0,0,0,0,0,0,0,0,0,0
19345,0,305,10,1,10,0,0,0,0,0,0,2,0,0,0,0
19346,1,177,32,1,32,0,0,0,1,0,0,0,0,0,0,0
19348,0,289,6,12,38,4,1,0,0,1,0,0,0,1,1,1
19357,0,219,22,2,26,1,0,0,0,0,0,1,0,0,0,0
19362,1,67,12,2,18,0,0,0,0,1,0,0,0,0,0,0
19366,0,350,6,11,36,2,2,3,2,0,0,2,0,0,1,0
19381,1,294,10,1,10,0,0,0,0,0,0,0,0,0,0,0
19390,1,306,14,2,20,1,0,1,0,0,1,3,0,0,0,0
19400,1,150,18,7,32,2,1,1,0,0,0,0,0,0,0,0
19402,1,261,16,1,16,0,0,0,0,1,0,0,0,0,0,0
19414,1,93,4,1,4,0,0,0,0,0,0,0,0,0,0,0
19418,1,187,12,1,12,0,0,0,0,0,1,1,0,0,0,0
19428,0,163,24,1,24,0,0,0,0,0,1,0,0,0,0,0
19431,0,74,14,1,14,0,0,1,0,0,1,0,2,0,0,0
19433,0,279,2,2,4,0,0,0,0,0,1,0,1,0,0,0
19436,1,82,14,2,16,0,0,1,0,0,1,0,2,0,0,0
19440,1,147,16,4,32,0,2,1,0,0,0,0,0,0,0,0
19446,1,315,20,2,26,0,0,0,0,2,0,1,0,0,0,0
19458,1,284,14,1,14,0,0,1,0,0,0,0,2,0,0,0
19474,1,267,10,6,28,0,1,2,0,0,0,0,0,1,1,0
19488,0,81,10,2,16,0,1,0,0,0,1,0,0,0,0,0
19489,1,285,16,3,26,2,0,1,0,0,0,2,0,0,0,0
19506,0,64,2,1,2,0,0,0,0,0,0,0,0,0,0,0
19508,0,304,10,11,48,3,1,2,0,1,2,0,1,0,0,0
19513,1,266,32,2,36,0,0,1,1,0,1,1,1,0,0,0
19515,1,32,12,2,20,1,0,0,0,0,0,0,0,0,0,0
19517,0,317,6,2,12,0,0,0,0,0,0,1,0,0,0,0
19523,0,223,12,2,18,0,0,1,0,0,0,0,0,0,0,0
19528,0,92,2,1,2,0,0,0,0,0,0,0,0,0,0,0
19529,1,424,12,11,52,1,2,2,0,1,0,2,0,0,0,0
19551,1,420,8,12,48,1,1,4,1,1,1,6,0,0,0,0
19559,0,127,32,2,38,0,1,0,0,0,1,0,1,0,1,0
19563,1,25,2,1,2,0,0,0,0,0,1,0,0,0,0,0
19573,1,198,8,2,14,0,0,0,1,0,1,0,0,0,0,0
19585,1,84,12,2,14,0,0,1,0,0,0,0,0,0,0,0
19590,1,179,12,4,32,1,0,1,0,0,0,0,0,0,0,0
19601,1,381,8,8,26,2,0,1,1,1,0,1,0,0,0,0
19617,1,234,14,3,22,1,0,0,1,1,0,0,0,0,0,0
19634,0,235,12,1,12,0,0,0,0,0,0,1,0,0,0,0
19638,0,121,32,8,48,1,2,2,1,0,0,0,1,0,0,0
19644,0,359,12,11,70,3,1,1,1,1,0,0,0,0,0,0
19645,1,153,30,2,34,1,0,0,0,1,0,1,0,0,0,0
19646,0,179,10,1,10,0,0,0,0,0,2,0,0,0,0,1
19671,1,232,16,1,16,0,1,0,0,0,0,0,0,0,0,1
19677,1,392,16,10,54,2,1,4,0,2,0,0,1,0,1,0
19689,1,143,16,1,16,0,0,0,1,0,0,0,1,0,0,0
19694,1,105,12,2,20,0,0,0,1,0,0,0,0,0,0,0
19699,1,254,12,2,18,1,0,0,0,0,2,1,0,0,0,0
19702,1,260,10,1,10,0,0,0,0,0,0,2,0,0,0,0
19709,0,208,16,2,20,1,0,1,0,0,0,0,1,0,0,0
19738,1,89,34,1,34,0,0,0,0,0,0,0,0,0,0,0
19749,1,79,12,2,16,1,0,0,0,0,1,0,0,0,0,0
19784,0,98,10,3,18,2,0,0,0,0,0,0,1,0,0,0
19786,1,83,16,1,16,0,1,0,0,0,0,0,1,0,0,0
19805,1,419,14,12,78,3,3,2,3,0,0,2,0,0,0,0
19806,1,122,2,2,8,0,0,0,0,0,0,0,0,0,0,0
19819,0,146,16,2,20,0,0,0,1,1,2,0,1,0,1,0
19834,0,130,10,3,24,0,0,1,0,0,2,0,1,0,0,0
19851,1,96,22,1,22,0,0,0,0,0,0,0,0,0,0,0
19868,1,342,22,9,70,2,2,4,0,0,0,3,0,1,0,0
19881,1,178,4,2,8,0,0,0,0,0,0,3,0,0,0,0
19884,1,22,6,1,6,0,0,0,0,0,0,0,0,0,0,0
19886,0,304,12,8,30,0,1,2,1,0,0,0,0,0,0,0
19892,1,250,8,7,24,1,0,1,3,0,0,0,0,0,0,0
19894,0,143,14,1,14,1,0,0,0,0,0,0,0,0,0,0
19920,1,216,26,2,34,0,0,0,1,0,0,0,0,0,0,0
19925,1,309,12,5,34,0,1,3,0,0,0,0,0,1,0,0
19930,1,47,10,1,10,0,0,0,0,0,2,0,0,0,0,0
19931,1,32,12,1,12,0,0,0,0,0,2,0,0,0,0,0
19965,1,73,34,1,34,0,0,0,0,0,2,0,0,0,0,0
19968,1,300,16,1,16,0,0,0,0,0,1,0,1,0,0,0
19969,1,138,8,7,48,0,1,2,0,0,0,0,0,0,0,0
19977,0,176,12,2,18,0,0,1,0,0,3,1,0,0,0,0
19996,1,245,2,1,2,0,0,0,0,0,0,0,0,0,0,0
20009,1,179,6,1,6,0,0,0,0,0,0,0,1,0,0,0
20016,0,261,34,2,36,0,0,0,1,0,1,2,0,0,0,1
20024,0,223,4,1,4,0,0,0,0,0,1,0,0,0,0,0
20028,1,112,22,2,28,0,0,0,0,0,0,0,0,0,0,0
20032,1,151,34,2,40,1,0,0,0,0,0,0,0,0,0,0
20041,0,354,24,4,32,1,1,0,1,0,0,1,0,0,0,0
20043,1,83,14,1,14,0,1,0,0,0,2,0,0,0,0,0
20044,1,267,12,6,42,1,0,1,1,1,2,0,0,0,0,0
20048,0,161,22,2,28,2,0,0,0,0,0,0,0,0,0,0
20050,0,161,4,1,4,0,0,0,0,0,0,0,0,0,0,0
20053,1,148,10,1,10,0,0,0,0,0,1,0,0,0,0,0
20056,1,127,4,1,4,0,0,0,0,0,1,0,0,0,0,0
20061,1,345,16,12,72,1,1,4,2,0,1,0,1,0,0,0
20071,0,284,14,2,22,1,0,1,0,0,1,0,0,0,0,0
20072,1,410,22,10,44,2,1,3,0,2,1,1,0,0,1,0
20074,1,211,14,7,38,2,0,1,1,0,0,0,0,0,0,0
20085,0,228,14,2,20,1,0,0,0,1,3,0,0,0,0,0
20093,1,340,10,8,58,2,0,1,2,2,1,0,0,0,0,0
20095,1,372,16,12,86,0,0,2,2,2,0,1,1,0,0,0
20106,0,214,14,1,14,0,0,0,1,0,3,0,0,0,0,0
20109,0,72,2,2,4,0,0,0,0,0,3,0,0,0,0,0
20110,1,184,12,2,18,1,0,0,0,0,0,0,0,0,0,0
20131,1,328,10,3,16,0,0,1,0,1,0,0,0,0,0,0
20133,0,273,18,2,20,0,1,0,0,1,3,1,0,0,0,0
20153,0,195,22,12,86,3,1,3,2,1,0,0,0,0,0,0
20159,1,83,10,1,10,0,0,0,0,0,0,0,0,0,0,0
20176,0,153,12,9,48,1,1,1,1,0,0,1,0,0,0,0
20183,0,171,6,6,34,0,0,1,1,0,0,0,0,0,0,0
20186,1,104,34,3,50,0,1,2,0,0,0,0,0,0,0,0
20198,0,170,34,1,34,1,0,0,0,0,0,1,0,0,0,0
20200,1,418,34,11,64,1,1,2,0,2,0,0,0,0,0,0
20212,1,208,8,1,8,0,0,0,0,0,1,0,0,0,0,0
20214,1,270,2,2,10,0,0,0,0,0,0,0,0,0,0,0
20242,1,202,8,1,8,0,0,0,0,0,0,1,0,0,0,1
20262,1,225,8,2,14,1,0,0,0,0,0,0,0,0,0,0
20273,0,234,36,6,60,1,0,0,1,0,0,0,0,0,0,0
20277,1,177,14,11,36,1,0,3,0,1,0,0,0,0,0,0
20289,1,258,16,2,22,0,0,1,0,0,0,1,0,0,0,0
20297,1,238,16,6,48,3,1,1,0,0,0,0,0,0,0,0
20301,0,325,6,4,28,0,1,1,0,1,0,0,0,0,0,0
20310,1,152,4,2,8,0,0,0,0,0,0,0,0,0,0,0
20334,1,198,14,1,14,1,0,0,0,0,0,0,0,0,0,0
20348,1,56,4,2,8,0,0,0,0,0,0,0,0,0,0,0
20353,0,225,2,8,30,2,0,1,0,0,0,0,0,0,0,0
20364,0,146,26,2,32,0,0,1,1,0,0,0,1,0,0,0
20371,1,192,12,11,48,1,2,1,0,0,0,0,0,0,0,0
20384,1,192,10,1,10,0,0,0,0,0,0,0,0,0,0,0
20394,1,160,26,10,48,1,0,4,0,2,0,1,1,0,0,0
20395,0,222,14,2,22,1,0,1,0,0,0,1,0,0,0,0
20408,1,214,8,1,8,0,0,0,0,0,0,0,0,0,0,0
20418,1,397,22,10,72,5,1,2,0,0,0,0,1,0,0,0
20422,1,119,10,1,10,0,0,0,0,0,0,0,0,0,0,0
20431,1,134,10,4,22,1,0,0,0,0,0,0,0,0,0,1
20432,0,362,18,11,66,2,0,4,2,1,0,0,0,0,0,0
20444,1,190,2,1,2,0,0,0,0,0,0,1,0,0,0,0
20456,1,181,10,1,10,0,0,0,0,0,0,0,0,0,0,1
20458,1,149,4,2,12,0,0,0,0,0,0,1,0,0,0,1
20465,1,191,24,8,50,2,1,1,0,2,0,0,0,0,0,0
20495,0,372,8,5,32,0,1,1,1,0,1,1,0,0,0,0
20508,0,260,8,8,28,1,0,0,2,3,1,2,0,0,0,0
20511,1,153,16,2,20,0,0,0,0,1,1,1,0,0,0,0
20546,0,149,14,1,14,0,1,0,0,0,1,1,0,0,0,0
20556,1,25,12,1,12,0,0,0,0,0,0,0,0,0,0,0
20566,0,234,16,1,16,0,0,0,0,0,1,0,0,0,0,0
20571,0,37,12,2,18,0,1,0,0,0,1,0,0,0,0,0
20575,1,31,14,2,22,0,0,0,2,0,0,0,0,0,0,0
20581,0,63,24,3,38,2,0,0,0,1,0,0,0,0,0,0
20583,1,249,10,7,50,2,1,1,1,1,0,1,0,0,0,0
20586,1,80,16,2,22,0,0,0,1,0,2,0,0,0,0,0
20594,1,34,14,1,14,1,0,0,0,0,2,0,0,0,0,0
20597,0,114,30,2,32,1,1,0,0,0,0,0,0,0,0,0
20598,1,217,14,1,14,1,0,0,0,0,1,0,0,0,0,0
20601,0,368,36,5,62,1,2,1,0,1,0,2,0,0,0,0
20605,1,201,16,2,20,1,0,0,0,0,0,0,0,0,0,0
20606,1,103,30,1,30,1,0,0,0,0,0,0,0,0,0,0
20622,1,383,14,12,58,1,1,4,1,3,1,1,0,0,0,0
20627,0,84,20,2,28,2,0,0,0,0,0,0,0,0,0,0
20635,1,56,10,2,14,0,1,0,0,0,1,0,0,0,0,0
20637,1,176,20,2,28,1,1,0,0,0,1,0,0,0,0,0
20638,1,330,12,7,48,1,0,1,2,1,1,0,0,0,0,0
20640,1,268,16,11,60,7,1,1,0,0,1,0,0,1,0,0
20641,1,270,16,1,16,0,1,0,0,0,0,0,0,0,0,0
20659,0,340,30,10,56,2,1,0,2,3,0,0,0,0,0,0
20716,1,420,16,12,40,4,2,1,1,0,0,6,0,0,0,0
20722,1,308,10,1,10,0,0,0,0,0,0,0,0,0,0,0
20734,1,83,14,1,14,0,0,0,0,1,2,0,0,0,0,0
20746,0,91,14,2,20,0,1,1,0,0,1,0,0,0,0,0
20756,1,180,12,4,24,1,0,1,0,1,0,0,0,0,0,0
20761,0,124,10,1,10,0,0,0,0,0,1,0,0,0,0,0
20762,1,208,4,4,22,1,0,0,0,0,0,1,0,0,0,0
20777,1,90,12,2,14,0,0,1,0,0,0,0,0,0,0,0
20782,1,369,22,7,52,2,1,3,0,0,0,1,0,0,0,0
20787,1,60,14,2,18,1,0,0,0,1,0,0,0,0,0,0
20812,1,405,10,8,38,2,0,1,1,1,0,1,0,1,0,0
20817,0,421,14,9,66,2,0,1,0,0,1,2,0,0,0,0
20820,0,37,10,2,12,0,0,0,0,0,1,0,0,0,0,0
20849,1,168,6,2,8,0,0,0,0,0,1,0,1,0,0,0
20850,1,169,22,10,62,1,0,4,2,0,0,0,0,0,0,0
20857,0,159,32,1,32,0,0,0,0,1,0,0,0,0,0,0
20882,1,108,10,1,10,0,0,0,0,0,0,0,0,0,0,0
20883,1,190,14,2,22,0,0,0,0,0,0,1,0,0,0,0
20886,0,160,10,9,38,2,0,0,0,1,0,1,0,0,0,0
20888,1,153,12,4,20,1,1,1,0,0,0,1,0,0,0,0
20904,1,311,6,1,6,0,0,0,0,0,0,0,0,0,0,1
20907,1,222,14,2,18,1,0,0,1,0,0,1,0,0,0,0
20937,1,110,14,1,14,0,0,0,1,0,0,0,0,0,0,0
20945,1,152,36,2,44,1,0,1,0,0,0,0,0,0,0,0
20958,1,157,14,6,42,3,1,0,1,1,0,0,0,0,0,1
20961,1,213,12,1,12,0,0,0,0,0,0,0,0,0,0,0
20969,1,33,10,2,16,1,0,0,0,0,0,0,0,0,0,0
20980,0,121,4,2,12,0,0,0,0,0,0,0,0,0,0,0
20984,1,222,6,6,36,0,0,2,0,0,0,1,0,0,0,0
20990,1,299,10,2,14,0,1,0,0,0,0,0,0,0,0,0
21013,1,349,14,7,56,2,2,2,0,0,0,1,0,0,0,0
21021,1,267,10,2,18,0,0,1,0,0,0,0,0,0,0,0
21027,1,90,16,2,20,0,0,0,0,0,0,0,0,0,0,0
21028,1,20,10,1,10,0,0,0,0,0,0,0,0,0,0,0
21030,1,166,24,2,28,0,0,0,1,1,0,1,0,0,0,0
21032,1,123,18,2,26,1,0,1,0,0,0,0,0,0,0,0
21033,1,63,12,2,16,0,0,0,0,0,0,0,0,0,0,0
21043,1,316,16,2,20,0,0,1,0,0,0,1,0,0,0,0
21048,0,224,10,1,10,0,0,0,0,0,0,0,0,0,0,0
21059,1,89,24,2,30,0,1,1,0,0,0,0,0,0,0,0
21060,0,123,12,8,54,1,0,2,0,2,0,0,0,0,0,0
21101,1,86,6,3,14,0,0,0,0,0,1,0,0,0,0,0
21107,1,106,14,2,18,0,1,0,0,0,0,1,0,0,0,0
21108,0,403,10,11,34,1,3,4,0,0,0,0,0,0,0,0
21116,0,240,14,2,20,0,0,1,0,0,0,0,0,0,0,1
21128,1,164,14,2,20,0,0,0,1,0,1,0,0,0,0,1
21147,0,58,36,1,36,0,0,0,0,1,0,0,0,0,0,1
21148,1,204,6,4,20,0,0,0,0,1,0,1,0,0,0,0
21150,1,254,32,10,88,2,1,4,0,1,0,0,1,0,1,0
21155,1,210,2,2,8,0,0,0,0,0,0,1,0,0,0,0
21161,1,284,14,2,22,0,0,0,1,0,0,0,1,0,0,0
21167,0,71,10,1,10,0,0,0,0,0,0,0,0,0,0,0
21191,0,31,24,2,30,0,0,0,0,1,0,0,0,0,0,0
21192,1,181,2,2,4,0,0,0,0,0,2,0,0,0,0,0
21194,1,445,16,12,68,4,2,1,1,1,0,0,0,0,0,0
21207,1,215,20,9,52,0,1,3,1,0,0,0,1,2,0,0
21208,0,252,10,5,30,1,0,1,1,0,0,0,0,0,0,0
21212,1,250,2,2,6,0,0,0,0,0,0,0,0,0,0,0
21241,1,308,12,2,16,0,1,0,0,0,0,0,1,0,0,0
21253,1,198,8,11,62,4,1,3,0,0,0,0,0,0,0,0
21259,0,199,6,1,6,0,0,0,0,0,0,0,0,0,0,1
21272,0,71,16,2,20,1,0,0,0,0,0,0,0,0,0,1
21286,1,243,14,1,14,0,0,0,0,0,0,0,0,0,0,1
21310,1,189,10,11,62,1,1,4,3,0,0,0,0,0,0,1
21311,0,158,16,2,20,0,0,0,0,1,0,0,0,0,0,0
21324,1,278,12,2,16,1,0,0,0,0,0,2,1,0,0,1
21336,0,44,12,1,12,0,0,0,0,0,0,0,1,0,0,0
21338,1,193,4,1,4,0,0,0,0,0,0,1,0,0,0,0
21343,1,52,12,2,20,0,0,0,0,0,0,0,1,0,0,0
21351,0,279,16,11,42,0,2,3,0,1,2,0,0,0,0,0
21365,0,307,10,6,34,1,0,0,0,1,2,0,0,0,0,0
21372,1,247,24,1,24,1,0,0,0,0,0,0,0,0,0,0
21375,1,60,14,2,18,0,0,0,0,0,0,0,0,0,0,0
21383,0,333,10,9,42,2,0,0,1,3,2,1,0,0,0,1
21400,0,246,30,2,34,0,1,1,0,0,0,0,0,0,0,0
21405,1,315,2,5,16,0,0,1,0,0,2,1,0,0,0,0
21408,1,202,4,1,4,0,0,0,0,0,4,2,0,0,0,0
21419,0,168,2,2,4,0,0,0,0,0,0,0,0,0,0,0
21450,1,309,36,1,36,0,1,0,0,0,0,0,0,0,0,0
21455,1,79,2,3,16,1,0,0,1,0,0,0,0,0,0,1
21467,1,249,24,2,28,1,0,0,1,0,0,1,0,0,0,1
21471,1,206,14,1,14,0,0,0,1,0,0,1,0,0,0,0
21504,0,405,2,11,42,0,1,3,1,2,2,1,0,0,0,0
21524,1,69,10,2,16,1,0,0,0,0,0,0,0,0,0,1
21544,1,318,10,2,14,0,0,1,0,0,1,1,0,0,0,0
21573,0,322,16,4,28,0,2,0,1,0,0,0,0,0,0,0
21576,1,282,16,10,66,2,1,3,2,0,0,0,0,1,0,0
21577,1,51,8,1,8,0,0,0,0,0,0,0,0,0,0,1
21579,0,323,14,2,20,1,0,0,0,0,0,0,0,0,0,1
21582,0,184,14,4,24,1,0,1,1,0,0,0,0,0,0,1
21588,1,111,4,2,8,0,0,0,0,0,0,0,0,0,0,0
21603,1,173,12,1,12,0,0,0,0,0,0,0,0,0,0,0
21622,1,244,10,2,16,0,0,0,0,0,0,2,0,0,0,0
21624,1,348,16,4,38,1,0,1,2,0,0,0,0,0,0,1
21625,1,195,14,9,60,2,1,1,2,0,0,0,0,0,0,0
21633,1,226,12,2,16,1,0,0,0,0,1,0,0,0,0,1
21656,0,104,12,1,12,0,0,0,0,0,1,0,0,0,0,0
21670,0,113,20,2,24,0,0,2,0,0,1,0,0,0,0,0
21685,1,143,30,1,30,1,0,0,0,0,0,0,0,0,0,1
21689,0,343,16,9,36,3,1,0,1,2,1,0,0,0,0,0
21698,1,84,4,2,8,0,0,0,0,0,0,0,0,0,0,0
21714,0,122,10,2,18,1,0,0,0,0,0,0,0,0,0,1
21733,0,174,4,1,4,0,0,0,0,0,0,1,0,0,0,0
21742,1,293,16,5,34,0,2,0,0,0,0,0,0,0,0,0
21754,1,463,10,12,42,2,1,3,1,0,0,1,0,0,0,0
21755,1,224,14,2,18,0,0,0,0,1,0,0,0,0,0,0
21756,1,350,12,12,56,2,2,0,2,0,1,2,0,0,0,0
21764,0,68,10,2,16,0,0,0,0,1,1,0,0,0,0,0
21770,1,356,2,5,24,0,0,2,0,0,0,0,0,0,0,0
21771,1,267,26,2,32,0,0,0,0,0,0,0,0,0,0,0
21773,0,117,22,3,36,0,0,2,0,0,1,0,0,0,0,0
21779,1,223,4,5,32,1,0,0,0,0,0,0,0,0,0,0
21789,1,147,10,2,18,1,0,0,0,0,0,0,0,0,0,0
21814,0,287,8,1,8,0,0,0,0,0,1,2,1,0,0,0
21815,1,169,16,1,16,0,0,0,0,0,0,0,0,0,0,0
21821,0,314,10,3,18,0,0,0,0,1,1,0,0,0,0,0
21846,0,185,14,2,22,1,1,0,0,0,1,2,0,0,0,0
21848,1,253,12,2,16,1,0,0,0,0,0,0,0,0,0,0
21849,1,91,12,2,16,1,0,0,0,0,0,0,0,0,0,0
21853,1,180,16,2,24,0,1,0,0,0,0,0,0,0,0,0
21858,0,327,8,2,14,0,0,0,1,0,0,1,1,0,0,0
21871,0,246,10,2,12,0,0,0,0,0,0,0,0,0,0,0
21873,0,84,4,2,6,0,0,0,0,0,0,0,0,0,0,0
21884,1,389,16,7,38,3,0,2,0,1,0,2,0,0,0,0
21902,1,190,24,3,40,0,0,2,0,1,0,1,0,0,0,0
21906,1,81,4,2,10,0,0,0,0,0,0,0,0,0,0,0
21913,1,183,16,5,36,1,0,3,0,0,0,2,0,0,0,0
21926,1,270,8,1,8,0,0,0,0,0,0,0,0,0,0,0
21938,1,279,12,1,12,0,0,0,0,0,0,0,0,0,0,0
21940,1,429,14,11,74,3,2,2,1,1,0,0,1,0,0,0
21951,0,275,12,2,20,1,0,0,0,0,0,2,0,0,0,0
21957,0,280,6,8,52,2,1,2,0,0,0,1,1,0,0,0
21961,1,399,10,10,54,2,1,4,0,0,0,1,0,0,0,0
21964,1,321,12,2,18,0,0,1,0,0,0,0,0,0,0,0
21974,1,276,16,2,18,1,0,0,1,0,0,1,0,0,0,0
21976,1,370,30,5,46,1,0,0,1,0,0,1,0,0,0,0
21980,0,104,2,3,10,0,0,0,0,0,0,0,0,0,0,0
21981,1,135,20,1,20,0,0,1,0,0,0,1,0,0,0,0
21984,1,35,12,1,12,0,0,0,0,0,0,0,0,0,0,0
22000,1,148,2,1,2,0,0,0,0,0,0,0,0,0,0,0
22005,0,253,16,1,16,0,0,0,0,0,0,0,0,0,0,0
22011,0,138,6,9,24,2,0,0,0,1,0,0,0,0,0,0
22018,1,76,10,2,14,0,1,0,0,0,0,0,0,0,0,0
22026,0,99,8,2,10,0,0,0,0,0,0,0,0,0,0,0
22036,1,124,16,8,46,2,1,3,1,1,0,0,0,0,0,0
22062,0,98,18,1,18,0,0,0,0,0,0,0,1,0,0,0
22065,1,98,10,5,26,1,0,1,0,0,0,0,0,0,0,0
22068,1,89,22,1,22,0,0,0,1,0,0,0,0,0,0,0
22069,1,295,14,1,14,0,0,1,0,0,0,2,0,0,0,0
22071,0,258,24,5,36,0,0,3,1,0,0,1,2,0,0,0
22075,1,206,10,2,12,0,0,0,0,0,0,1,0,0,0,0
22100,1,114,4,2,6,0,0,0,0,0,0,0,0,0,0,0
22108,0,234,10,1,10,0,0,0,0,0,0,0,0,0,0,0
22112,1,151,34,2,42,1,0,0,0,1,0,0,0,0,0,0
22117,1,66,22,2,26,0,0,1,0,0,1,0,0,0,0,0
22118,0,189,20,1,20,0,0,0,0,1,0,0,0,0,0,0
22124,0,122,12,2,18,0,0,1,0,0,0,0,0,0,0,0
22140,1,160,12,3,26,0,0,0,0,0,0,1,0,0,0,0
22148,1,368,24,11,74,2,1,1,1,0,0,2,0,0,0,0
22150,0,439,2,10,22,1,0,0,0,0,0,0,0,0,0,0
22152,1,414,4,10,40,0,1,1,1,0,0,0,0,0,0,0
22153,1,398,4,9,44,1,0,0,0,0,0,0,0,0,1,0
22158,1,199,16,9,38,5,0,2,0,0,0,0,0,0,0,0
22176,0,103,8,2,12,0,0,0,0,0,0,0,0,0,0,0
22201,1,144,16,1,16,0,0,0,0,1,0,2,0,0,0,0
22218,1,217,16,1,16,0,0,1,0,0,0,0,0,0,0,0
22221,1,209,24,1,24,0,0,0,0,1,0,1,0,0,0,0
22223,1,247,28,1,28,0,0,1,0,0,1,0,0,0,0,0
22229,1,390,10,9,32,0,2,0,1,1,0,0,0,0,1,1
22250,1,228,12,1,12,0,0,0,0,0,0,0,0,0,0,0
22257,1,49,10,1,10,0,0,0,0,0,0,0,0,0,0,0
22280,1,53,2,1,2,0,0,0,0,0,0,0,0,0,0,0
22282,1,76,12,2,14,1,0,0,0,0,0,0,0,0,0,0
22288,0,264,16,1,16,0,0,0,1,0,0,1,0,0,0,0
22294,0,107,16,2,22,0,0,0,1,0,0,0,0,0,0,0
22295,1,271,24,1,24,1,0,0,0,0,0,0,0,0,0,0
22312,1,301,10,3,24,1,0,0,1,0,0,0,0,0,0,0
22313,1,210,16,2,24,0,0,1,0,1,0,1,0,0,0,0
22318,0,206,10,6,28,0,0,2,1,1,0,1,0,2,0,0
22333,0,213,14,12,46,2,0,4,1,1,0,0,0,0,0,0
22335,0,142,10,4,26,0,0,1,1,0,0,0,0,0,0,0
22336,0,295,8,2,16,0,0,1,0,0,0,2,0,0,0,0
22341,0,157,26,10,54,2,0,0,2,2,0,0,0,0,0,0
22357,1,62,16,1,16,0,0,1,0,0,0,0,0,0,0,0
22376,0,193,14,1,14,0,0,0,0,0,0,0,3,0,0,0
22378,1,127,2,5,14,0,1,0,0,0,0,0,0,0,0,0
22391,0,247,10,2,18,0,0,0,0,1,2,0,0,0,0,0
22400,0,210,10,5,26,0,1,1,0,1,2,1,0,0,0,0
22402,0,267,14,12,68,7,1,4,0,0,0,0,3,0,0,0
22403,1,60,12,2,20,1,0,0,0,0,0,0,0,0,0,1
22409,1,114,2,2,6,0,0,0,0,0,0,0,0,0,0,0
22414,1,80,6,1,6,0,0,0,0,0,0,0,0,0,0,0
22416,0,302,4,3,12,0,0,0,0,0,0,0,0,0,0,0
22424,1,259,14,2,20,0,0,1,0,1,0,1,3,0,0,0
22428,0,193,14,3,28,2,0,0,1,0,0,0,3,0,0,0
22429,1,273,12,2,14,1,0,0,0,0,1,1,1,0,0,1
22440,0,191,14,2,22,0,0,1,1,0,0,0,3,0,0,0
22442,0,240,8,2,10,0,0,0,0,0,0,0,0,0,0,0
22460,1,245,28,10,54,4,0,3,0,2,0,0,0,0,0,0
22465,0,185,6,6,18,0,1,0,2,0,0,2,0,0,0,0
22484,0,31,2,2,10,0,0,0,0,0,0,0,0,0,0,0
22492,0,180,16,1,16,0,0,0,0,0,0,0,0,0,0,0
22500,1,40,14,2,18,1,0,0,1,0,0,0,0,0,0,0
22507,1,60,30,2,38,1,0,1,0,0,0,0,0,0,0,0
22521,0,288,16,1,16,0,0,1,0,0,0,0,0,0,0,0
22529,1,183,14,4,30,0,1,1,1,1,0,2,0,0,0,0
22543,0,398,4,12,28,2,1,1,2,1,0,0,0,0,0,0
22557,0,155,14,9,60,3,1,2,2,0,0,2,0,0,0,0
22563,1,26,12,1,12,0,0,0,0,0,1,0,0,0,0,0
22564,1,146,14,7,42,1,0,1,0,0,1,0,0,0,0,0
22567,1,149,14,2,16,1,0,0,0,0,1,1,0,0,0,0
22569,1,271,6,1,6,0,0,0,0,0,0,0,0,0,0,0
22585,1,237,2,1,2,0,0,0,0,0,0,3,0,0,0,0
22593,1,247,2,1,2,0,0,0,0,0,0,0,0,0,0,0
22607,1,238,18,1,18,0,0,1,0,0,0,0,1,0,0,0
22615,0,147,18,1,18,0,0,0,0,1,0,0,1,0,0,0
22617,1,290,10,2,14,0,0,1,0,0,0,0,0,0,0,0
22624,1,237,12,1,12,0,0,0,0,0,0,3,1,0,0,0
22630,0,80,22,2,26,0,0,0,1,1,0,0,0,0,0,0
22632,1,212,16,4,36,2,0,1,1,0,1,1,0,0,0,0
22647,1,306,34,2,38,1,1,0,0,0,1,0,0,0,0,0
22659,1,79,6,2,12,0,0,0,0,0,0,0,0,0,0,0
22667,1,131,14,2,20,0,0,1,1,0,0,0,0,0,0,0
22668,1,126,14,6,30,1,1,1,0,1,0,0,0,0,1,0
22669,0,303,2,1,2,0,0,0,0,0,0,0,0,0,0,0
22672,1,284,2,1,2,0,0,0,0,0,0,1,0,0,0,0
22719,1,261,14,1,14,0,0,0,0,0,0,1,0,0,0,0
22720,1,328,8,2,16,0,0,1,0,0,1,0,0,0,0,0
22722,1,27,4,1,4,0,0,0,0,0,1,0,0,0,0,0
22728,0,96,10,3,22,0,0,0,0,0,0,0,0,0,0,0
22731,1,40,10,1,10,0,0,0,0,0,0,0,0,0,0,0
22732,1,328,34,7,56,1,0,2,1,0,3,0,0,0,0,0
22736,1,150,30,5,42,1,0,1,1,2,3,0,0,0,0,0
22737,1,405,14,9,54,1,0,1,3,1,2,0,0,0,0,0
22740,1,24,6,1,6,0,0,0,0,0,2,0,0,0,0,1
22745,1,313,10,8,30,4,1,1,1,0,1,0,0,0,0,0
22749,1,315,28,2,30,0,1,0,0,0,1,1,0,0,0,0
22751,1,125,10,1,10,0,0,0,0,0,0,0,0,0,0,0
22754,0,160,16,2,20,1,0,1,0,0,0,1,0,0,0,0
22762,1,163,14,6,30,1,2,0,2,0,0,0,0,0,0,0
22770,0,112,6,2,10,0,0,0,0,0,0,0,0,0,0,0
22779,1,227,8,10,56,2,0,1,2,1,0,0,0,0,0,0
22787,1,98,10,2,14,0,1,0,0,0,0,0,0,0,0,0
22788,1,32,16,1,16,0,0,1,0,0,1,0,0,0,0,0
22795,1,74,8,1,8,0,0,0,0,0,0,0,0,0,0,0
22799,1,294,18,7,46,2,2,1,0,1,0,0,0,0,0,0
22815,0,131,10,2,16,0,1,0,0,0,0,0,0,0,0,0
22825,0,268,14,5,36,3,0,1,0,1,0,0,0,0,0,0
22846,1,295,30,1,30,0,1,0,0,0,1,2,0,0,0,1
22848,0,248,10,7,38,1,0,3,1,0,1,1,0,0,0,0
22861,0,50,34,1,34,0,0,0,0,1,1,0,0,0,0,0
22872,1,289,16,2,24,0,1,1,0,0,0,0,0,0,0,0
22877,0,179,10,2,18,0,0,0,0,1,0,0,0,0,0,0
22881,1,268,24,12,66,1,2,2,3,1,0,0,0,0,0,1
22898,1,367,26,8,66,0,1,4,2,0,0,3,0,0,0,0
22903,1,58,16,2,18,1,0,0,1,0,0,0,0,0,0,1
22913,1,150,30,6,48,1,0,2,0,1,0,0,0,0,0,1
22938,1,203,34,1,34,0,0,0,0,0,0,0,0,0,0,0
22942,1,168,12,1,12,0,0,0,0,0,0,0,0,0,0,0
22962,1,28,4,1,4,0,0,0,0,0,0,0,0,0,0,0
22971,1,290,2,10,60,2,1,1,2,0,0,0,0,0,0,0
22975,0,92,8,2,12,0,0,0,0,0,0,0,0,0,0,0
22979,1,192,14,5,28,2,0,1,1,0,0,0,0,0,0,0
22991,1,302,10,1,10,0,0,0,0,0,1,2,0,0,0,0
23004,0,250,10,2,18,1,0,0,0,0,1,0,0,0,0,0
23011,1,113,8,1,8,0,0,0,0,0,0,0,0,0,0,0
23018,0,243,6,7,46,0,0,2,1,3,1,0,0,0,0,0
23021,0,152,20,1,20,0,0,0,1,0,0,0,0,0,0,0
23022,1,34,12,1,12,0,0,0,0,0,1,0,0,0,0,0
23039,1,196,30,6,60,1,1,1,0,1,0,0,0,0,0,1
23052,1,109,6,3,16,0,0,0,0,0,0,0,0,0,0,0
23053,1,311,32,9,56,6,0,2,1,0,0,0,0,0,0,0
23056,1,173,14,11,56,1,0,6,2,0,0,0,0,0,0,0
23069,1,298,10,1,10,0,0,0,0,0,0,2,0,0,0,0
23081,1,342,8,6,30,1,1,3,0,0,0,1,0,0,0,0
23086,1,228,16,2,22,0,0,0,2,0,0,0,0,0,0,0
23090,1,215,8,1,8,0,0,0,0,0,0,0,0,0,0,0
23100,1,290,10,2,16,0,0,1,0,0,0,0,0,0,0,0
23105,0,81,12,1,12,0,0,0,0,0,1,0,0,0,0,0
23110,1,291,18,3,28,1,1,0,1,0,0,1,0,0,0,0
23119,1,307,14,2,22,1,0,1,0,0,0,0,0,0,0,0
23126,0,228,12,2,20,0,0,0,0,0,0,0,0,0,0,0
23129,1,129,10,1,10,0,0,0,0,0,0,0,0,0,0,0
23169,0,263,16,1,16,0,0,1,0,0,0,0,0,0,0,0
23190,0,120,2,2,4,0,0,0,0,0,0,0,0,0,0,0
23198,0,308,14,1,14,0,0,0,0,0,0,1,0,0,0,0
23210,0,263,10,2,14,0,1,0,0,0,0,0,1,0,0,0
23211,0,112,8,1,8,0,0,0,0,0,0,0,0,0,0,0
23213,1,223,2,1,2,0,0,0,0,0,1,0,0,0,0,0
23217,1,344,36,4,50,2,0,1,0,1,1,0,0,0,0,0
23258,1,297,10,8,36,1,1,1,2,1,1,0,0,0,0,0
23261,0,110,26,1,26,0,0,0,0,0,0,0,0,0,0,0
23262,1,335,18,12,66,1,0,5,1,1,0,0,0,0,0,0
23268,1,79,4,1,4,0,0,0,0,0,0,0,0,0,0,0
23280,1,460,14,12,84,1,5,3,1,1,0,1,0,0,0,0
23284,1,110,12,1,12,0,0,0,0,0,0,0,0,0,0,0
23285,0,289,12,3,26,0,0,0,2,0,0,0,0,0,0,0
23286,1,171,12,1,12,0,0,0,0,0,0,0,1,0,0,0
23294,1,86,16,4,36,1,2,0,1,0,0,0,0,0,0,0
23299,1,272,10,11,70,2,2,1,2,1,0,2,1,0,1,0
23300,0,248,4,2,12,0,0,0,0,0,0,1,0,0,0,0
23303,1,225,16,1,16,1,0,0,0,0,1,0,0,0,0,0
23306,0,31,10,2,16,0,0,1,0,0,0,0,0,0,0,0
23315,1,32,22,2,24,0,0,1,0,0,1,0,0,0,0,0
23319,1,448,30,11,70,2,1,2,2,2,1,1,0,0,1,0
23331,1,246,6,2,12,0,0,0,0,0,0,3,0,0,0,0
23336,0,157,14,2,18,1,1,0,0,0,0,0,1,0,0,0
23350,1,312,16,2,22,0,0,2,0,0,0,0,0,0,0,0
23358,1,153,10,6,30,1,1,1,0,1,0,0,0,0,0,0
23361,0,286,10,2,16,1,0,0,0,0,0,0,0,0,0,0
23366,1,259,14,2,22,0,0,0,1,1,0,1,1,0,0,0
23369,1,317,8,3,14,0,0,1,0,0,0,1,0,0,0,1
23376,0,281,14,2,18,0,1,1,0,0,0,0,0,0,0,0
23385,1,240,36,5,56,0,1,3,0,1,0,0,0,0,0,0
23400,0,215,12,2,16,1,0,0,0,0,0,0,0,0,0,0
23411,1,370,14,12,42,2,1,1,3,3,1,1,0,2,0,0
23424,0,341,8,6,40,2,0,1,0,1,0,0,0,0,0,0
23428,0,251,8,1,8,0,0,0,0,0,0,0,0,0,0,0
23470,1,265,12,2,16,1,0,0,0,0,1,0,0,0,0,0
23483,0,78,8,2,12,0,0,0,0,0,1,0,0,0,0,1
23495,1,79,20,2,22,1,0,1,0,0,0,0,0,0,0,0
23499,1,105,36,1,36,1,0,0,0,0,0,0,0,0,0,0
23501,0,58,16,1,16,0,0,0,0,0,1,0,1,0,0,0
23503,1,158,18,4,32,2,0,2,0,0,0,0,0,0,0,0
23513,0,172,10,1,10,0,0,0,0,0,1,0,0,0,0,0
23514,1,112,4,2,6,0,0,0,0,0,0,0,0,0,0,0
23524,1,159,10,1,10,0,0,0,0,0,0,2,0,0,0,0
23525,0,183,2,1,2,0,0,0,0,0,1,2,0,0,0,0
23541,1,145,2,1,2,0,0,0,0,0,0,0,0,0,0,0
23542,1,374,16,6,44,1,0,2,0,1,0,3,1,0,0,0
23550,1,266,16,2,20,0,0,0,1,0,0,0,1,0,0,0
23554,1,32,10,1,10,0,0,0,0,0,0,0,0,0,0,0
23559,1,93,22,1,22,0,0,0,0,0,0,0,0,0,0,0
23564,0,281,4,2,6,0,0,0,0,0,0,0,0,0,0,0
23567,1,98,2,1,2,0,0,0,0,0,0,0,0,0,0,0
23572,1,81,4,2,8,0,0,0,0,0,0,0,0,0,0,0
23577,1,252,10,1,10,0,0,0,0,0,0,0,0,0,0,0
23581,1,102,14,1,14,0,0,1,0,0,0,0,0,0,0,0
23585,0,170,14,2,18,1,0,1,0,0,0,0,0,0,0,1
23586,1,184,6,1,6,0,0,0,0,0,0,0,0,0,0,0
23598,0,297,30,1,30,1,0,0,0,0,0,0,0,0,0,0
23600,0,155,22,9,60,2,0,1,1,1,0,0,0,0,0,0
23603,1,90,22,1,22,1,0,0,0,0,1,0,0,0,0,0
23604,0,93,16,1,16,0,0,0,0,0,0,0,0,0,0,0
23616,1,193,10,8,48,2,1,1,2,1,2,0,0,0,0,0
23621,1,76,8,1,8,0,0,0,0,0,2,0,2,0,0,0
23623,0,196,10,1,10,0,0,0,0,0,0,0,0,0,0,0
23627,1,254,6,7,42,0,0,2,0,0,1,0,0,0,0,0
23638,1,349,12,7,46,3,0,2,0,0,0,2,0,0,0,0
23645,0,399,18,7,38,3,0,1,1,0,0,0,0,0,0,0
23652,1,173,16,9,40,4,3,0,0,2,3,0,0,0,0,0
23654,1,230,32,1,32,0,0,1,0,0,0,0,1,0,0,0
23656,0,329,2,8,28,2,0,2,1,0,0,1,0,0,0,0
23663,0,42,8,1,8,0,0,0,0,0,0,1,0,0,0,0
23669,1,299,12,2,18,0,0,0,0,1,1,1,0,0,0,0
23675,0,133,14,1,14,0,0,1,0,0,0,0,0,0,0,0
23677,1,225,32,2,40,0,1,0,0,0,1,0,0,0,0,0
23678,1,126,14,1,14,0,0,0,1,0,0,0,0,0,0,0
23681,1,190,16,2,18,0,0,2,0,0,1,2,0,0,0,0
23693,1,20,22,1,22,0,0,1,0,0,1,0,0,0,0,0
23704,1,83,14,2,16,1,0,0,0,0,1,0,0,0,0,0
23728,1,197,2,10,42,0,2,4,1,0,0,1,0,0,0,0
23729,1,206,10,2,16,0,0,0,1,0,3,1,0,0,0,0
23731,1,320,14,4,26,1,0,1,0,2,3,0,0,0,0,0
23733,0,307,14,2,16,1,0,0,1,0,1,0,0,0,0,0
23738,1,65,14,2,20,1,0,0,0,0,0,0,0,0,0,0
23756,0,28,30,1,30,0,0,0,0,1,0,0,0,0,0,0
23760,1,408,12,8,34,1,0,3,2,1,0,1,0,0,0,0
23767,1,207,10,2,18,1,0,0,0,0,0,0,0,0,0,0
23771,1,200,10,2,12,0,0,0,0,0,0,0,0,0,0,0
23776,1,155,36,2,44,0,0,0,1,0,0,0,0,0,0,0
23818,1,216,16,1,16,0,0,1,0,0,1,1,0,0,0,0
23829,0,225,34,5,50,1,1,0,1,2,1,0,0,0,0,0
23836,1,64,14,1,14,0,0,1,0,0,0,0,0,0,0,0
23837,0,111,4,4,14,0,0,1,0,0,1,0,1,0,0,0
23847,1,275,14,1,14,1,0,0,0,0,0,2,0,0,0,0
23858,1,163,14,1,14,0,0,0,1,0,1,3,0,0,0,0
23864,1,179,14,2,18,1,0,1,0,0,0,0,0,0,0,0
23865,1,100,14,1,14,0,0,0,0,0,1,1,2,0,0,0
23866,1,256,8,1,8,0,0,0,0,0,1,0,0,0,0,0
23867,1,144,14,1,14,0,1,0,0,0,2,0,2,0,0,0
23882,0,309,10,12,80,3,1,3,1,1,0,0,0,0,0,0
23883,0,309,12,8,36,0,3,2,0,0,0,0,0,0,0,0
23884,1,285,26,1,26,0,0,1,0,0,0,1,0,0,0,0
23889,1,249,8,2,14,1,0,0,0,0,0,1,0,0,0,0
23895,1,177,14,2,18,0,0,1,0,1,0,0,0,0,0,0
23902,0,113,8,2,16,1,0,0,0,0,0,0,0,0,0,0
23913,0,303,10,3,20,0,1,0,0,0,0,0,0,1,0,0
23914,0,87,16,1,16,0,0,1,0,0,0,0,1,0,0,1
23925,1,284,2,1,2,0,0,0,0,0,1,1,0,0,0,0
23938,1,33,6,1,6,0,0,0,0,0,0,0,1,0,0,1
23949,1,145,14,8,42,3,2,1,1,0,0,0,0,0,1,0
23974,1,183,16,10,50,1,1,3,1,1,0,2,1,0,0,0
23981,1,144,30,6,60,2,0,4,0,0,0,0,0,0,0,0
23983,0,161,16,1,16,0,0,0,0,0,1,0,1,0,0,0
23990,1,257,32,2,38,1,0,0,1,0,0,0,0,0,0,0
24011,1,169,4,4,18,2,0,0,0,0,0,0,0,0,0,0
24012,0,281,6,1,6,0,0,0,0,0,1,0,1,0,0,1
24014,0,194,6,6,30,0,1,2,0,1,0,0,1,1,0,1
24020,1,237,34,1,34,0,0,0,0,0,0,0,0,0,0,0
24049,1,196,18,1,18,1,0,0,0,0,0,0,1,0,0,0
24054,0,252,12,2,18,0,0,0,1,0,0,0,0,0,0,0
24072,1,93,34,2,38,0,0,1,0,0,0,0,0,0,0,0
24075,1,31,34,2,42,2,0,0,0,0,0,0,0,0,1,0
24078,1,215,28,1,28,0,0,1,0,0,1,0,0,0,0,0
24094,0,236,4,2,10,0,0,0,0,0,0,1,0,0,0,0
24107,1,292,14,11,44,3,0,2,3,1,0,0,0,0,0,0
24110,0,104,12,1,12,0,0,0,0,0,0,0,0,0,0,0
24111,1,210,10,1,10,0,0,0,0,0,0,1,0,0,0,0
24112,1,176,32,6,68,0,0,2,2,0,0,0,0,1,0,0
24132,0,90,24,2,28,1,0,0,0,0,0,0,0,0,0,0
24151,1,220,18,2,26,0,0,1,0,0,0,0,1,0,0,0
24153,1,179,22,8,40,2,0,2,1,0,0,0,0,0,0,0
24159,1,233,10,1,10,0,0,0,0,0,0,0,0,0,0,0
24181,1,232,16,4,34,0,0,2,0,2,0,2,0,0,0,0
24184,1,62,4,2,12,0,0,0,0,0,0,0,0,0,0,0
24195,1,26,6,1,6,0,0,0,0,0,0,0,1,0,0,0
24205,0,158,16,1,16,0,0,0,0,0,1,0,0,0,0,0
24217,1,167,14,2,18,1,0,1,0,0,0,0,0,0,0,0
24222,1,172,16,2,20,0,0,0,1,0,0,0,0,0,0,0
24233,1,291,14,10,44,2,2,3,1,0,0,1,0,1,0,0
24247,0,334,4,12,30,1,1,3,0,0,0,0,0,0,0,0
24261,1,278,10,2,18,0,0,0,1,0,2,2,0,0,0,0
24262,1,296,30,7,62,0,0,2,1,0,0,0,0,1,0,0
24282,0,252,16,1,16,1,0,0,0,0,0,0,0,0,0,0
24304,0,249,32,2,40,0,0,1,0,1,0,1,0,0,0,0
24309,0,267,8,1,8,0,0,0,0,0,0,0,0,0,0,0
24331,1,223,12,1,12,0,0,0,0,0,0,0,0,0,0,0
24333,1,209,12,9,64,1,2,4,0,0,1,1,0,0,0,0
24339,1,263,4,2,12,0,0,0,0,0,1,0,0,0,0,1
24361,1,251,16,1,16,0,0,1,0,0,0,0,0,0,0,1
24376,1,228,16,2,22,0,0,0,0,0,0,1,0,0,0,0
24379,1,183,8,1,8,0,0,0,0,0,0,2,0,0,0,0
24382,1,311,26,9,68,2,1,0,2,0,0,0,0,0,0,0
24384,1,293,8,9,46,3,0,1,0,1,1,2,0,0,0,1
24388,0,228,4,11,46,1,1,2,2,1,0,1,0,0,0,0
24389,0,160,6,6,22,1,0,0,0,1,0,1,0,0,0,0
24402,1,65,10,1,10,0,0,0,0,0,0,0,0,0,0,0
24412,0,167,22,3,30,0,0,1,0,0,0,0,0,0,0,0
24414,1,31,12,1,12,0,0,0,0,0,0,0,0,0,0,0
24424,1,151,16,1,16,0,0,1,0,0,0,0,0,0,0,0
24431,0,152,10,1,10,0,0,0,0,0,0,0,0,0,0,0
24438,1,327,10,2,12,0,0,0,0,0,0,1,0,0,0,0
24451,1,239,36,1,36,0,0,0,0,1,1,2,0,0,1,0
24457,1,102,20,2,26,1,0,0,0,0,2,0,0,0,0,0
24465,1,79,18,2,22,0,0,0,1,0,1,0,0,0,0,0
24484,0,199,16,1,16,0,0,0,0,1,0,0,0,0,0,0
24492,1,153,10,1,10,0,0,0,0,0,1,2,0,0,0,0
24505,1,175,28,3,40,1,0,0,0,1,0,2,0,0,0,0
24512,1,285,10,1,10,0,0,0,0,0,0,0,0,0,0,0
24521,0,33,12,2,16,0,0,1,0,0,0,0,0,0,0,1
24526,1,308,14,9,60,0,1,2,3,1,0,1,1,0,0,0
24543,1,82,34,3,44,1,0,0,1,0,0,0,0,0,0,0
24546,1,50,26,1,26,0,0,1,0,0,2,0,0,0,0,0
24554,1,265,30,11,52,3,1,4,1,0,0,0,0,0,0,1
24555,0,257,8,1,8,0,0,0,0,0,0,0,0,0,0,0
24581,1,363,16,10,40,2,0,2,3,0,1,2,0,0,0,1
24588,0,110,10,1,10,0,0,0,0,0,0,0,0,0,0,0
24609,1,233,12,2,20,1,0,0,0,0,0,0,1,0,0,0
24613,1,214,6,2,10,0,0,0,0,0,0,0,1,0,0,0
24621,1,161,10,9,30,1,3,2,2,0,0,0,0,0,0,0
24623,1,25,16,1,16,0,0,0,1,0,0,0,0,0,0,0
24634,1,108,16,2,22,1,1,0,0,0,0,0,0,0,0,0
24641,0,61,14,2,20,1,1,0,0,0,0,1,0,0,0,0
24645,1,127,12,7,28,1,1,1,1,1,0,0,0,0,1,0
24646,1,184,16,1,16,0,0,0,0,0,0,0,0,0,0,0
24648,1,308,16,1,16,0,0,0,0,1,0,1,0,0,0,0
24655,1,415,4,10,50,2,3,0,1,0,0,2,0,0,0,1
24658,0,157,14,2,22,0,0,2,0,0,0,0,2,0,0,0
24682,1,372,4,7,38,0,0,3,0,1,0,1,0,0,0,0
24684,1,89,8,2,10,0,0,0,0,0,0,0,0,0,0,0
24709,1,194,4,6,16,0,0,2,0,0,1,0,0,1,0,0
24718,0,423,8,12,44,3,0,4,1,0,1,1,0,0,0,0
24720,1,291,16,1,16,0,1,0,0,0,0,1,1,0,0,0
24731,1,337,14,10,52,1,1,4,0,0,0,1,2,0,0,1
24736,1,183,14,1,14,0,0,0,0,0,0,2,0,0,0,0
24740,0,334,8,12,62,3,2,2,1,1,0,0,0,0,0,0
24743,1,55,22,1,22,0,0,0,0,0,0,0,0,0,0,0
24746,1,244,16,5,42,0,1,1,1,0,2,0,0,0,0,0
24770,1,306,6,2,10,0,0,0,0,0,0,0,1,1,0,0
24787,1,185,24,8,48,1,1,1,0,2,0,2,0,0,0,0
24798,1,331,8,7,32,0,0,0,2,1,0,0,0,0,1,0
24799,1,245,8,2,12,0,0,0,0,0,0,0,0,0,0,0
24801,1,167,36,1,36,0,0,0,0,0,0,0,0,0,0,0
24822,0,37,12,1,12,0,0,0,0,0,3,0,0,0,0,0
24833,1,134,12,5,36,1,1,1,0,0,1,0,0,0,0,0
24836,0,169,6,7,44,2,1,2,0,0,0,0,0,0,0,0
24845,1,69,12,3,24,0,0,1,0,0,1,0,0,0,0,0
24858,0,434,24,10,44,2,0,3,3,1,0,1,0,2,0,0
24861,1,241,10,3,24,1,0,0,1,0,1,0,0,0,0,0
24868,1,166,6,3,20,0,0,0,0,0,1,0,0,0,0,0
24871,1,258,2,11,38,1,0,2,4,1,0,2,0,0,0,0
24875,0,368,14,12,38,5,1,0,1,1,0,2,0,0,0,0
24877,1,96,14,2,20,0,1,1,0,0,0,0,0,0,0,0
24878,1,273,18,2,20,1,0,1,0,0,0,0,0,0,0,0
24887,1,187,26,2,32,1,0,1,0,0,0,0,0,0,0,0
24892,1,456,8,11,46,1,0,5,0,1,0,0,0,0,0,0
24896,1,219,6,2,8,0,0,0,0,0,0,0,0,0,0,0
24897,0,97,12,1,12,0,0,0,0,0,1,0,0,0,0,0
24913,1,110,12,1,12,0,0,0,0,0,1,0,0,0,0,0
24920,1,332,4,8,36,0,1,2,0,1,0,0,0,0,1,0
24933,1,152,18,2,22,1,0,0,0,0,0,0,0,0,1,1
24938,1,238,12,11,38,1,1,1,3,1,0,0,0,0,0,0
24940,1,159,4,1,4,0,0,0,0,0,0,1,0,0,0,0
24942,1,295,24,7,64,2,0,2,1,1,1,2,1,0,0,0
24957,1,185,16,1,16,1,0,0,0,0,2,2,1,0,0,0
24958,1,303,34,1,34,0,0,0,0,0,0,0,0,0,0,0
24978,1,115,12,2,18,1,0,0,0,0,0,0,0,0,0,0
24980,0,464,16,12,48,3,1,4,1,0,0,2,1,0,0,0
25000,1,406,10,8,56,2,0,1,0,2,0,2,0,0,0,1
25010,1,57,4,1,4,0,0,0,0,0,0,0,0,0,0,0
25018,0,34,12,1,12,0,0,0,0,0,0,0,0,0,0,0
25034,1,258,14,1,14,0,0,0,0,1,0,2,0,0,0,0
25059,1,177,6,2,14,1,0,0,0,0,1,0,0,0,0,0
25066,0,102,26,1,26,0,1,0,0,0,0,0,0,0,0,0
25069,1,59,14,2,20,0,0,1,0,0,0,1,0,0,0,0
25087,0,271,14,2,22,0,1,0,1,0,0,0,0,0,1,0
25095,0,218,14,10,44,1,1,3,1,1,0,0,0,2,0,0
25113,0,318,22,8,60,5,1,1,0,0,0,3,0,0,0,0
25132,1,111,2,1,2,0,0,0,0,0,0,0,0,0,0,0
25134,0,219,32,9,84,0,1,1,3,1,0,0,0,0,0,0
25137,0,193,14,2,20,1,0,0,1,0,0,0,0,0,0,0
25143,1,390,10,8,28,1,0,4,1,0,0,0,0,0,0,0
25144,1,239,12,5,40,0,1,2,0,0,0,2,0,0,0,0
25154,1,262,2,3,8,0,0,0,0,0,0,0,0,0,0,0
25165,1,63,24,2,32,0,1,0,1,0,0,0,1,0,0,0
25183,0,218,14,1,14,0,0,0,0,0,0,0,0,0,0,0
25192,1,257,10,2,12,0,0,0,0,0,0,0,1,0,0,0
25193,1,217,6,1,6,0,0,0,0,0,0,0,0,0,0,0
25237,1,313,4,1,4,0,0,0,0,0,1,0,0,0,0,0
25243,1,158,4,1,4,0,0,0,0,0,0,0,0,0,0,0
25245,0,184,12,10,48,3,0,2,2,0,0,0,0,2,0,0
25249,1,55,14,1,14,0,0,0,0,0,1,0,1,0,0,0
25260,1,85,16,4,34,1,0,0,1,0,1,0,0,0,0,0
25272,1,173,24,8,56,2,0,2,3,1,1,0,1,0,0,0
25275,1,291,6,2,8,0,0,0,0,0,1,1,0,0,0,0
25295,0,299,2,1,2,0,0,0,0,0,0,1,0,0,0,1
25297,1,207,8,7,24,1,0,1,0,0,1,0,0,0,0,0
25301,0,157,6,8,34,1,0,1,1,2,1,0,0,0,0,0
25304,1,148,2,1,2,0,0,0,0,0,0,0,0,0,0,1
25319,1,286,30,8,54,1,2,0,1,0,0,0,0,0,0,0
25320,1,421,12,9,44,3,1,0,0,0,0,2,0,0,0,1
25321,1,123,8,5,22,0,0,0,2,0,0,0,0,0,0,0
25329,1,326,2,10,48,1,0,4,1,1,0,3,0,2,1,0
25330,1,175,2,5,30,0,0,0,0,0,0,2,0,0,0,0
25334,1,135,4,2,12,0,0,0,0,0,0,0,0,0,0,1
25335,0,79,6,4,24,0,1,1,0,0,0,0,0,0,0,1
25344,1,195,10,3,22,1,0,0,0,1,0,2,0,0,0,0
25350,1,93,20,1,20,0,1,0,0,0,0,0,0,0,0,0
25352,1,395,14,10,70,1,2,3,1,1,0,0,2,2,0,0
25368,1,98,12,1,12,0,0,0,0,0,0,0,0,0,0,0
25370,0,137,12,2,14,1,0,0,0,0,0,0,0,0,0,0
25375,1,269,10,1,10,0,0,0,0,0,0,1,0,0,0,0
25378,1,296,10,5,38,1,0,0,1,0,0,0,0,0,0,0
25380,0,308,14,1,14,0,0,0,0,1,0,1,1,0,0,0
25405,1,403,22,8,54,0,0,4,1,1,0,0,0,0,0,0
25423,1,143,2,2,4,0,0,0,0,0,0,0,0,0,0,0
25424,1,235,8,1,8,0,0,0,0,0,0,0,2,0,0,0
25427,0,295,2,7,44,1,0,1,0,1,0,2,0,1,0,0
25440,1,300,8,1,8,0,0,0,0,0,0,0,2,0,0,0
25443,1,203,14,4,32,1,0,2,1,0,0,0,1,0,0,0
25447,1,333,18,11,62,0,1,4,2,3,2,1,0,0,0,0
25454,1,129,10,2,14,0,1,0,0,0,2,0,0,0,0,0
25459,0,271,6,1,6,0,0,0,0,0,0,0,0,0,0,0
25469,0,97,12,2,16,0,0,1,0,0,0,0,0,0,0,0
25474,1,298,2,2,8,0,0,0,0,0,0,2,0,0,0,0
25482,1,379,10,7,34,0,0,1,0,1,2,3,0,1,0,0
25491,1,149,22,2,24,0,0,1,0,1,0,1,0,0,0,0
25495,1,292,2,2,6,0,0,0,0,0,1,0,0,0,0,0
25498,1,265,16,5,36,1,2,1,1,0,0,0,0,0,1,0
25499,0,270,2,2,6,0,0,0,0,0,0,0,0,0,0,0
25502,0,442,26,12,88,1,1,3,3,1,0,1,0,0,1,0
25503,0,232,12,6,46,2,0,1,1,0,0,2,1,0,0,0
25511,0,49,2,2,10,0,0,0,0,0,0,0,0,0,0,0
25517,1,243,2,2,10,0,0,0,0,0,0,0,0,0,0,0
25522,1,234,30,1,30,1,0,0,0,0,1,0,1,0,0,0
25526,1,188,8,2,10,0,0,0,0,0,0,0,0,0,0,0
25535,1,202,8,8,34,3,1,2,1,0,1,2,0,0,0,0
25542,0,95,34,2,38,1,0,0,0,0,0,1,0,0,0,0
25564,1,308,8,7,46,1,1,1,1,0,0,0,0,0,0,0
25565,1,342,8,11,64,1,0,2,4,0,0,1,0,0,0,0
25566,1,290,14,9,46,2,1,3,0,1,0,0,0,1,0,0
25579,0,216,12,1,12,0,0,0,0,0,0,1,0,0,0,1
25580,1,205,6,7,46,0,1,2,0,0,3,1,0,0,0,0
25590,1,114,28,1,28,0,0,1,0,0,3,0,0,0,0,0
25600,1,85,24,4,46,0,0,0,0,0,0,0,0,0,0,0
25604,1,315,22,2,28,0,1,0,1,0,0,2,2,0,0,0
25606,0,314,8,2,10,0,0,0,0,0,0,0,0,0,0,0
25608,1,88,8,2,12,0,0,0,0,0,0,0,0,0,0,0
25614,1,360,12,8,60,1,0,4,1,0,1,0,1,0,0,0
25627,0,262,26,1,26,0,0,0,0,0,0,0,0,0,0,0
25632,1,257,12,2,14,0,0,0,0,0,0,0,1,0,0,0
25661,1,216,8,2,14,1,0,0,0,0,0,1,0,0,0,0
25664,1,209,34,10,92,4,0,3,0,1,0,1,0,0,0,0
25674,0,275,12,1,12,0,0,0,0,0,0,0,0,0,0,0
25680,1,79,16,5,44,2,1,1,0,1,0,0,1,0,0,0
25688,0,275,24,3,34,1,0,0,0,1,0,0,0,0,0,0
25693,0,119,16,1,16,0,0,0,1,0,0,0,0,0,0,0
25698,1,175,14,1,14,0,0,1,0,0,0,2,0,0,0,0
25721,1,32,8,2,10,0,0,0,0,0,0,0,0,0,0,0
25724,1,218,16,3,30,1,1,1,0,0,0,0,0,0,0,0
25733,0,74,30,1,30,0,1,0,0,0,2,0,0,0,0,0
25734,0,146,10,1,10,0,0,0,0,0,2,0,2,0,0,0
25735,1,398,2,7,20,1,0,1,0,0,1,0,0,0,0,0
25740,0,31,14,1,14,1,0,0,0,0,2,0,0,0,0,0
25751,1,167,4,1,4,0,0,0,0,0,0,0,0,0,0,0
25752,1,479,18,12,78,0,0,4,2,2,0,1,0,0,0,0
25755,1,58,6,2,8,0,0,0,0,0,0,0,0,0,0,0
25777,0,217,12,2,16,0,0,1,0,0,0,0,0,0,0,0
25778,1,295,16,1,16,0,0,0,0,0,0,2,0,0,0,0
25785,1,233,12,2,18,0,0,0,0,0,0,0,0,0,0,0
25789,0,312,10,1,10,0,0,0,0,0,0,1,0,0,0,0
25821,1,210,8,2,10,0,0,0,0,0,0,1,0,0,0,0
25823,1,85,18,1,18,0,0,0,0,0,0,0,0,0,0,0
25824,1,45,18,1,18,0,0,0,0,0,1,0,0,0,0,0
25828,1,267,14,2,22,2,0,0,0,0,0,0,0,0,0,1
25834,0,138,16,2,24,0,0,0,1,0,0,0,0,0,0,0
25857,1,431,14,11,70,1,3,4,1,0,0,3,0,0,0,0
25875,1,145,12,2,16,0,0,0,0,1,1,0,0,0,0,0
25881,0,186,8,8,38,2,1,1,1,0,0,2,0,0,0,1
25897,1,212,14,4,22,2,0,0,2,0,2,0,0,0,1,1
25898,1,30,4,1,4,0,0,0,0,0,0,0,0,0,0,0
25904,0,100,8,1,8,0,0,0,0,0,1,0,0,0,0,0
25911,1,392,8,9,46,3,1,2,1,0,0,0,0,0,0,0
25917,1,215,2,2,8,0,0,0,0,0,0,0,0,0,0,0
25919,1,127,14,2,22,2,0,0,0,0,0,0,0,0,1,0
25923,0,162,12,10,34,2,0,1,2,1,0,0,0,1,0,0
25930,1,223,2,5,12,0,0,0,0,0,1,0,0,0,0,0
25935,0,100,16,6,48,0,1,1,0,1,0,0,1,0,0,0
25940,1,71,36,1,36,0,0,0,0,0,0,0,0,0,0,0
25942,1,49,10,1,10,0,0,0,0,0,0,0,0,0,0,0
25947,1,260,14,2,20,1,0,1,0,0,0,0,0,0,0,0
25948,0,58,10,1,10,0,0,0,0,0,2,0,0,0,0,0
25952,1,282,8,2,16,0,1,0,0,0,0,1,0,0,0,0
25972,1,139,28,2,30,1,1,0,0,0,0,0,0,0,0,0
25979,1,130,30,1,30,0,0,0,0,0,0,1,0,0,0,0
25980,1,145,12,4,24,2,0,1,0,0,0,0,0,0,0,0
25997,1,188,12,1,12,0,0,0,0,0,1,0,0,0,0,0
25999,1,116,28,1,28,1,0,0,0,0,0,0,0,0,0,0
26015,1,208,12,1,12,0,0,0,0,0,0,0,0,0,0,0
26033,1,221,6,1,6,0,0,0,0,0,0,0,1,0,0,0
26038,0,332,4,7,18,1,0,1,0,0,0,0,0,0,0,0
26049,1,107,16,1,16,0,0,0,1,0,1,0,0,0,0,0
26051,1,161,4,2,10,0,0,0,0,0,0,0,0,0,0,0
26052,1,418,8,9,62,2,0,2,4,0,0,1,3,0,0,0
26058,0,347,10,6,40,0,1,1,0,0,0,0,0,0,0,0
26059,1,427,20,10,54,5,0,2,0,0,0,3,0,1,0,0
26063,0,89,16,3,28,0,0,1,1,0,0,0,0,0,0,0
26068,0,19,16,1,16,1,0,0,0,0,0,0,0,0,0,0
26072,1,119,14,2,22,1,0,0,0,0,0,0,1,0,1,0
26081,0,133,12,5,38,0,1,2,1,0,0,0,0,0,0,0
26084,1,114,6,7,36,2,0,3,1,0,1,0,1,0,0,0
26094,1,308,10,1,10,0,0,0,0,0,0,0,0,0,0,0
26096,1,144,4,1,4,0,0,0,0,0,0,1,0,0,0,0
26101,1,173,14,11,66,6,0,1,0,0,0,0,1,0,0,0
26105,0,298,16,2,18,0,1,0,1,0,0,2,0,0,0,0
26120,1,125,16,2,20,0,0,2,0,0,0,0,0,0,0,0
26154,0,62,12,2,20,0,1,0,0,0,0,0,0,0,0,0
26162,0,170,2,2,10,0,0,0,0,0,0,0,0,0,0,0
26167,0,382,8,12,42,3,1,0,0,1,0,1,3,0,0,0
26169,1,95,20,1,20,0,0,0,0,0,0,1,0,0,0,0
26200,1,210,4,11,38,0,1,2,2,2,0,1,0,0,0,0
26203,1,315,26,2,30,0,0,0,1,1,0,2,0,0,0,0
26204,1,199,4,9,42,1,1,2,3,0,0,0,0,0,0,0
26207,1,249,4,7,20,1,0,1,0,0,2,1,0,0,0,0
26208,0,116,10,2,18,0,0,0,0,0,0,0,0,0,0,0
26215,1,302,16,3,34,1,0,2,0,0,2,1,0,0,0,0
26219,0,307,24,2,30,2,0,0,0,0,1,0,0,0,0,0
26221,1,185,12,9,50,1,0,2,0,1,0,2,0,0,1,0
26227,0,195,28,1,28,1,0,0,0,0,0,2,0,0,0,0
26228,1,87,32,2,36,0,0,0,0,1,0,0,0,0,0,0
26242,1,97,28,1,28,0,0,0,0,1,0,0,0,0,0,1
26250,1,275,4,11,40,1,0,3,0,1,0,0,0,0,0,1
26255,1,385,22,11,70,2,1,3,1,1,0,0,0,0,0,0
26259,1,173,16,3,24,2,0,0,1,0,0,0,0,0,0,0
26260,1,74,18,1,18,1,0,0,0,0,2,0,0,0,0,1
26266,0,242,10,11,62,0,0,3,1,3,1,0,0,0,0,0
26267,0,83,6,5,32,1,1,0,1,0,1,1,0,0,0,1
26271,1,84,8,2,14,0,0,0,0,0,3,0,0,0,0,0
26272,1,205,2,1,2,0,0,0,0,0,0,1,0,0,0,0
26274,1,138,10,8,54,2,1,1,0,2,0,0,0,0,0,0
26288,0,399,36,7,74,0,0,2,1,1,0,0,0,0,0,0
26290,1,158,8,3,24,0,1,0,0,1,0,0,0,0,0,0
26295,1,155,32,7,74,3,0,4,0,0,0,0,0,0,0,0
26344,1,127,16,2,18,0,0,0,0,0,0,0,0,0,0,0
26347,0,209,12,8,34,1,0,2,0,1,0,1,1,0,0,0
26348,0,100,24,1,24,0,0,0,0,0,0,0,0,0,0,0
26362,1,157,8,2,12,0,0,0,0,0,0,0,0,0,0,0
26374,1,328,8,2,14,0,0,0,0,1,0,2,0,0,0,0
26378,1,444,8,11,36,3,0,1,2,0,0,1,0,0,0,0
26389,1,298,10,1,10,0,0,0,0,0,1,2,0,0,0,0
26418,1,78,8,3,20,0,0,1,0,0,1,0,0,0,0,0
26422,1,327,16,2,22,0,0,0,2,0,1,1,1,0,1,0
26430,1,219,28,2,34,0,0,0,2,0,1,0,0,0,0,0
26460,1,232,30,1,30,1,0,0,0,0,0,0,0,0,0,0
26468,1,187,8,10,30,1,1,1,1,0,0,1,0,1,0,0
26475,1,156,30,10,56,1,0,4,2,1,1,0,0,1,1,0
26479,0,374,20,6,46,1,2,1,0,1,0,3,0,0,0,0
26482,0,350,4,5,24,1,0,0,0,0,0,0,0,0,0,0
26484,1,49,4,1,4,0,0,0,0,0,0,0,0,0,0,1
26492,0,101,2,2,8,0,0,0,0,0,0,0,0,0,0,0
26493,1,274,30,2,38,1,0,0,0,1,0,1,0,0,0,0
26499,1,93,10,4,26,0,0,0,0,0,0,0,0,0,0,0
26500,1,303,22,2,28,0,1,0,0,0,1,0,0,0,0,0
26506,1,206,36,3,52,0,0,1,1,0,0,1,0,0,0,0
26516,1,39,8,2,10,0,0,0,0,0,1,0,1,0,0,0
26520,1,227,6,9,40,2,0,2,0,0,1,0,0,0,0,0
26522,1,169,28,1,28,0,1,0,0,0,1,0,0,0,0,0
26528,1,99,12,2,18,0,0,0,1,0,0,0,0,0,0,0
26530,1,208,14,6,26,0,1,1,0,3,0,0,0,0,0,0
26547,1,142,4,2,8,0,0,0,0,0,0,4,0,0,0,0
26557,0,128,10,1,10,0,0,0,0,0,0,0,0,0,0,0
26571,1,163,28,1,28,0,0,1,0,0,0,3,0,0,0,0
26572,0,237,16,1,16,0,0,0,0,0,0,0,0,0,0,0
26587,1,210,16,2,20,0,0,2,0,0,0,1,0,0,0,0
26590,1,191,16,9,50,3,1,0,0,0,1,1,0,0,0,0
26592,1,294,12,1,12,0,0,0,0,0,0,0,0,0,0,0
26622,1,290,16,1,16,0,0,1,0,0,0,0,0,0,0,0
26623,1,92,14,2,18,0,1,1,0,0,1,0,0,0,0,0
26628,1,300,10,2,16,0,0,1,0,0,1,0,0,0,0,0
26633,0,335,24,3,30,1,0,0,1,1,0,1,0,0,0,0
26636,1,169,16,1,16,1,0,0,0,0,0,0,0,0,0,0
26648,0,308,2,1,2,0,0,0,0,0,0,0,0,0,0,0
26664,0,71,2,2,6,0,0,0,0,0,0,0,0,0,0,0
26672,1,265,10,2,16,0,0,0,0,1,1,0,0,0,0,0
26674,1,235,6,1,6,0,0,0,0,0,0,0,0,0,0,0
26677,0,229,2,1,2,0,0,0,0,0,0,0,0,0,0,0
26678,1,252,10,8,42,0,0,2,1,1,0,0,0,0,0,0
26685,0,124,16,2,20,0,0,2,0,0,0,0,0,0,0,0
26690,1,158,6,3,24,1,0,0,0,0,0,0,0,0,0,0
26696,0,312,24,12,92,2,0,1,2,3,0,1,0,1,0,0
26701,1,125,14,2,20,0,0,1,1,0,0,0,0,0,0,0
26717,1,126,12,6,42,0,0,1,2,1,0,0,0,0,0,1
26722,1,288,2,6,30,0,0,2,0,0,0,0,0,0,0,0
26734,1,287,2,2,8,0,0,0,0,0,0,0,0,0,0,0
26749,0,160,14,2,22,1,0,0,1,0,0,1,0,0,0,0
26751,0,138,16,1,16,0,1,0,0,0,0,0,0,0,0,0
26762,1,68,14,2,20,0,0,0,1,1,0,0,0,0,0,0
26775,1,134,10,2,12,0,0,0,0,0,0,0,0,0,0,0
26777,0,178,28,2,32,1,0,1,0,0,0,0,1,0,1,0
26782,0,257,4,11,30,0,2,2,0,1,0,0,0,0,0,0
26787,1,102,12,6,36,1,1,3,0,0,0,0,0,0,0,0
26789,0,46,28,1,28,0,0,1,0,0,1,0,1,0,0,0
26807,1,260,16,2,20,2,0,0,0,0,1,0,0,0,0,0
26834,1,353,16,11,52,2,0,2,3,1,0,1,1,0,0,0
26840,1,279,10,1,10,0,0,0,0,0,0,0,0,0,0,0
26842,1,320,16,11,56,5,0,2,0,1,0,0,1,0,1,0
26847,0,148,2,1,2,0,0,0,0,0,1,0,0,0,0,0
26855,0,201,22,10,76,1,1,1,2,0,1,0,0,0,0,0
26860,1,102,36,1,36,0,0,0,0,0,0,0,0,0,0,0
26861,1,52,4,2,6,0,0,0,0,0,0,0,0,0,0,0
26897,1,139,10,2,18,1,0,0,0,0,0,0,0,0,0,0
26905,1,270,4,11,68,1,0,2,1,0,0,0,0,0,0,0
26906,1,364,30,10,84,2,4,3,1,0,0,0,0,0,0,0
26910,1,139,32,3,42,1,0,1,0,1,0,0,0,0,0,0
26942,1,89,4,5,16,0,1,0,0,0,0,0,0,0,0,0
26944,1,256,14,2,20,0,0,0,0,0,0,0,0,0,0,0
26975,1,408,6,8,40,1,1,1,0,0,0,1,0,0,0,0
26980,1,190,8,2,16,1,0,0,0,0,0,0,0,0,0,0
26982,1,260,26,2,32,0,0,1,0,0,0,0,0,0,0,0
26990,0,77,6,2,12,0,0,0,0,0,0,0,0,0,0,0
27004,0,78,10,1,10,0,0,0,0,0,0,0,0,0,0,0
27009,0,154,34,2,40,2,0,0,0,0,0,3,1,0,0,0
27010,1,141,16,3,24,1,0,2,0,0,0,0,0,0,0,0
27018,1,277,12,1,12,0,0,0,0,0,0,0,0,0,0,0
27021,0,293,12,2,16,1,0,0,0,0,1,1,0,0,0,0
27043,1,191,4,1,4,0,0,0,0,0,0,1,0,0,0,0
27059,0,121,36,4,48,1,0,0,2,0,1,0,0,0,0,0
27065,1,193,16,2,20,1,0,1,0,0,0,0,0,0,0,0
27081,0,75,36,5,64,1,0,2,0,0,0,1,0,0,0,0
27086,0,309,36,1,36,0,0,0,1,0,0,1,0,0,0,0
27101,0,180,22,9,42,4,1,1,0,2,0,0,0,0,0,0
27106,1,106,12,2,14,1,0,0,0,0,0,0,0,0,0,0
27112,1,286,10,2,14,1,0,0,0,0,0,2,0,0,0,0
27115,1,125,4,1,4,0,0,0,0,0,1,0,0,0,0,0
27129,1,371,10,10,34,1,2,1,1,1,0,0,0,0,0,0
27135,1,54,4,2,10,0,0,0,0,0,0,0,0,0,0,0
27150,0,36,16,1,16,1,0,0,0,0,0,0,0,0,0,0
27154,1,146,16,7,36,2,0,1,2,1,0,0,0,0,0,0
27158,1,162,2,8,36,1,1,2,0,0,0,1,0,0,0,0
27161,1,109,28,1,28,0,0,1,0,0,0,0,1,0,0,0
27174,0,147,4,1,4,0,0,0,0,0,0,1,0,0,0,0
27190,1,167,14,3,24,0,1,1,0,0,0,0,0,0,0,0
27207,1,109,14,1,14,0,0,0,0,0,0,0,0,0,0,0
27213,1,128,12,1,12,0,0,0,0,0,1,0,0,0,0,1
27225,1,170,14,10,50,2,0,2,2,1,0,0,0,0,0,0
27254,0,235,16,1,16,0,0,0,1,0,0,1,0,0,0,1
27257,1,450,2,12,32,3,1,1,0,1,0,1,0,1,0,0
27261,0,90,14,4,32,0,0,2,1,0,0,0,0,0,0,0
27263,0,132,10,1,10,0,0,0,0,0,0,1,0,0,0,0
27269,1,257,30,1,30,1,0,0,0,0,0,0,0,0,0,0
27271,0,216,16,2,22,1,0,0,0,1,0,0,0,0,0,0
27273,1,170,34,2,40,0,0,0,1,0,0,0,0,0,0,1
27274,0,240,4,2,6,0,0,0,0,0,1,0,0,0,0,0
27278,1,280,34,10,84,0,0,2,1,3,1,1,0,0,0,0
27284,1,138,16,1,16,0,0,0,1,0,1,0,0,0,0,0
27289,1,348,14,10,60,1,0,4,3,0,2,0,0,0,1,0
27298,1,288,10,11,48,3,1,1,1,1,2,0,0,0,0,1
27302,0,288,28,2,34,0,0,0,1,0,0,0,1,0,0,0
27307,1,387,8,7,26,0,2,3,0,0,0,2,0,0,0,0
27310,1,357,8,12,72,2,0,3,1,0,0,1,1,1,1,0
27311,1,118,10,1,10,0,0,0,0,0,0,0,0,0,0,0
27316,1,258,14,1,14,0,0,1,0,0,0,2,0,0,0,0
27338,0,156,10,1,10,0,0,0,0,0,0,0,0,0,0,0
27341,0,225,16,1,16,0,0,1,0,0,3,0,0,0,0,0
27359,0,57,6,1,6,0,0,0,0,0,0,0,0,0,0,0
27377,0,281,6,2,14,1,0,0,0,0,0,0,0,0,0,0
27385,0,149,14,1,14,0,0,0,0,1,0,1,0,0,0,0
27386,0,238,30,10,82,1,1,4,1,0,0,0,0,0,0,0
27388,1,58,12,1,12,0,0,0,0,0,0,0,2,0,0,0
27401,1,61,10,2,14,0,0,0,0,1,0,1,0,0,0,0
27405,1,132,10,2,16,0,1,0,0,0,0,1,0,0,0,0
27406,1,355,16,5,32,0,1,2,1,1,0,1,0,0,0,0
27408,1,109,16,2,18,0,0,1,0,1,0,0,0,0,0,0
27409,1,66,20,1,20,0,0,0,0,0,0,0,0,0,0,0
27424,1,282,26,1,26,0,0,0,1,0,0,1,0,0,0,0
27429,0,259,12,1,12,0,0,0,0,0,0,0,0,0,0,0
27450,1,293,6,12,32,1,1,1,0,2,0,1,0,0,0,0
27452,1,241,14,2,20,0,0,1,0,1,0,0,0,0,0,0
27477,0,442,14,10,60,6,0,1,2,0,0,1,0,0,1,0
27491,0,235,4,2,10,0,0,0,0,0,0,1,0,0,0,1
27500,1,300,10,2,14,0,0,0,0,0,0,0,0,0,0,0
27511,1,277,14,10,72,2,0,5,1,1,0,0,0,0,1,0
27518,0,290,18,6,48,2,1,2,0,0,0,0,0,0,0,0
27520,0,217,14,2,16,1,0,1,0,0,1,0,0,0,0,0
27530,1,230,10,6,34,0,1,2,0,0,0,1,0,0,0,0
27546,1,86,16,2,22,1,0,0,0,0,0,0,0,0,0,0
27555,0,395,34,10,56,4,0,1,0,1,0,0,0,0,0,0
27574,1,167,6,2,10,0,0,0,0,0,0,0,0,0,0,0
27588,1,80,10,2,16,0,0,0,1,0,0,0,0,0,0,0
27593,1,299,12,7,28,0,0,1,2,1,0,0,0,0,0,0
27603,1,227,14,2,18,0,0,0,1,0,0,0,0,0,0,0
27608,0,46,10,1,10,0,0,0,0,0,0,0,0,0,0,0
27616,1,371,16,6,48,3,0,2,0,0,0,1,0,0,0,0
27621,0,285,4,7,18,1,0,0,1,1,0,0,0,0,0,0
27631,0,87,10,1,10,0,0,0,0,0,0,0,0,0,0,0
27632,1,110,12,2,14,0,0,1,0,0,1,0,0,0,0,0
27651,0,71,16,1,16,0,0,1,0,0,0,0,0,0,0,0
27654,1,64,18,3,34,1,0,2,0,0,0,0,0,0,0,0
27677,0,87,10,2,18,1,0,0,0,0,0,0,0,0,0,0
27706,1,254,12,2,18,0,0,1,0,0,0,0,0,0,0,0
27708,1,283,28,5,56,2,0,2,0,1,0,1,0,0,0,0
27712,1,141,4,1,4,0,0,0,0,0,0,0,0,0,0,0
27736,0,235,22,2,24,0,1,0,0,0,0,1,0,0,0,0
27748,1,180,6,1,6,0,0,0,0,0,0,0,1,0,0,0
27750,0,199,18,1,18,0,0,0,0,1,0,0,0,0,0,0
27751,1,309,6,1,6,0,0,0,0,0,0,0,1,0,0,0
27764,0,97,16,2,22,0,0,2,0,0,0,0,0,0,0,0
27766,1,181,10,1,10,0,0,0,0,0,0,0,0,0,0,1
27768,1,100,14,1,14,0,0,0,0,0,0,0,0,0,0,1
27776,1,87,6,2,12,0,0,0,0,0,0,0,0,0,0,0
27790,0,334,8,7,24,3,0,1,1,0,0,0,0,0,0,0
27814,1,252,4,2,6,0,0,0,0,0,0,0,0,0,0,0
27822,1,278,8,1,8,0,0,0,0,0,0,1,0,0,0,0
27831,1,39,10,2,18,0,0,0,1,0,0,0,0,0,0,0
27832,0,26,4,1,4,0,0,0,0,0,1,0,0,0,0,0
27853,1,88,14,1,14,0,0,1,0,0,0,0,1,0,0,0
27857,1,61,6,2,8,0,0,0,0,0,0,1,0,0,0,0
27865,1,242,6,1,6,0,0,0,0,0,0,0,0,0,0,0
27867,1,73,20,1,20,0,0,0,0,0,0,0,0,0,0,0
27871,0,101,8,4,22,0,1,1,0,1,1,0,0,0,0,0
27879,1,342,22,5,46,0,1,1,2,0,0,1,0,0,2,0
27883,1,324,20,2,22,1,0,0,0,0,0,0,0,0,0,0
27886,1,267,16,9,64,1,1,2,2,1,1,1,0,0,0,0
27905,1,231,6,1,6,0,0,0,0,0,0,0,0,0,0,0
27924,0,202,10,4,26,0,1,0,0,0,0,0,0,0,0,0
27941,1,233,8,1,8,0,0,0,0,0,0,0,0,0,0,0
27943,0,174,16,9,60,3,1,1,3,0,0,0,0,0,1,0
27945,1,126,16,1,16,0,0,0,0,1,2,0,0,0,0,0
27967,1,309,8,1,8,0,0,0,0,0,2,0,0,0,0,0
27968,1,54,18,2,22,0,0,1,0,0,0,0,0,0,0,0
27985,1,178,16,2,24,0,0,1,0,0,0,0,0,0,0,0
28011,1,239,10,11,58,1,1,0,2,1,0,2,0,0,0,0
28027,0,117,12,2,18,0,0,1,0,0,0,1,0,0,0,0
28029,1,314,28,1,28,0,0,0,0,1,0,0,0,0,0,0
28035,1,334,16,12,78,2,0,1,2,0,0,0,0,0,0,0
28038,0,151,28,2,34,0,0,1,1,0,0,0,0,0,0,0
28049,0,171,6,11,64,3,1,2,1,0,0,0,0,0,0,0
28061,1,309,24,1,24,0,0,0,0,0,0,0,0,0,0,0
28063,1,103,34,2,36,1,1,0,0,0,0,0,0,0,0,0
28067,1,155,4,4,24,0,0,1,0,0,0,0,0,0,0,0
28084,1,167,10,1,10,0,0,0,0,0,0,0,0,0,0,1
28092,0,304,8,6,28,1,1,2,0,0,0,3,0,0,0,0
28095,1,246,16,12,58,4,0,1,1,2,0,0,0,0,0,0
28113,1,190,2,1,2,0,0,0,0,0,0,0,0,0,0,0
28118,1,273,14,2,16,2,0,0,0,0,0,0,0,0,0,0
28133,1,258,18,8,56,2,1,2,1,2,0,2,0,0,0,0
28136,0,100,14,2,18,0,0,1,0,0,0,0,0,0,0,0
28139,1,422,12,11,46,2,1,3,0,1,0,2,0,0,0,0
28155,0,126,16,1,16,0,1,0,0,0,0,0,0,0,0,0
28168,0,201,8,2,16,0,0,0,0,0,0,0,0,0,0,0
28172,1,256,34,11,92,1,2,5,1,0,0,0,0,0,0,0
28180,1,246,16,8,50,4,0,2,2,0,0,0,0,0,0,0
28189,0,133,8,1,8,0,0,0,0,0,0,1,0,0,0,0
28194,0,66,14,2,18,0,0,2,0,0,0,0,0,0,0,0
28202,1,415,4,10,24,2,1,0,1,0,0,0,0,0,0,0
28203,1,127,8,2,12,0,0,0,0,0,1,0,0,0,0,0
28209,1,350,12,9,46,1,3,1,1,0,0,0,0,1,0,0
28213,0,288,16,11,64,1,2,3,3,0,1,0,0,0,0,0
28221,0,253,6,1,6,0,0,0,0,0,1,2,0,0,0,1
28230,0,180,14,1,14,0,0,1,0,0,0,0,0,0,0,1
28233,1,365,8,6,22,2,1,1,0,0,0,1,0,0,0,0
28241,1,124,6,1,6,0,0,0,0,0,0,0,0,0,0,0
28254,1,113,8,2,14,0,0,1,0,0,0,0,0,0,0,0
28258,0,88,22,2,24,0,0,0,0,1,0,0,0,0,0,0
28273,0,112,24,2,32,0,0,0,0,0,0,1,0,0,0,0
28311,0,190,24,6,46,2,1,2,0,1,0,0,0,0,0,0
28332,1,150,36,2,40,0,1,1,0,0,0,0,0,0,0,0
28336,0,297,2,2,6,0,0,0,0,0,0,0,0,0,0,0
28343,1,96,10,4,22,0,0,2,0,0,0,1,0,0,0,0
28358,1,350,10,11,64,1,1,3,1,2,0,0,0,0,0,0
28362,1,314,10,11,54,2,2,2,2,1,1,0,0,0,0,0
28363,1,380,8,6,34,2,1,0,0,1,0,0,0,0,0,0
28374,0,268,20,7,50,3,0,2,0,1,0,0,0,0,0,0
28376,1,61,12,2,16,0,1,0,0,0,0,0,0,0,0,0
28399,0,174,12,2,16,0,1,0,0,0,1,0,0,0,0,0
28400,1,51,14,1,14,1,0,0,0,0,1,0,0,0,0,0
28401,1,17,12,1,12,0,0,0,0,0,0,0,0,0,0,0
28404,1,173,18,1,18,0,0,0,0,1,0,0,1,0,0,0
28417,1,218,12,2,20,0,0,1,0,0,0,0,1,0,0,0
28446,1,47,34,1,34,1,0,0,0,0,0,0,1,0,0,0
28470,0,310,6,3,12,0,0,0,0,0,2,0,0,0,0,0
28491,1,409,12,10,42,1,1,2,1,3,1,1,0,0,0,0
28493,0,306,18,2,24,1,0,0,0,0,0,0,1,0,0,0
28494,1,91,8,1,8,0,0,0,0,0,0,0,0,0,0,0
28505,0,364,16,8,54,2,0,3,3,0,0,0,0,0,0,0
28522,1,293,12,12,44,2,1,2,2,0,0,1,0,0,0,0
28530,1,256,2,1,2,0,0,0,0,0,0,0,0,0,0,0
28535,1,276,6,3,12,0,0,0,0,0,0,1,1,0,0,0
28548,0,24,12,1,12,0,0,0,0,0,0,0,0,0,0,0
28549,1,148,16,1,16,1,0,0,0,0,0,0,0,0,1,0
28556,1,154,8,2,14,0,1,0,0,0,0,3,0,0,0,0
28558,0,365,14,6,42,0,0,2,1,0,0,1,0,0,0,0
28566,0,205,8,2,10,0,0,0,0,0,0,1,0,0,0,0
28571,1,367,2,12,28,0,1,1,1,1,0,3,0,0,0,0
28573,1,291,22,12,86,2,1,3,2,0,0,0,0,0,0,0
28575,1,240,26,2,32,1,0,0,0,0,0,0,0,0,0,0
28600,0,203,4,4,22,1,0,0,1,0,0,0,0,0,0,0
28630,1,285,8,1,8,0,0,0,0,0,1,0,0,0,0,0
28637,1,244,12,1,12,0,0,0,0,0,0,0,0,0,0,0
28648,1,179,8,2,10,0,0,0,0,0,0,0,0,0,0,0
28663,1,39,32,1,32,1,0,0,0,0,0,0,0,0,0,1
28672,1,126,30,1,30,0,0,0,1,0,3,0,0,0,0,0
28696,1,16,8,1,8,0,0,0,0,0,3,0,0,0,0,0
28720,1,180,16,2,24,0,0,1,0,0,3,0,0,0,0,1
28723,1,215,34,1,34,0,0,0,0,0,0,0,0,0,0,1
28733,1,285,20,1,20,0,0,0,0,1,0,0,0,0,0,1
28738,1,248,12,1,12,0,0,0,0,0,0,0,0,0,0,0
28744,1,128,16,2,22,2,0,0,0,0,0,0,1,0,0,0
28752,1,204,6,2,14,0,1,0,0,0,0,1,0,0,0,0
28755,0,156,16,2,22,0,0,1,0,0,1,1,1,0,0,0
28756,0,354,10,10,60,1,1,2,0,2,1,2,1,0,1,0
28761,1,341,14,8,34,2,0,2,1,0,0,0,0,0,0,0
28771,1,189,34,1,34,0,1,0,0,0,0,0,0,0,0,0
28791,0,213,10,9,56,1,0,0,3,0,0,1,1,0,0,0
28792,1,17,14,1,14,0,0,0,0,0,0,0,0,0,0,0
28797,1,167,10,8,40,1,0,2,1,1,0,0,1,0,0,0
28805,1,102,20,2,28,0,0,1,0,0,0,0,0,0,0,0
28806,1,231,34,2,42,0,0,2,0,0,0,0,0,0,0,0
28811,0,472,8,12,58,4,0,3,1,1,0,0,0,0,1,0
28850,0,117,28,1,28,0,1,0,0,0,0,1,0,0,0,0
28856,1,261,14,8,42,2,3,2,0,0,0,0,0,0,0,0
28866,1,222,32,2,40,1,0,1,0,0,0,1,0,0,0,0
28871,0,53,22,3,32,2,0,0,0,0,0,0,0,0,0,0
28881,0,401,10,9,60,3,0,1,0,2,0,3,1,0,1,0
28887,0,380,8,9,54,1,1,3,1,0,0,0,0,0,0,0
28890,1,125,6,2,12,0,0,0,0,0,1,0,0,0,0,0
28892,1,123,18,7,48,1,2,2,0,0,0,0,1,0,0,0
28909,1,178,20,8,56,1,2,0,2,0,0,0,0,0,0,0
28919,1,90,2,1,2,0,0,0,0,0,0,0,0,0,0,0
28932,1,165,14,1,14,1,0,0,0,0,0,0,0,0,0,0
28950,0,196,14,1,14,0,0,1,0,0,1,0,0,0,0,0
28954,1,219,12,2,16,0,0,1,0,0,1,0,2,0,1,0
28959,1,416,10,11,72,2,0,1,1,3,1,1,0,0,1,0
28965,1,212,8,7,24,2,0,1,0,0,0,0,1,0,1,0
28967,1,360,30,9,74,1,2,3,0,1,0,1,0,0,0,0
28970,1,308,8,1,8,0,0,0,0,0,0,0,1,0,0,0
28975,1,158,12,7,50,0,1,2,0,1,0,0,0,0,0,0
28984,0,186,12,1,12,0,0,0,0,0,1,0,0,0,0,0
28987,1,136,2,8,40,1,2,0,1,0,0,0,0,0,0,0
28992,0,113,8,1,8,0,0,0,0,0,0,0,0,0,0,0
28998,1,136,6,2,10,0,0,0,0,0,0,0,0,0,0,0
29008,1,85,4,1,4,0,0,0,0,0,0,0,0,0,0,0
29012,1,351,2,12,60,4,0,0,3,0,2,0,0,0,1,0
29013,0,59,10,1,10,0,0,0,0,0,1,0,0,0,0,0
29037,0,189,10,7,48,0,0,3,0,1,1,0,0,0,0,0
29059,1,121,4,7,42,0,0,2,0,0,1,0,0,0,0,0
29065,1,317,22,2,30,0,0,0,0,1,1,1,0,0,0,0
29071,0,247,6,1,6,0,0,0,0,0,0,0,0,0,0,0
29074,1,143,14,1,14,1,0,0,0,0,0,1,0,0,0,0
29083,0,337,4,12,36,3,0,3,1,1,0,2,0,0,0,0
29098,0,61,22,1,22,0,0,1,0,0,0,0,0,0,0,0
29103,0,248,10,4,26,1,0,1,0,0,0,0,0,0,0,0
29114,0,404,16,12,54,1,1,1,5,0,0,2,0,0,0,0
29125,1,308,12,1,12,0,0,0,0,0,0,0,1,0,0,0
29131,1,262,14,2,20,1,0,1,0,0,0,0,0,0,0,0
29134,0,256,14,10,64,2,2,3,0,0,0,0,0,0,0,0
29139,1,118,8,2,14,0,0,0,1,0,1,0,0,0,0,0
29144,0,341,24,4,36,0,1,1,1,1,0,0,0,0,0,0
29153,0,228,10,1,10,0,0,0,0,0,0,0,0,0,0,0
29159,0,338,12,7,42,2,0,1,1,1,0,2,0,0,0,0
29161,0,35,22,1,22,0,0,0,0,0,0,0,0,0,0,0
29166,1,428,10,9,48,2,1,2,2,1,0,0,0,0,0,0
29167,1,209,12,7,28,1,0,3,2,0,0,0,0,0,0,0
29199,1,298,10,2,12,0,0,0,0,0,2,0,0,0,0,0
29201,1,304,10,10,46,2,2,2,2,0,0,0,0,0,0,0
29224,1,242,16,1,16,0,0,1,0,0,0,3,0,0,0,0
29240,0,244,10,12,60,5,2,1,1,0,0,0,0,0,0,0
29259,0,290,6,7,26,1,1,2,0,0,0,0,0,0,0,0
29269,1,189,4,2,8,0,0,0,0,0,0,0,0,0,0,0
29275,1,166,10,1,10,0,0,0,0,0,0,0,0,0,0,0
29281,1,207,10,3,18,1,1,0,0,0,0,0,0,0,0,0
29282,1,172,12,1,12,0,0,0,0,0,0,0,0,0,0,0
29284,1,114,12,1,12,0,0,0,0,0,1,0,0,0,0,0
29285,1,74,24,1,24,0,0,1,0,0,0,0,0,0,1,0
29288,1,302,2,1,2,0,0,0,0,0,0,1,0,0,0,0
29325,1,197,16,1,16,0,0,0,0,0,0,0,0,0,0,0
29329,0,200,6,1,6,0,0,0,0,0,0,1,0,0,0,0
29335,1,286,4,2,6,0,0,0,0,0,1,2,0,0,0,0
29347,0,94,12,1,12,0,0,0,0,0,0,1,0,0,0,0
29359,1,229,2,2,8,0,0,0,0,0,0,0,0,0,0,0
29365,1,152,2,2,6,0,0,0,0,0,1,1,0,0,0,0
29379,1,416,6,8,24,4,0,0,0,3,1,1,0,0,1,0
29390,1,184,14,6,46,0,0,3,1,1,1,0,0,0,0,0
29409,1,78,14,1,14,0,0,0,1,0,1,0,0,0,0,0
29411,1,164,2,2,6,0,0,0,0,0,1,0,0,0,0,0
29415,1,70,6,1,6,0,0,0,0,0,1,0,0,0,0,0
29431,1,84,2,2,6,0,0,0,0,0,0,0,0,0,0,0
29433,0,181,18,4,34,2,0,0,1,1,1,0,1,0,0,0
29434,1,174,8,2,14,0,1,0,0,0,0,1,0,0,0,0
29441,1,253,14,11,62,4,1,5,1,0,0,0,0,0,0,0
29445,1,142,14,1,14,0,0,0,0,0,0,0,0,0,0,0
29447,0,60,12,1,12,0,0,0,0,0,1,0,0,0,0,0
29455,1,144,14,2,16,1,0,1,0,0,0,1,0,0,0,0
29459,1,126,4,2,6,0,0,0,0,0,0,0,0,0,0,0
29463,1,49,12,1,12,0,0,0,0,0,0,0,0,0,0,1
29475,1,358,10,8,48,0,2,2,0,0,0,3,0,0,0,0
29484,1,312,30,2,32,0,0,1,0,0,1,0,0,0,1,0
29490,1,152,24,2,26,0,1,1,0,0,1,0,0,0,0,0
29496,0,306,10,3,24,0,0,0,0,0,2,0,0,0,0,0
29501,1,203,14,2,18,0,1,0,0,1,0,0,0,0,0,0
29520,1,82,2,1,2,0,0,0,0,0,0,1,0,0,0,0
29545,1,133,20,6,36,2,0,1,1,1,0,0,0,0,0,0
29548,1,78,14,1,14,0,0,0,1,0,1,0,0,0,0,0
29551,1,363,4,7,20,1,1,1,0,0,0,2,0,1,0,0
29578,1,319,6,2,14,0,0,0,1,0,0,1,0,0,0,0
29588,0,132,12,2,16,0,0,1,0,0,0,1,0,0,0,0
29591,0,188,12,2,18,0,0,1,0,0,0,0,0,0,0,0
29594,0,238,14,2,22,1,0,0,0,0,0,0,0,0,0,0
29597,0,214,36,7,64,1,0,3,2,0,0,0,0,1,0,0
29614,0,107,4,2,10,0,0,0,0,0,0,0,1,0,0,0
29623,1,70,14,4,30,2,0,0,0,2,0,0,0,0,0,0
29624,1,271,14,3,22,0,1,1,0,0,0,0,0,0,0,0
29625,1,266,10,1,10,0,0,0,0,0,0,0,0,0,0,0
29631,0,198,34,1,34,1,0,0,0,0,1,1,0,0,0,0
29632,1,269,20,3,36,2,1,0,0,0,0,0,0,0,0,0
29637,1,231,26,6,42,1,0,1,1,0,1,1,0,0,1,0
29643,1,63,6,2,10,0,0,0,0,0,0,0,0,0,0,0
29661,1,140,16,6,46,2,0,2,0,2,0,0,0,0,0,0
29665,0,354,12,8,36,2,1,2,1,0,1,2,0,0,0,0
29670,0,305,18,1,18,0,0,0,0,0,0,0,1,0,0,0
29689,1,364,16,5,36,1,1,2,0,0,0,1,0,0,0,0
29697,0,229,14,5,32,1,0,0,1,0,0,0,0,0,0,0
29710,1,121,4,6,30,2,0,0,1,0,0,0,1,0,0,0
29714,1,322,10,3,18,0,1,0,0,0,0,0,0,0,0,0
29716,0,271,12,1,12,0,0,0,0,0,0,0,0,0,0,0
29717,1,166,10,4,32,0,1,1,1,0,0,0,0,0,0,0
29727,1,157,2,6,18,1,0,2,0,0,0,0,0,0,0,0
29742,0,257,14,1,14,0,0,1,0,0,0,4,0,0,0,0
29744,1,91,24,6,56,2,0,1,1,1,0,0,0,0,0,0
29759,1,82,8,3,18,0,0,0,0,0,0,0,0,0,0,0
29777,0,32,36,2,38,0,0,1,0,0,0,0,0,0,0,0
29783,1,258,6,1,6,0,0,0,0,0,0,1,0,0,0,0
29790,1,180,8,1,8,0,0,0,0,0,1,0,0,0,0,0
29797,1,69,16,2,24,0,0,1,1,0,0,0,0,0,0,0
29799,0,229,12,1,12,0,0,0,0,0,0,0,0,0,0,0
29804,1,245,30,10,58,1,3,3,0,0,0,0,0,0,0,0
29809,1,278,14,2,18,1,0,1,0,0,0,1,1,0,0,0
29817,1,272,12,4,36,1,0,0,0,1,0,0,0,0,0,0
29818,1,36,14,2,22,1,0,0,0,0,0,0,1,0,0,0
29823,0,295,12,1,12,0,0,0,0,0,0,0,0,0,0,0
29825,1,187,34,2,38,0,0,0,1,0,0,1,0,0,0,0
29829,1,144,10,7,30,1,1,1,2,0,1,1,0,0,0,0
29847,0,208,16,2,20,1,1,0,0,0,0,3,0,0,0,0
29856,1,32,12,1,12,0,0,0,0,0,0,0,0,0,0,0
29876,1,189,4,1,4,0,0,0,0,0,0,0,0,0,0,0
29879,1,278,28,12,86,3,0,4,2,1,0,1,0,0,0,0
29882,1,285,16,1,16,0,0,0,0,1,0,0,0,0,0,0
29892,1,334,4,7,36,0,0,1,0,0,0,0,0,0,0,1
29901,1,251,14,2,20,1,0,1,0,0,0,0,0,0,0,0
29912,0,109,4,2,8,0,0,0,0,0,1,0,0,0,0,0
29922,1,146,30,1,30,0,0,0,0,0,0,0,0,0,0,0
29923,1,314,10,1,10,0,0,0,0,0,0,0,0,0,0,0
29931,1,325,10,2,14,0,0,1,0,0,0,0,0,0,0,0
29945,1,149,24,2,28,0,0,1,0,0,1,1,0,0,0,0
29959,1,382,4,8,40,1,0,2,0,1,0,1,0,0,0,0
29961,1,103,2,1,2,0,0,0,0,0,0,0,0,0,0,0
29962,0,269,10,2,18,0,0,1,0,0,0,0,0,0,0,1
29971,1,271,12,2,18,0,0,0,0,0,5,0,0,0,0,1
29972,0,250,6,2,14,0,0,0,1,0,0,0,0,0,0,1
30004,0,275,26,12,64,3,0,3,1,1,0,0,1,0,0,0
30007,1,144,12,8,34,2,1,1,0,2,0,1,1,0,0,0
30011,1,20,22,1,22,1,0,0,0,0,0,0,0,0,0,0
30021,1,208,2,10,60,1,2,2,2,1,0,3,0,0,1,0
30026,0,288,2,5,16,1,0,0,0,0,0,0,0,0,0,0
30029,0,328,8,12,70,2,0,2,1,1,0,1,0,0,0,0
30030,1,290,16,6,30,0,0,2,0,3,0,0,0,0,0,0
30037,1,75,16,2,22,1,0,0,0,1,0,0,0,0,0,0
30050,1,166,8,1,8,0,0,0,0,0,0,0,0,0,0,0
30052,1,205,6,12,38,3,2,3,1,0,1,2,0,0,1,0
30053,1,229,2,2,8,0,0,0,0,0,1,0,0,0,0,0
30081,1,271,16,1,16,0,0,0,1,0,1,0,0,0,0,0
30083,1,262,8,11,30,4,1,2,0,0,1,0,0,1,0,0
30099,1,319,6,2,14,1,0,0,0,0,1,1,0,0,0,0
30102,0,199,8,2,10,0,0,0,0,0,1,2,0,0,0,0
30108,1,157,2,3,16,1,0,0,0,0,0,0,0,0,0,0
30112,1,40,10,2,16,1,0,0,0,0,1,0,0,0,0,0
30114,1,184,26,8,44,0,0,1,3,0,0,0,1,0,0,0
30151,0,76,12,4,32,2,0,0,1,0,1,0,1,0,0,0
30160,1,308,14,1,14,0,0,0,1,0,0,0,0,0,0,0
30163,1,330,32,8,50,1,2,2,0,0,0,2,0,0,0,0
30171,0,327,10,11,64,1,0,1,1,2,0,1,0,1,0,0
30185,1,171,4,2,6,0,0,0,0,0,0,0,1,0,0,0
30192,1,152,2,2,8,0,0,0,0,0,1,0,0,0,0,0
30203,0,222,16,6,50,1,0,1,0,0,0,0,0,0,0,0
30204,1,294,12,1,12,0,0,0,0,0,0,1,0,0,0,0
30225,1,91,6,1,6,0,0,0,0,0,1,0,0,0,0,0
30226,1,73,8,2,16,1,0,0,0,0,1,0,0,0,0,0
30244,0,123,12,1,12,0,0,0,0,0,0,1,0,0,0,0
30259,1,43,12,1,12,0,0,0,0,0,0,0,0,0,0,0
30262,1,417,12,8,36,3,1,2,0,0,1,2,0,0,0,0
30278,1,164,4,2,8,0,0,0,0,0,0,0,1,0,0,0
30284,1,223,6,2,14,0,1,0,0,0,0,0,0,0,0,0
30293,0,88,4,2,10,0,0,0,0,0,0,0,1,0,0,0
30298,1,77,12,5,36,2,0,0,0,0,0,0,0,0,0,0
30302,1,133,8,7,42,0,0,2,1,2,0,0,0,0,1,0
30306,1,180,16,3,28,1,0,1,0,0,0,0,1,0,0,0
30316,0,225,10,4,30,0,0,1,2,0,1,0,0,0,0,0
30317,0,374,10,8,38,2,1,3,0,0,1,3,1,0,1,0
30351,0,81,12,2,20,0,0,0,1,0,1,0,0,0,0,0
30353,0,44,10,1,10,0,0,0,0,0,0,0,1,0,0,0
30380,0,117,12,2,14,1,0,0,0,0,0,1,0,0,0,0
30381,1,215,6,1,6,0,0,0,0,0,1,0,0,0,0,0
30384,0,100,6,1,6,0,0,0,0,0,1,0,0,0,0,0
30392,1,26,10,1,10,0,0,0,0,0,0,0,1,0,0,0
30425,1,99,26,2,32,0,1,0,0,1,1,0,1,0,0,0
30431,0,57,2,1,2,0,0,0,0,0,1,1,0,0,0,0
30441,0,162,4,2,10,0,0,0,0,0,1,1,0,0,0,0
30442,1,420,16,11,70,4,0,3,1,1,0,6,0,0,0,0
30460,1,110,16,2,24,2,0,0,0,0,0,0,0,0,0,0
30469,1,278,8,9,28,0,1,2,2,0,0,1,0,1,0,0
30489,1,142,22,2,28,0,0,1,0,0,0,0,0,0,0,0
30490,1,207,14,5,40,3,2,0,0,0,0,0,0,0,0,0
30498,1,247,16,1,16,0,0,1,0,0,1,0,0,0,0,0
30503,1,459,16,12,58,3,1,1,2,2,0,4,0,0,1,0
30516,1,199,12,2,18,1,0,0,0,0,0,2,0,0,0,0
30517,0,33,12,1,12,0,0,0,0,0,0,0,0,0,0,1
30520,0,36,4,1,4,0,0,0,0,0,0,0,0,0,0,0
30522,1,138,8,7,44,0,0,4,2,0,0,0,0,0,0,0
30524,0,246,4,2,6,0,0,0,0,0,2,0,0,0,0,0
30547,1,108,8,3,26,0,0,1,0,0,0,1,0,0,0,0
30548,0,146,10,1,10,0,0,0,0,0,2,0,0,0,0,0
30556,1,88,12,2,16,0,1,0,0,0,0,0,0,0,0,0
30557,1,42,10,2,14,0,0,0,1,0,0,0,0,0,0,0
30559,1,135,2,1,2,0,0,0,0,0,0,1,0,0,0,0
30566,0,237,2,8,24,2,0,0,0,0,0,0,0,0,0,0
30578,1,348,14,8,58,0,0,5,0,2,0,0,0,0,0,0
30588,1,156,16,1,16,1,0,0,0,0,0,1,1,0,0,0
30589,1,384,14,8,42,1,0,1,3,2,1,1,0,1,0,0
30590,1,107,12,1,12,0,0,0,0,0,1,0,0,0,0,0
30601,0,167,32,2,34,1,0,0,0,0,2,0,0,0,0,0
30603,0,66,2,2,8,0,0,0,0,0,2,0,0,0,0,0
30609,1,103,10,1,10,0,0,0,0,0,0,0,0,0,0,0
30610,0,259,8,2,10,0,0,0,0,0,2,2,0,0,0,0
30614,1,221,10,5,28,1,0,1,0,0,0,0,0,0,0,0
30616,1,83,14,2,20,0,1,0,0,0,0,1,0,0,0,0
30644,0,49,12,1,12,0,0,0,0,0,2,0,0,0,0,0
30650,0,339,28,4,50,0,0,3,0,1,2,1,0,0,0,0
30659,1,74,14,2,22,0,0,0,1,0,0,0,0,0,0,0
30669,1,212,4,1,4,0,0,0,0,0,0,0,0,0,0,0
30718,0,110,12,1,12,0,0,0,0,0,0,0,0,0,0,0
30727,1,161,30,1,30,1,0,0,0,0,0,0,0,0,0,0
30732,1,161,14,3,26,0,0,1,1,0,0,0,0,0,0,0
30739,0,131,30,4,40,0,0,2,1,0,0,0,0,0,0,0
30753,1,311,12,1,12,0,0,0,0,0,0,3,0,0,0,0
30758,1,105,16,2,24,0,0,0,0,0,1,0,0,0,0,0
30763,1,113,10,2,14,0,0,1,0,0,0,0,0,0,0,0
30783,1,103,18,1,18,0,0,0,1,0,0,0,0,0,0,0
30785,1,287,12,10,44,1,1,3,1,0,0,0,1,0,1,0
30787,1,99,14,3,30,1,1,1,0,0,0,0,0,0,0,0
30788,0,316,34,7,48,1,0,2,1,0,0,1,0,0,1,0
30792,1,249,26,2,28,0,0,1,0,0,1,0,0,0,0,0
30803,1,85,26,2,34,0,0,1,0,0,0,2,0,0,0,0
30807,1,46,12,1,12,0,0,0,0,0,0,0,1,0,0,0
30810,0,221,4,2,8,0,0,0,0,0,0,0,0,0,0,0
30819,0,204,26,2,32,0,1,0,1,0,0,1,0,0,0,0
30827,1,158,6,2,12,0,0,0,0,0,0,0,0,0,0,0
30834,1,326,12,4,28,1,0,1,0,0,0,0,1,0,0,0
30842,1,52,14,2,20,1,0,1,0,0,0,0,0,0,0,0
30877,1,59,8,1,8,0,0,0,0,0,1,0,0,0,0,0
30894,1,153,32,10,58,1,1,1,1,1,0,0,0,0,0,0
30897,1,230,10,1,10,0,0,0,0,0,2,0,0,0,0,0
30899,1,233,12,1,12,0,0,0,0,0,2,0,0,0,0,0
30908,1,281,10,2,14,0,1,0,0,0,2,0,0,0,0,0
30909,1,153,16,8,32,1,1,2,1,0,0,0,0,1,0,0
30913,1,91,16,1,16,0,0,1,0,0,0,0,0,0,0,0
30927,1,350,12,8,50,2,1,1,1,1,0,1,0,1,0,0
30945,1,452,10,12,60,3,1,2,1,0,0,1,0,0,0,0
30966,1,165,32,1,32,1,0,0,0,0,0,0,0,0,0,0
30969,1,202,8,1,8,0,0,0,0,0,0,0,0,0,0,0
30973,0,283,14,4,22,1,0,2,0,0,0,1,0,0,0,0
30976,1,181,4,3,18,0,0,1,0,0,0,0,0,0,0,0
30982,1,310,2,3,18,0,0,1,0,0,0,0,0,0,0,0
30983,1,280,12,11,60,2,0,3,1,0,0,1,0,2,0,0
30989,0,134,6,2,12,0,0,0,0,0,0,0,0,0,0,0
30996,1,165,12,1,12,0,0,0,0,0,0,0,0,0,0,0
31021,1,115,8,1,8,0,0,0,0,0,0,1,0,0,0,0
31036,1,250,14,2,16,0,0,0,0,1,0,0,0,0,0,0
31043,0,237,22,1,22,0,0,0,1,0,0,0,0,0,0,0
31046,1,175,12,1,12,0,0,0,0,0,0,2,0,0,0,0
31047,0,178,24,1,24,1,0,0,0,0,0,0,1,0,0,0
31048,0,102,10,1,10,0,0,0,0,0,0,0,0,0,0,0
31057,1,76,6,1,6,0,0,0,0,0,1,0,0,0,0,1
31060,1,53,6,2,10,0,0,0,0,0,0,0,0,0,0,1
31062,1,137,14,1,14,0,0,1,0,0,0,0,0,0,0,1
31063,1,292,12,1,12,0,0,0,0,0,0,0,0,0,0,1
31070,1,45,16,1,16,1,0,0,0,0,0,0,0,0,0,0
31074,1,312,16,1,16,1,0,0,0,0,0,0,0,0,0,0
31093,1,363,14,7,56,3,0,1,2,1,0,2,0,0,0,0
31106,1,170,16,1,16,1,0,0,0,0,0,0,0,0,0,0
31122,1,190,6,12,48,0,2,4,0,0,0,0,0,0,1,0
31123,1,189,10,4,28,2,0,0,1,0,0,0,1,0,0,0
31124,0,291,6,2,14,0,0,1,0,0,1,0,0,0,0,0
31127,1,215,32,10,56,4,1,2,0,1,0,0,0,0,0,0
31129,1,182,12,1,12,0,0,0,0,0,0,1,0,0,0,0
31143,1,139,6,8,38,1,2,0,0,0,0,0,0,1,1,0
31152,1,272,26,2,32,0,0,1,0,0,0,0,0,0,0,0
31156,0,318,14,8,36,2,1,3,0,1,0,1,0,1,0,0
31158,0,227,18,1,18,0,0,1,0,0,0,2,0,0,0,0
31159,1,292,14,5,42,1,1,2,0,0,0,0,0,0,0,0
31161,1,306,14,12,56,1,1,1,3,0,0,0,0,0,0,0
31165,0,113,10,1,10,0,0,0,0,0,0,0,1,0,0,0
31171,1,327,12,3,28,1,0,1,0,0,0,0,0,0,0,1
31178,1,81,4,2,8,0,0,0,0,0,0,0,0,0,0,0
31180,1,387,6,11,66,1,0,1,4,0,1,2,0,2,0,1
31188,0,195,6,2,14,1,0,0,0,0,0,0,0,0,0,1
31194,1,226,30,11,58,2,2,3,1,0,1,0,1,2,0,0
31198,1,145,10,1,10,0,0,0,0,0,1,0,1,0,0,1
31204,1,270,14,2,18,0,0,0,1,1,1,1,0,0,0,1
31209,1,233,22,3,32,1,1,0,1,0,1,0,0,0,0,0
31215,0,222,14,7,40,0,1,1,3,0,0,0,0,0,0,1
31225,1,251,10,10,64,3,0,0,1,1,0,0,0,0,0,0
31226,0,25,8,1,8,0,0,0,0,0,0,0,0,0,0,0
31236,0,65,14,1,14,0,0,0,0,0,0,0,0,0,0,1
31237,1,152,34,7,56,1,1,3,0,1,0,0,0,0,0,0
31246,0,182,12,3,26,0,0,2,0,0,0,1,0,0,0,0
31249,1,164,32,4,52,0,0,1,1,0,0,0,0,0,0,0
31250,1,67,14,4,26,1,0,1,0,0,0,0,0,0,0,0
31257,1,220,14,1,14,0,1,0,0,0,0,0,0,0,0,0
31261,1,186,14,3,30,1,0,1,0,0,1,0,0,0,0,0
31269,0,70,10,4,30,0,0,1,0,1,0,0,0,0,0,0
31270,1,292,14,12,76,2,2,3,1,0,0,0,0,0,0,0
31276,1,287,6,1,6,0,0,0,0,0,0,0,0,0,0,0
31279,0,162,8,10,50,3,0,2,3,0,0,1,0,0,0,0
31282,1,247,4,2,12,0,0,0,0,0,1,0,0,0,0,0
31284,1,133,4,6,38,0,0,0,2,1,0,0,0,0,0,0
31287,1,316,14,2,20,0,1,0,0,1,0,0,0,0,0,0
31294,0,174,8,6,36,0,1,2,1,0,0,0,0,0,0,0
31295,1,171,16,1,16,1,0,0,0,0,0,0,0,0,0,0
31298,0,137,14,2,22,2,0,0,0,0,0,0,0,0,0,0
31304,0,171,4,2,8,0,0,0,0,0,0,0,0,0,0,1
31315,0,165,16,2,20,1,0,1,0,0,0,0,0,0,0,0
31316,1,401,12,8,50,1,1,2,1,0,0,2,0,0,0,0
31317,1,250,8,2,10,0,0,0,0,0,0,0,0,0,0,0
31323,1,222,8,5,30,0,0,1,1,0,1,0,0,0,0,0
31329,0,104,10,3,24,0,0,1,0,0,1,0,0,0,0,0
31341,1,43,14,2,16,1,0,0,0,1,1,1,0,0,0,0
31356,1,459,6,11,32,0,0,4,0,0,0,4,0,0,0,0
31357,1,270,14,2,16,0,0,2,0,0,0,1,0,0,0,0
31359,1,256,12,2,18,1,0,0,0,0,0,0,1,0,0,0
31366,1,231,24,2,30,0,0,0,0,2,0,0,0,0,0,0
31377,1,24,2,1,2,0,0,0,0,0,0,0,0,0,0,0
31379,1,424,24,9,48,2,1,3,2,0,0,0,0,0,0,0
31381,1,206,18,2,26,0,0,0,1,1,0,0,0,0,0,0
31386,1,126,20,1,20,0,0,0,1,0,0,0,0,0,0,0
31388,0,239,16,7,52,1,3,0,2,0,0,2,0,0,0,0
31393,1,306,28,12,82,2,1,2,4,1,1,0,0,0,0,0
31410,0,323,12,6,34,0,0,1,3,0,0,1,1,0,0,1
31415,0,271,10,1,10,0,0,0,0,0,0,0,0,0,0,0
31416,1,276,12,2,14,1,0,0,0,0,0,0,1,0,0,0
31422,1,64,14,1,14,0,0,0,0,1,0,0,0,0,0,1
31436,1,279,8,2,16,0,1,0,0,0,0,0,0,0,0,1
31439,1,116,6,7,30,3,0,1,0,0,0,0,0,0,0,0
31442,1,311,10,2,16,0,1,0,0,0,0,3,0,0,0,0
31446,1,160,12,1,12,0,0,0,0,0,0,1,0,0,0,0
31455,0,92,16,4,30,0,0,2,1,1,0,0,0,0,0,0
31460,1,338,12,8,46,2,0,3,1,1,1,0,0,0,0,0
31464,1,367,24,5,42,1,1,1,0,0,0,3,0,0,0,0
31466,0,119,22,1,22,0,0,0,1,0,0,0,0,0,0,0
31486,1,73,6,1,6,0,0,0,0,0,0,0,0,0,0,0
31489,1,67,2,1,2,0,0,0,0,0,0,0,0,0,0,0
31511,1,188,12,3,28,1,0,1,0,0,0,0,0,0,0,0
31513,0,249,10,6,32,0,1,0,0,1,0,0,0,0,0,0
31522,1,298,26,2,28,1,0,0,0,0,0,0,0,0,0,0
31526,1,241,4,2,10,0,0,0,0,0,2,0,0,0,0,0
31529,1,279,2,7,18,1,0,0,0,0,0,0,0,0,0,0
31532,1,315,16,2,18,0,0,1,1,0,0,2,0,0,0,0
31542,1,200,14,10,56,3,1,2,1,2,1,0,0,0,0,0
31544,1,124,26,1,26,0,0,0,0,0,1,0,0,0,0,0
31546,1,187,34,2,42,0,0,1,1,0,0,1,0,0,0,0
31547,1,177,14,4,26,2,0,0,1,0,0,0,0,0,0,0
31548,1,247,8,7,34,2,0,1,1,0,1,0,0,0,0,0
31551,1,167,24,10,76,3,0,4,1,1,0,0,0,0,0,0
31558,1,186,16,1,16,0,0,1,0,0,0,0,0,0,0,0
31565,1,297,16,2,22,0,0,0,1,0,2,0,0,0,0,0
31582,1,277,12,1,12,0,0,0,0,0,2,1,0,0,0,0
31587,1,29,10,1,10,0,0,0,0,0,0,0,0,0,0,0
31606,1,38,18,1,18,0,0,0,0,0,0,1,0,0,0,0
31614,1,465,16,12,84,3,2,1,2,0,0,1,0,0,0,0
31618,0,296,10,2,16,1,0,0,0,0,0,2,0,0,0,0
31623,0,73,12,1,12,0,0,0,0,0,0,0,0,0,0,0
31637,1,405,10,11,72,2,0,3,2,0,0,1,0,0,1,0
31653,1,283,12,10,70,2,0,3,0,1,1,1,0,0,0,0
31657,1,178,10,2,16,0,0,0,1,0,0,0,0,0,0,0
31666,1,407,12,8,40,1,1,2,1,0,0,1,0,0,0,1
31680,1,136,14,1,14,0,0,1,0,0,0,0,0,0,0,0
31684,1,156,14,1,14,0,0,1,0,0,0,0,0,0,0,0
31703,1,246,10,12,64,3,0,4,0,1,0,0,0,0,0,0
31708,1,297,2,1,2,0,0,0,0,0,0,0,1,0,0,1
31712,0,236,8,9,28,2,1,1,1,0,3,0,2,0,0,0
31716,0,33,14,1,14,1,0,0,0,0,3,0,0,0,0,1
31724,1,286,10,1,10,0,0,0,0,0,0,1,0,0,0,1
31726,0,324,14,2,22,1,0,0,0,0,0,0,0,0,0,0
31733,0,280,12,12,82,3,0,3,1,1,0,1,0,0,0,0
31755,1,133,16,2,20,0,0,0,1,0,0,0,0,0,0,0
31760,1,102,8,4,28,0,0,1,0,0,2,0,2,0,0,0
31767,1,208,22,2,24,2,0,0,0,0,0,1,0,0,0,0
31779,1,80,14,1,14,0,0,0,0,0,1,0,0,0,0,0
31789,1,246,26,4,48,0,0,2,0,0,0,0,0,0,0,0
31796,0,229,12,2,14,1,0,0,0,0,0,0,0,0,0,0
31799,1,189,26,11,72,1,0,4,2,1,0,0,0,0,1,0
31815,1,402,6,10,34,2,0,2,0,0,1,1,0,0,0,0
31847,1,89,4,1,4,0,0,0,0,0,0,0,0,0,0,0
31848,1,74,2,1,2,0,0,0,0,0,2,0,0,0,0,0
31854,0,92,34,1,34,0,1,0,0,0,0,0,0,0,0,0
31859,1,185,14,1,14,0,1,0,0,0,0,0,0,0,0,0
31860,1,234,6,1,6,0,0,0,0,0,0,0,2,0,0,0
31875,1,389,8,10,50,0,2,3,2,0,1,1,0,0,0,0
31881,1,122,22,2,24,0,0,1,0,0,1,0,0,0,0,0
31887,1,195,4,2,8,0,0,0,0,0,1,0,0,0,0,1
31896,1,184,16,10,70,0,3,2,0,1,0,0,0,0,0,1
31904,0,290,16,1,16,0,0,0,0,1,0,0,0,0,0,1
31906,0,241,2,12,66,1,0,3,2,1,0,0,0,0,0,0
31915,0,218,8,2,10,0,0,0,0,0,0,0,0,0,0,0
31919,0,84,28,1,28,0,0,0,0,0,2,0,0,0,0,0
31920,1,222,34,2,40,0,0,1,0,0,0,0,0,0,0,0
31924,0,201,4,2,10,0,0,0,0,0,0,0,0,0,0,0
31928,1,93,24,6,48,2,0,1,0,0,0,0,0,0,0,0
31931,1,168,2,1,2,0,0,0,0,0,0,0,0,0,0,0
31940,0,68,14,1,14,0,0,0,0,0,0,0,0,0,0,0
31952,1,208,10,1,10,0,0,0,0,0,0,1,0,0,0,0
31959,1,407,10,12,80,2,0,4,2,0,0,1,0,0,0,0
31970,0,261,10,2,18,0,1,0,0,0,0,0,0,0,0,0
31980,1,269,12,1,12,0,0,0,0,0,0,0,0,0,0,0
31997,0,182,4,11,44,3,0,1,0,2,0,0,1,0,0,0
31998,1,67,36,2,44,1,1,0,0,0,0,0,1,0,0,0
32007,0,140,8,7,22,2,0,1,0,0,0,1,0,0,0,1
32010,1,333,4,3,20,0,0,0,0,0,0,0,1,0,0,0
32027,0,276,10,12,40,3,1,5,1,1,0,0,0,0,0,0
32036,1,103,6,2,12,0,0,0,0,0,1,0,0,0,0,0
32038,1,208,10,10,32,3,2,2,0,0,0,1,0,0,0,0
32044,1,254,18,1,18,1,0,0,0,0,0,0,0,0,0,0
32048,1,376,16,10,36,6,2,1,0,0,0,0,0,0,0,0
32066,1,192,8,1,8,0,0,0,0,0,0,0,0,0,0,0
32073,1,151,18,5,28,1,0,3,1,0,1,0,0,0,0,0
32083,0,353,16,9,36,2,1,3,0,0,0,1,0,0,0,1
32092,1,139,12,1,12,0,0,0,0,0,0,0,0,0,0,0
32101,1,246,30,1,30,0,0,0,0,0,1,0,0,0,0,0
32107,1,65,36,2,42,1,0,0,0,0,0,0,1,0,0,0
32113,1,324,30,2,38,1,0,1,0,0,1,0,0,0,0,0
32122,1,275,10,11,46,2,0,4,0,1,1,0,0,0,1,1
32125,1,120,14,4,36,0,0,1,0,1,1,0,0,0,0,0
32135,0,185,10,9,56,1,1,3,1,1,0,0,0,0,1,0
32136,1,41,14,1,14,0,1,0,0,0,0,0,0,0,0,0
32137,1,161,14,1,14,1,0,0,0,0,0,0,0,0,0,0
32143,1,27,2,1,2,0,0,0,0,0,0,0,0,0,0,0
32156,1,53,16,2,22,0,1,1,0,0,0,0,0,0,0,0
32167,0,310,2,2,8,0,0,0,0,0,2,0,0,0,0,0
32188,1,188,12,2,16,0,0,1,0,0,0,0,0,0,0,0
32190,1,296,14,2,20,0,0,1,1,0,0,2,0,0,0,0
32191,0,280,26,5,52,2,0,0,0,0,0,1,0,0,0,0
32192,1,286,28,9,62,3,0,2,0,1,0,1,1,0,0,0
32199,0,220,8,2,10,0,0,0,0,0,0,0,0,0,0,0
32202,0,175,30,9,82,3,0,3,2,0,0,0,0,0,0,0
32213,1,285,16,6,44,1,0,3,0,1,0,0,0,0,0,0
32217,1,104,16,1,16,1,0,0,0,0,0,0,0,0,0,0
32229,0,296,34,6,50,1,0,2,2,1,0,2,0,0,0,0
32235,1,365,16,8,48,2,0,3,1,1,0,1,0,0,0,0
32238,0,326,12,2,20,1,0,0,0,0,0,0,0,0,0,0
32242,0,303,26,7,46,3,0,1,2,0,2,0,0,0,1,0
32248,1,368,4,10,50,0,3,0,1,2,0,0,0,0,0,0
32253,0,235,2,11,26,0,0,2,1,0,0,0,0,0,0,0
32258,1,132,22,1,22,1,0,0,0,0,0,2,0,0,0,0
32261,1,130,22,4,36,1,0,1,0,0,0,1,0,0,0,1
32284,1,260,10,8,48,1,2,1,0,1,0,0,0,0,0,1
32287,1,68,10,3,16,0,1,0,0,0,0,0,0,0,0,1
32296,1,112,12,2,20,0,1,0,0,0,0,0,0,0,0,0
32303,0,207,30,3,42,0,0,1,1,0,0,0,0,0,0,0
32305,0,239,16,2,24,0,0,2,0,0,0,2,0,0,0,1
32312,1,57,24,1,24,0,0,1,0,0,1,1,0,0,0,1
32319,0,278,2,2,6,0,0,0,0,0,1,1,0,0,0,0
32342,1,169,16,1,16,1,0,0,0,0,1,0,0,0,0,0
32351,1,324,22,2,30,1,1,0,0,0,0,0,0,0,0,0
32354,1,115,8,1,8,0,0,0,0,0,0,1,0,0,0,0
32355,0,122,14,1,14,0,0,1,0,0,0,0,0,0,0,1
32365,1,145,18,2,22,1,0,1,0,0,0,0,0,0,0,0
32366,1,240,4,2,8,0,0,0,0,0,0,0,0,0,0,0
32370,1,281,10,1,10,0,0,0,0,0,0,0,0,0,0,0
32371,0,152,2,1,2,0,0,0,0,0,0,2,0,0,0,0
32372,1,283,30,10,86,1,0,3,2,1,0,1,0,0,0,0
32374,1,231,2,3,8,0,0,0,0,0,0,0,0,0,0,0
32382,1,109,16,2,24,0,0,2,0,0,0,0,0,0,0,0
32401,1,270,12,1,12,0,0,0,0,0,0,0,0,0,0,0
32415,1,204,14,1,14,0,0,0,0,0,0,1,0,0,0,0
32432,1,335,30,4,50,1,0,2,0,0,1,1,0,0,0,0
32437,0,39,28,2,30,1,0,0,0,0,0,0,1,0,0,1
32443,0,129,4,8,48,3,0,1,0,2,0,0,0,0,0,0
32464,1,246,10,2,14,1,0,0,0,0,0,0,0,0,0,0
32490,1,118,12,1,12,0,0,0,0,0,0,0,0,0,0,0
32505,1,119,10,1,10,0,0,0,0,0,0,0,0,0,0,0
32515,1,181,14,1,14,0,0,1,0,0,0,0,0,0,0,0
32521,1,317,16,5,36,2,0,0,0,1,0,1,0,1,0,0
32523,1,307,8,6,30,2,0,1,0,1,0,0,0,0,0,0
32547,1,317,10,8,34,2,1,1,0,0,0,1,0,0,0,0
32559,1,94,6,2,10,0,0,0,0,0,0,0,0,0,0,0
32579,1,124,12,2,14,1,0,0,0,0,0,0,2,0,0,0
32592,0,219,4,2,12,0,0,0,0,0,0,0,0,0,0,0
32594,1,363,28,5,48,2,0,0,0,0,0,2,1,1,0,0
32599,1,314,34,2,38,1,0,1,0,0,0,0,0,0,0,0
32601,1,355,22,7,48,3,1,1,2,0,0,1,0,0,0,0
32606,0,169,14,8,56,2,1,3,1,1,0,0,0,0,1,0
32612,1,312,6,2,12,0,0,0,0,0,0,0,0,0,0,0
32623,0,270,6,8,50,2,0,2,1,0,0,0,0,0,0,0
32630,1,100,16,1,16,0,1,0,0,0,0,0,0,0,0,0
32633,0,78,18,2,26,0,1,1,0,0,0,0,0,0,0,0
32645,1,323,10,2,14,0,0,1,0,0,0,1,0,0,0,0
32649,1,287,36,8,76,2,0,2,0,0,0,0,1,0,0,0
32651,1,120,6,8,22,1,0,2,1,0,0,0,0,0,1,0
32661,0,88,4,2,8,0,0,0,0,0,1,0,0,0,0,0
32669,1,302,4,1,4,0,0,0,0,0,0,1,0,0,0,1
32673,0,275,10,1,10,0,0,0,0,0,1,0,1,0,0,0
32679,1,96,4,2,10,0,0,0,0,0,0,0,0,0,0,0
32682,0,194,6,2,8,0,0,0,0,0,2,0,0,0,0,0
32684,0,357,8,9,26,3,0,1,0,1,2,1,0,0,0,0
32695,0,191,12,12,76,2,2,4,0,1,2,1,2,0,0,0
32705,1,62,8,2,12,0,0,0,0,0,0,0,0,0,0,0
32708,1,36,10,1,10,0,0,0,0,0,2,0,0,0,0,0
32712,1,299,6,2,10,0,0,0,0,0,0,0,0,0,0,0
32723,0,299,16,1,16,0,0,0,0,1,3,0,0,0,0,0
32732,1,130,14,1,14,0,0,1,0,0,0,1,0,0,0,0
32734,1,15,8,1,8,0,0,0,0,0,0,0,0,0,0,0
32736,1,19,12,1,12,0,0,0,0,0,0,0,0,0,0,0
32756,1,42,8,1,8,0,0,0,0,0,0,0,0,0,0,0
32762,1,191,26,2,30,0,0,1,0,0,0,1,0,0,0,0
32805,1,20,16,1,16,0,0,0,1,0,0,0,0,0,0,0
32824,1,91,2,1,2,0,0,0,0,0,2,0,0,0,0,0
32835,1,123,16,6,44,2,0,0,0,0,0,1,1,0,0,0
32841,1,400,14,12,68,6,1,1,1,2,0,0,0,1,0,0
32853,0,148,14,2,22,0,0,0,0,0,0,0,0,0,0,0
32866,0,266,14,3,22,0,2,0,1,0,0,1,0,0,0,0
32878,1,456,4,11,68,1,2,3,2,1,0,0,0,0,0,0
32881,1,147,14,1,14,0,0,1,0,0,0,0,0,0,0,0
32883,1,420,4,11,36,1,2,0,1,0,0,6,0,0,0,0
32892,1,263,8,1,8,0,0,0,0,0,0,2,0,0,0,0
32896,1,294,2,11,32,1,1,1,0,0,0,2,0,0,0,0
32897,1,185,12,1,12,0,0,0,0,0,0,0,0,0,0,0
32919,1,136,14,1,14,0,0,0,0,0,0,0,0,0,0,0
32921,1,318,20,5,50,0,0,1,1,0,0,1,0,0,0,0
32924,1,61,6,2,8,0,0,0,0,0,0,0,0,0,0,0
32928,1,208,32,1,32,1,0,0,0,0,0,1,0,0,0,0
32943,0,137,6,1,6,0,0,0,0,0,0,0,0,0,0,0
32948,1,160,6,2,10,0,0,0,0,0,1,1,0,0,0,0
32950,0,141,2,2,6,0,0,0,0,0,0,0,0,0,0,0
32954,1,357,16,9,52,1,1,2,2,2,0,1,0,0,0,0
32955,0,48,12,1,12,0,0,0,0,0,0,0,0,0,0,0
32976,0,214,14,7,38,1,1,3,1,0,0,0,0,0,0,0
32977,1,114,10,2,12,0,0,0,0,0,0,1,0,0,0,0
