Id,donate_00,donate_01,donate_02,donate_03,donate_04,donate_05,donate_06,donate_07,donate_08,donate_09,donate_10,donate_11,last_donation
100001,1,0,0,0,0,0,0,0,0,0,0,0,0
100002,1,0,0,0,0,0,0,0,1,1,1,1,10
100003,1,0,0,0,0,0,0,0,0,0,0,0,0
100004,1,0,1,0,1,1,1,1,1,1,1,0,10
100005,1,0,1,1,1,0,1,1,1,1,1,1,10
100006,1,1,1,1,0,1,0,1,1,0,0,0,8
100007,1,1,0,1,0,1,0,0,0,0,0,0,5
100008,1,1,1,1,1,1,1,1,1,1,1,1,10
100009,1,1,1,1,1,1,0,1,1,1,1,1,10
100010,1,0,0,0,0,0,0,0,0,0,0,0,0
100011,1,0,0,0,0,0,0,0,0,0,0,0,0
100012,1,0,1,0,0,1,1,0,0,0,0,0,6
100013,1,1,0,1,0,0,0,0,0,0,0,0,3
100014,1,1,1,0,0,1,1,1,1,1,1,0,10
100015,1,0,0,0,0,0,0,0,0,0,0,0,0
100016,1,1,1,1,1,1,0,0,0,0,0,0,5
100017,1,1,0,0,1,1,0,0,0,0,0,0,5
100018,1,1,1,1,0,0,1,0,0,0,1,0,10
100019,1,1,0,1,1,0,1,1,0,1,1,1,10
100020,1,1,1,0,0,0,0,0,0,0,0,0,2
100021,1,1,1,0,1,1,0,1,0,0,0,0,7
100022,1,0,1,1,0,1,1,0,0,0,0,0,6
100023,1,0,0,0,0,0,0,0,0,0,0,0,0
100024,1,1,0,0,0,0,1,1,1,0,1,0,10
100025,1,0,0,0,0,0,0,0,0,0,0,0,0
100026,1,1,1,1,0,1,1,0,0,0,0,0,6
100027,1,0,0,0,0,0,0,0,0,0,0,0,0
100028,1,0,0,0,0,0,0,0,0,0,0,0,0
100029,1,0,0,0,0,0,0,0,0,0,0,0,0
100030,1,0,0,0,0,1,0,0,0,0,0,0,5
100031,1,0,0,0,0,0,0,0,0,0,0,0,0
100032,1,0,1,1,1,1,1,1,1,1,1,0,10
100033,1,1,1,0,1,1,0,1,1,1,1,1,10
100034,1,1,1,1,0,1,0,1,0,1,1,0,10
100035,1,1,0,0,0,1,0,1,0,1,0,0,9
100036,1,0,1,1,0,1,0,1,1,1,1,1,10
100037,1,0,0,0,0,0,0,0,0,0,0,0,0
100038,1,1,0,0,0,0,1,1,1,1,1,0,10
100039,1,0,0,0,0,1,1,1,1,1,1,1,10
100040,1,1,0,1,1,0,1,1,1,1,1,1,10
100041,1,1,1,1,1,1,1,1,1,0,0,0,8
100042,1,0,1,1,1,1,1,0,0,0,0,0,6
100043,1,0,1,0,0,0,0,0,0,0,1,0,10
100044,1,0,0,1,1,1,1,1,0,1,0,1,9
100045,1,0,1,0,1,1,1,1,1,1,1,0,10
100046,1,0,0,0,0,0,1,1,0,1,0,0,9
100047,1,1,0,0,1,0,0,0,0,0,0,0,4
100048,1,1,1,1,1,1,1,1,1,1,1,1,10
100049,1,1,1,0,0,1,1,1,1,1,0,0,9
100050,1,1,0,0,0,0,0,0,0,0,0,0,1
100051,1,1,0,0,0,1,0,0,1,1,1,1,10
100052,1,0,0,1,1,1,1,1,1,1,1,1,10
100053,1,0,0,0,0,0,0,0,0,0,0,0,0
100054,1,0,0,0,0,0,0,0,0,0,0,0,0
100055,1,0,0,0,0,0,0,0,0,0,0,0,0
100056,1,1,1,1,1,1,0,0,1,0,0,0,8
100057,1,1,0,0,1,0,0,1,0,0,0,0,7
100058,1,0,0,0,0,0,0,0,0,0,0,0,0
100059,1,0,0,0,0,0,0,0,0,0,0,0,0
100060,1,1,0,0,0,0,0,0,0,0,0,0,1
100061,1,1,1,0,1,1,1,1,1,0,0,0,8
100062,1,1,1,1,1,1,1,0,0,0,0,0,6
100063,1,1,1,0,0,0,0,1,0,0,0,0,7
100064,1,0,1,0,1,0,1,0,1,0,1,1,10
100065,1,0,1,0,0,1,0,0,0,1,1,0,10
100066,1,0,1,0,0,0,0,0,0,0,0,0,2
100067,1,0,0,1,1,0,0,0,0,0,0,0,4
100068,1,1,1,0,0,0,0,0,0,0,1,1,10
100069,1,1,1,1,1,1,1,1,1,1,1,1,10
100070,1,1,0,1,1,1,1,1,1,1,1,1,10
100071,1,1,1,1,0,0,0,0,0,0,0,0,3
100072,1,1,1,1,1,1,1,1,1,1,1,1,10
100073,1,0,0,0,0,1,0,0,0,0,0,0,5
100074,1,1,0,0,0,0,0,0,0,0,0,0,1
100075,1,0,1,1,1,1,0,0,1,1,1,0,10
100076,1,1,1,1,1,1,1,0,1,1,1,1,10
100077,1,1,1,0,1,1,0,1,1,1,1,0,10
100078,1,0,0,0,0,1,1,0,1,0,1,0,10
100079,1,1,1,1,1,1,1,1,1,1,1,0,10
100080,1,1,0,0,0,0,0,0,0,0,0,0,1
100081,1,1,1,0,0,0,1,1,0,0,0,0,7
100082,1,0,0,0,0,0,0,0,0,1,1,0,10
100083,1,1,1,1,1,1,1,1,0,0,0,0,7
100084,1,1,1,1,0,0,1,0,0,0,0,0,6
100085,1,1,1,1,0,0,0,0,0,0,0,0,3
100086,1,1,1,1,1,1,0,1,1,0,0,0,8
100087,1,1,1,0,1,0,1,1,0,0,0,0,7
100088,1,1,1,1,1,1,1,1,1,1,1,1,10
100089,1,0,0,0,0,0,0,0,0,0,0,0,0
100090,1,0,0,0,0,0,0,0,0,0,0,0,0
100091,1,1,1,1,1,1,1,1,1,1,1,0,10
100092,1,0,0,1,1,1,1,1,1,0,0,0,8
100093,1,0,0,0,0,0,1,1,1,1,0,1,9
100094,1,0,0,0,0,0,0,0,0,0,0,0,0
100095,1,0,0,0,0,0,0,0,0,0,0,0,0
100096,1,1,0,1,0,1,1,1,1,1,0,0,9
100097,1,1,0,1,1,1,0,0,0,1,1,1,10
100098,1,1,1,1,1,1,1,1,1,1,1,1,10
100099,1,0,0,0,0,0,0,0,0,0,0,0,0
100100,1,1,0,0,0,1,1,0,1,1,1,0,10
100101,1,1,1,1,0,0,0,1,1,1,1,1,10
100102,1,1,1,1,0,0,0,1,1,0,0,0,8
100103,1,0,0,0,0,1,0,0,0,0,0,0,5
100104,1,0,0,0,0,0,0,0,0,0,0,1,0
100105,1,0,0,0,0,0,0,0,0,0,0,0,0
100106,1,0,0,0,0,0,0,0,0,0,0,0,0
100107,1,1,0,0,0,0,0,0,0,0,0,0,1
100108,1,1,0,0,1,1,0,0,1,1,1,1,10
100109,1,0,1,0,0,1,1,1,1,1,1,1,10
100110,1,0,1,0,0,0,0,0,0,1,1,1,10
100111,1,1,1,1,0,1,0,0,0,0,0,0,5
100112,1,0,0,1,1,1,0,1,0,0,1,0,10
100113,1,1,1,1,1,1,0,1,1,1,0,0,9
100114,1,0,0,1,0,0,0,1,0,0,0,1,7
100115,1,0,1,1,1,1,1,1,1,1,1,1,10
100116,1,0,0,0,0,0,0,0,0,0,0,0,0
100117,1,0,1,0,1,0,1,0,0,0,0,0,6
100118,1,1,1,0,1,0,1,1,1,0,1,0,10
100119,1,0,0,0,0,0,0,0,0,0,0,0,0
100120,1,0,0,0,0,0,0,0,0,0,0,0,0
100121,1,0,0,0,0,0,0,1,0,1,0,1,9
100122,1,0,0,0,0,0,0,0,0,0,0,0,0
100123,1,1,1,0,0,0,0,0,1,0,0,0,8
100124,1,1,0,0,1,1,1,1,0,1,0,1,9
100125,1,0,0,0,0,0,0,0,0,0,0,0,0
100126,1,1,1,1,1,1,1,1,0,1,1,1,10
100127,1,0,1,0,0,0,1,0,1,0,0,1,8
100128,1,1,1,1,1,1,1,1,0,0,1,0,10
100129,1,0,1,1,0,1,1,1,1,1,1,1,10
100130,1,1,0,0,0,0,0,0,0,0,0,0,1
100131,1,1,1,1,1,0,0,0,0,0,0,0,4
100132,1,0,1,1,0,0,0,1,0,0,0,0,7
100133,1,1,1,1,1,1,1,1,1,1,1,0,10
100134,1,0,0,0,0,0,0,0,0,0,0,1,0
100135,1,1,0,0,0,0,0,0,1,0,0,0,8
100136,1,1,1,0,0,1,1,1,1,1,1,1,10
100137,1,0,0,0,0,0,0,0,0,0,0,0,0
100138,1,1,1,1,0,1,0,1,0,1,0,1,9
100139,1,1,1,1,1,1,1,1,1,1,1,1,10
100140,1,0,1,0,0,1,0,0,0,0,0,0,5
100141,1,1,0,0,0,0,0,0,0,0,0,0,1
100142,1,1,1,1,1,0,1,1,1,1,1,1,10
100143,1,0,0,0,0,0,0,0,0,0,0,0,0
100144,1,0,0,0,0,0,0,0,0,0,0,0,0
100145,1,1,1,1,1,1,0,0,0,0,0,0,5
100146,1,1,1,1,1,1,1,0,1,1,1,0,10
100147,1,1,1,1,1,1,1,1,1,1,1,1,10
100148,1,0,0,1,1,1,1,1,0,0,0,0,7
100149,1,0,0,1,0,1,1,0,0,0,0,0,6
100150,1,1,1,0,1,0,0,0,0,0,0,0,4
100151,1,0,0,0,0,1,1,0,0,1,0,0,9
100152,1,1,0,1,0,0,0,1,1,0,1,0,10
100153,1,1,0,0,0,0,0,0,0,0,0,0,1
100154,1,1,0,1,1,1,1,1,1,1,1,1,10
100155,1,1,0,1,0,1,0,1,1,0,0,0,8
100156,1,1,1,1,1,1,1,1,0,1,1,0,10
100157,1,0,1,0,1,1,1,0,0,0,0,0,6
100158,1,0,0,0,1,0,0,1,0,0,0,0,7
100159,1,1,0,0,0,0,0,0,0,0,0,0,1
100160,1,1,0,1,1,1,1,1,1,1,1,1,10
100161,1,0,0,0,0,0,0,1,1,1,0,0,9
100162,1,0,0,0,0,1,0,0,0,0,0,0,5
100163,1,1,1,1,0,1,1,1,1,1,1,1,10
100164,1,1,1,1,1,1,1,1,0,0,0,0,7
100165,1,0,0,0,0,0,0,0,0,1,1,1,10
100166,1,0,0,0,0,0,0,0,0,0,0,0,0
100167,1,1,0,0,0,1,0,0,0,0,0,0,5
100168,1,1,1,1,1,1,1,1,1,1,1,1,10
100169,1,0,0,0,0,0,0,0,0,0,0,0,0
100170,1,1,1,0,0,0,0,0,0,0,0,0,2
100171,1,0,0,0,0,0,0,0,0,0,0,0,0
100172,1,0,0,0,0,0,0,0,0,0,0,0,0
100173,1,0,0,1,0,0,0,0,0,0,1,0,10
100174,1,1,1,0,1,1,1,1,1,1,1,0,10
100175,1,0,1,0,1,1,1,1,1,1,0,0,9
100176,1,1,0,0,0,0,0,0,0,0,0,0,1
100177,1,1,1,0,0,1,1,0,0,1,0,0,9
100178,1,0,1,1,1,0,0,0,0,0,0,0,4
100179,1,1,0,1,1,1,1,1,1,0,1,0,10
100180,1,1,1,1,1,0,1,1,1,1,0,0,9
100181,1,1,1,0,0,0,0,0,0,0,0,0,2
100182,1,1,1,1,1,1,1,1,0,0,0,0,7
100183,1,1,1,1,1,1,1,1,1,1,1,0,10
100184,1,0,0,0,0,0,0,0,0,1,0,1,9
100185,1,1,1,0,1,1,1,1,1,0,0,0,8
100186,1,0,0,0,0,0,0,0,1,1,0,0,9
100187,1,1,1,1,0,0,0,0,0,0,0,0,3
100188,1,0,1,0,0,1,1,1,1,0,1,1,10
100189,1,1,1,0,1,1,0,1,1,1,1,1,10
100190,1,1,1,1,1,1,1,1,0,0,0,0,7
100191,1,0,1,0,0,0,1,0,0,1,1,1,10
100192,1,0,1,1,0,0,0,0,0,0,0,0,3
100193,1,0,0,0,0,0,0,0,0,0,0,0,0
100194,1,1,1,1,1,0,1,1,1,1,1,1,10
100195,1,1,1,0,0,0,0,0,0,0,0,0,2
100196,1,1,0,1,1,1,1,1,1,1,1,1,10
100197,1,1,0,0,0,0,0,0,0,0,0,0,1
100198,1,1,0,1,1,1,1,1,1,1,1,1,10
100199,1,0,0,0,0,0,0,0,0,0,0,0,0
100200,1,1,0,0,0,0,0,0,0,0,0,0,1
100201,1,1,0,1,1,0,0,0,1,1,1,0,10
100202,1,1,1,1,1,1,1,0,0,0,0,0,6
100203,1,1,0,0,0,0,0,0,0,0,0,0,1
100204,1,1,1,1,0,1,1,1,1,0,1,0,10
100205,1,1,1,1,1,0,0,0,0,0,0,0,4
100206,1,0,0,0,0,0,0,0,0,0,0,0,0
100207,1,0,0,0,0,0,0,0,0,0,0,0,0
100208,1,0,0,0,0,0,0,0,0,0,0,0,0
100209,1,1,1,1,1,1,1,1,1,1,1,1,10
100210,1,0,0,0,1,1,1,1,1,0,0,0,8
100211,1,1,1,0,0,0,0,0,0,0,0,0,2
100212,1,1,1,1,1,1,1,1,0,0,0,0,7
100213,1,1,1,1,1,1,0,0,0,0,0,0,5
100214,1,1,1,1,1,1,1,0,1,1,0,0,9
100215,1,1,1,0,1,0,1,0,1,0,0,0,8
100216,1,0,1,1,0,1,0,1,1,1,1,1,10
100217,1,0,0,0,0,0,0,0,0,0,0,0,0
100218,1,0,1,1,1,0,0,0,0,0,0,0,4
100219,1,1,0,0,0,0,0,0,0,0,0,0,1
100220,1,0,0,0,0,0,0,1,0,0,0,0,7
100221,1,1,1,1,1,1,1,1,0,0,0,0,7
100222,1,0,1,0,0,0,0,1,1,1,0,1,9
100223,1,1,1,1,0,0,0,0,0,0,0,0,3
100224,1,0,0,0,0,0,0,0,0,0,0,0,0
100225,1,0,0,0,0,0,0,0,0,0,0,0,0
100226,1,0,1,0,0,0,0,0,0,0,0,0,2
100227,1,1,0,1,0,0,0,1,0,0,0,1,7
100228,1,1,0,1,1,0,0,0,1,0,0,0,8
100229,1,1,0,1,0,0,0,0,0,0,0,0,3
100230,1,0,0,0,0,0,0,0,0,0,0,0,0
100231,1,0,0,0,0,0,0,1,1,1,1,1,10
100232,1,1,0,1,1,1,1,1,1,1,0,0,9
100233,1,0,0,0,1,0,0,0,0,0,0,0,4
100234,1,1,1,0,1,1,1,1,0,1,1,0,10
100235,1,1,1,1,1,1,0,1,1,1,0,0,9
100236,1,1,1,1,1,1,1,1,1,1,1,1,10
100237,1,1,0,1,0,1,1,1,1,1,1,0,10
100238,1,1,1,0,0,0,0,0,0,0,0,1,2
100239,1,1,0,1,1,1,1,1,0,0,0,0,7
100240,1,1,1,0,1,1,1,1,1,1,1,1,10
100241,1,0,1,1,1,1,1,1,1,1,1,1,10
100242,1,1,1,0,1,1,1,1,1,1,1,0,10
100243,1,1,1,1,1,1,1,1,1,1,1,1,10
100244,1,1,1,0,0,0,0,0,1,0,1,1,10
100245,1,0,0,1,1,1,0,0,0,0,0,0,5
100246,1,1,1,0,0,0,0,0,0,0,0,0,2
100247,1,0,0,0,0,1,0,1,0,1,1,1,10
100248,1,1,1,0,0,0,0,0,0,0,0,0,2
100249,1,1,1,1,1,1,1,1,1,1,1,1,10
100250,1,0,0,0,0,0,0,0,0,0,0,0,0
100251,1,0,0,0,0,0,1,1,1,0,0,0,8
100252,1,1,1,1,1,1,1,1,1,1,1,0,10
100253,1,1,1,1,1,1,1,1,1,1,1,1,10
100254,1,1,1,1,1,1,0,0,0,0,0,0,5
100255,1,1,1,1,1,1,1,1,1,1,1,0,10
100256,1,0,0,0,0,0,0,0,0,0,0,0,0
100257,1,0,1,0,1,1,0,1,1,1,1,0,10
100258,1,0,0,1,0,0,1,0,0,0,0,0,6
100259,1,0,1,0,0,0,1,0,0,0,0,0,6
100260,1,0,0,0,0,0,0,0,0,1,0,0,9
100261,1,0,1,1,1,0,0,1,0,1,1,1,10
100262,1,1,1,1,1,1,1,1,1,1,1,1,10
100263,1,0,0,0,1,1,1,1,0,0,0,0,7
100264,1,1,0,1,0,1,1,1,1,1,0,0,9
100265,1,1,1,1,0,0,0,0,0,0,0,0,3
100266,1,1,1,1,1,1,1,1,1,1,1,1,10
100267,1,1,1,1,1,0,0,0,0,0,0,0,4
100268,1,1,1,0,0,0,0,0,0,0,0,0,2
100269,1,1,1,1,0,1,1,1,0,1,1,1,10
100270,1,1,1,1,0,1,1,0,1,0,1,1,10
100271,1,0,0,1,1,0,0,1,1,1,1,1,10
100272,1,1,1,1,0,1,0,1,1,1,1,0,10
100273,1,1,1,0,1,1,0,0,1,1,1,1,10
100274,1,0,0,0,0,0,0,0,0,0,0,0,0
100275,1,1,1,0,0,0,0,0,0,0,0,0,2
100276,1,0,0,0,0,0,0,0,0,0,0,0,0
100277,1,0,0,0,0,0,0,1,1,0,0,0,8
100278,1,1,0,0,0,0,0,0,0,0,0,0,1
100279,1,1,1,1,1,1,1,1,1,1,0,0,9
100280,1,1,1,0,1,1,1,1,1,1,0,0,9
100281,1,1,1,1,1,1,1,1,1,1,1,1,10
100282,1,1,1,0,1,1,1,1,1,0,1,1,10
100283,1,1,0,1,1,1,1,1,1,1,1,1,10
100284,1,0,0,0,0,0,0,0,0,0,0,0,0
100285,1,1,1,0,0,0,1,0,1,1,1,0,10
100286,1,1,0,0,0,0,0,0,0,0,0,0,1
100287,1,1,1,1,1,1,1,0,0,0,0,0,6
100288,1,0,0,0,1,0,0,0,0,0,0,0,4
100289,1,1,0,0,0,0,1,1,0,0,0,1,7
100290,1,1,1,1,1,0,1,1,1,1,1,0,10
100291,1,0,0,0,0,0,0,0,0,0,0,0,0
100292,1,0,1,1,1,0,0,0,0,0,0,0,4
100293,1,1,0,1,1,0,1,1,1,0,1,0,10
100294,1,0,0,0,0,0,0,0,0,0,0,0,0
100295,1,1,1,1,0,0,0,0,0,0,0,0,3
100296,1,0,0,0,0,0,0,0,0,0,0,0,0
100297,1,1,0,0,1,1,0,0,1,0,1,1,10
100298,1,0,1,1,1,1,0,1,1,1,1,1,10
100299,1,1,1,0,1,1,0,1,0,0,0,1,7
100300,1,0,0,1,1,1,0,0,1,0,0,1,8
100301,1,1,0,0,0,0,0,0,0,0,0,0,1
100302,1,1,1,0,0,0,0,0,0,0,0,0,2
100303,1,0,1,1,1,1,1,1,1,1,0,0,9
100304,1,1,1,0,0,1,1,1,1,1,1,1,10
100305,1,1,1,1,1,1,1,1,1,1,1,1,10
100306,1,0,0,0,0,0,0,0,0,0,0,0,0
100307,1,1,0,0,0,0,0,0,0,0,0,0,1
100308,1,1,1,0,0,0,1,1,0,0,1,1,10
100309,1,1,1,1,1,1,1,1,1,1,1,1,10
100310,1,1,1,0,0,0,0,0,0,0,0,0,2
100311,1,0,1,1,0,1,0,0,1,0,0,0,8
100312,1,1,1,1,0,1,1,1,1,0,1,0,10
100313,1,0,0,0,0,0,0,0,0,0,0,0,0
100314,1,1,1,1,1,1,0,1,1,1,0,0,9
100315,1,0,1,0,0,1,0,0,0,0,0,0,5
100316,1,1,1,1,1,1,1,0,1,0,1,1,10
100317,1,0,0,0,0,0,0,1,0,0,0,0,7
100318,1,1,0,0,0,0,0,0,0,0,0,0,1
100319,1,1,0,0,0,0,0,0,0,0,0,0,1
100320,1,0,0,1,1,1,1,0,0,1,1,0,10
100321,1,0,0,0,0,0,0,0,0,0,0,0,0
100322,1,1,1,0,1,1,1,1,1,1,1,1,10
100323,1,1,1,1,1,0,1,1,0,1,1,1,10
100324,1,0,0,0,0,0,0,0,0,0,0,0,0
100325,1,1,0,0,0,1,1,0,0,0,0,0,6
100326,1,1,1,1,1,1,1,1,1,0,0,0,8
100327,1,1,0,1,1,1,1,1,0,0,0,0,7
100328,1,0,0,0,1,1,0,0,0,0,1,1,10
100329,1,0,0,0,0,0,0,0,0,0,0,0,0
100330,1,0,1,0,1,0,1,0,0,0,1,0,10
100331,1,0,1,1,1,1,1,1,1,1,1,0,10
100332,1,1,1,1,0,1,0,0,1,0,1,1,10
100333,1,1,1,1,1,1,1,1,1,1,1,1,10
100334,1,1,1,1,1,1,1,1,1,1,1,1,10
100335,1,1,1,0,0,0,0,0,0,0,0,0,2
100336,1,1,1,1,1,1,0,1,1,1,1,1,10
100337,1,0,0,0,0,0,0,0,0,0,0,0,0
100338,1,1,1,0,1,0,1,1,0,1,1,1,10
100339,1,1,1,0,0,0,0,0,1,0,0,0,8
100340,1,1,1,1,1,1,1,1,1,1,1,1,10
100341,1,1,1,1,0,0,0,1,0,1,1,0,10
100342,1,1,0,1,1,0,0,0,0,0,0,1,4
100343,1,0,1,1,1,1,1,1,1,1,1,0,10
100344,1,1,1,1,1,1,1,1,0,1,1,1,10
100345,1,1,0,0,1,1,0,0,0,0,0,0,5
100346,1,1,1,0,1,1,1,1,1,1,1,1,10
100347,1,0,0,0,0,0,0,0,0,0,0,0,0
100348,1,1,0,0,0,1,0,1,0,1,1,1,10
100349,1,0,1,0,1,0,1,1,1,1,1,0,10
100350,1,0,0,1,0,0,0,0,0,0,0,0,3
100351,1,0,1,1,1,1,0,1,0,0,0,0,7
100352,1,1,0,0,0,0,0,0,0,0,0,0,1
100353,1,0,0,0,0,0,0,0,0,0,0,0,0
100354,1,0,0,0,0,0,0,0,0,0,0,0,0
100355,1,0,0,0,0,0,0,0,0,0,0,0,0
100356,1,0,0,0,0,0,0,0,0,0,0,0,0
100357,1,1,1,1,1,1,1,1,0,1,1,1,10
100358,1,1,0,0,0,0,0,0,0,0,0,0,1
100359,1,0,1,0,0,1,0,1,1,1,1,0,10
100360,1,0,1,0,0,0,0,0,0,0,0,0,2
100361,1,1,1,1,1,0,1,0,0,0,1,1,10
100362,1,0,0,0,0,0,0,0,0,0,0,0,0
100363,1,1,1,1,1,0,0,0,0,0,0,0,4
100364,1,0,0,0,0,1,0,0,0,1,1,0,10
100365,1,1,1,1,0,1,0,0,1,1,1,1,10
100366,1,0,0,1,0,0,0,0,0,0,0,0,3
100367,1,1,1,1,1,1,1,1,1,1,1,1,10
100368,1,1,1,1,1,1,1,1,0,1,1,1,10
100369,1,1,0,0,0,0,0,0,0,1,0,1,9
100370,1,1,1,0,0,0,0,0,0,0,0,0,2
100371,1,1,1,1,1,1,0,1,1,1,0,1,9
100372,1,1,1,0,1,1,0,1,0,0,0,0,7
100373,1,0,0,0,0,0,0,0,0,0,0,0,0
100374,1,1,1,1,0,1,1,1,1,1,1,1,10
100375,1,1,1,1,1,1,1,1,1,1,1,0,10
100376,1,1,1,1,1,1,1,1,1,1,1,0,10
100377,1,0,0,0,0,0,1,1,0,0,1,0,10
100378,1,0,0,0,0,0,0,0,0,0,0,0,0
100379,1,0,0,0,0,0,1,1,0,0,0,1,7
100380,1,1,1,1,1,1,0,0,0,0,0,0,5
100381,1,1,1,1,1,0,1,0,0,1,0,0,9
100382,1,1,1,1,1,1,1,1,1,1,1,1,10
100383,1,0,0,0,0,0,0,1,0,1,1,0,10
100384,1,0,0,0,0,0,0,0,0,1,0,0,9
100385,1,0,0,0,0,0,0,0,0,0,0,0,0
100386,1,0,0,0,0,0,0,0,0,0,0,0,0
100387,1,1,0,0,0,0,0,0,0,0,0,0,1
100388,1,1,1,1,1,1,1,1,1,1,0,0,9
100389,1,1,0,1,1,1,0,1,1,0,1,0,10
100390,1,1,1,1,1,1,1,0,0,0,0,0,6
100391,1,0,0,0,0,0,0,0,0,0,0,0,0
100392,1,0,1,0,0,0,0,0,0,0,0,0,2
100393,1,1,1,1,1,1,1,1,0,0,0,0,7
100394,1,1,1,1,1,1,0,1,0,1,0,1,9
100395,1,1,0,1,1,0,1,1,1,0,1,0,10
100396,1,0,0,0,0,0,0,0,0,0,0,0,0
100397,1,1,0,0,1,0,1,0,0,1,1,0,10
100398,1,1,1,1,0,0,0,0,0,0,0,0,3
100399,1,1,1,0,1,1,1,1,0,1,0,0,9
100400,1,1,1,1,1,1,1,1,0,0,0,0,7
100401,1,0,1,0,1,0,0,0,0,0,0,0,4
100402,1,1,0,0,0,0,0,0,0,0,0,0,1
100403,1,0,1,1,0,0,0,0,0,0,0,0,3
100404,1,1,1,0,1,1,1,0,0,0,0,0,6
100405,1,1,1,1,1,1,1,1,1,1,0,0,9
100406,1,0,0,0,0,0,0,1,1,1,0,0,9
100407,1,1,1,0,1,0,0,0,0,0,0,0,4
100408,1,0,0,0,0,0,0,0,0,0,0,0,0
100409,1,0,0,0,0,1,1,0,1,1,1,0,10
100410,1,1,1,1,1,0,0,0,0,1,0,0,9
100411,1,1,1,1,0,0,1,1,1,0,1,0,10
100412,1,1,0,1,0,0,0,0,0,0,0,0,3
100413,1,1,1,0,0,0,0,0,0,0,0,0,2
100414,1,0,0,0,0,1,1,1,1,1,1,0,10
100415,1,1,0,0,1,1,1,1,1,1,1,1,10
100416,1,0,0,0,0,0,0,0,0,0,0,0,0
100417,1,1,0,0,0,0,0,0,0,0,0,0,1
100418,1,0,1,1,1,1,0,1,1,1,1,1,10
100419,1,0,0,0,0,0,0,0,0,0,0,0,0
100420,1,0,1,1,1,1,1,1,1,1,1,0,10
100421,1,0,1,1,0,0,0,0,0,0,0,0,3
100422,1,0,0,0,0,0,0,0,0,0,0,0,0
100423,1,0,0,0,0,0,0,1,0,0,0,0,7
100424,1,1,1,0,0,0,0,0,0,0,0,0,2
100425,1,0,1,0,0,0,1,0,1,0,0,0,8
100426,1,1,1,1,1,1,1,1,1,1,0,0,9
100427,1,1,1,1,1,1,0,0,0,0,0,0,5
100428,1,1,0,1,0,0,0,0,0,0,0,0,3
100429,1,0,1,1,0,0,1,0,0,1,0,0,9
100430,1,1,1,1,0,1,1,1,1,0,1,1,10
100431,1,0,0,1,0,0,0,1,0,0,1,0,10
100432,1,0,1,1,1,1,1,1,1,1,1,0,10
100433,1,1,1,1,1,1,1,1,1,1,0,1,9
100434,1,1,0,0,1,1,0,0,0,0,0,0,5
100435,1,0,1,0,0,1,0,1,1,0,0,0,8
100436,1,0,0,0,0,0,0,0,0,0,0,0,0
100437,1,0,0,0,0,0,0,0,0,0,0,0,0
100438,1,0,1,1,1,1,1,1,1,1,1,1,10
100439,1,0,0,0,0,0,0,0,0,0,0,1,0
100440,1,0,0,0,0,0,0,0,0,0,0,0,0
100441,1,1,0,1,1,0,1,1,0,1,1,0,10
100442,1,0,0,0,0,0,0,0,0,0,0,0,0
100443,1,1,1,1,1,1,1,0,1,0,1,1,10
100444,1,0,1,0,1,1,1,1,1,1,1,1,10
100445,1,0,1,0,0,1,0,0,0,0,0,0,5
100446,1,1,1,1,0,1,0,0,0,0,0,0,5
100447,1,1,0,0,0,0,0,0,0,0,0,0,1
100448,1,0,0,0,0,0,0,0,0,0,0,0,0
100449,1,1,1,1,0,0,0,0,0,0,0,0,3
100450,1,1,0,1,0,0,0,0,0,0,0,0,3
100451,1,1,1,1,0,0,0,0,0,0,0,0,3
100452,1,1,1,0,0,0,0,0,0,0,0,0,2
100453,1,0,0,0,0,0,0,0,0,0,0,0,0
100454,1,0,0,0,0,0,1,1,0,1,1,0,10
100455,1,1,1,0,0,0,0,0,0,0,0,0,2
100456,1,0,0,0,0,0,0,0,0,0,0,0,0
100457,1,1,1,1,1,1,1,1,1,1,1,1,10
100458,1,1,1,1,1,1,1,1,1,1,1,1,10
100459,1,1,0,0,0,0,0,0,0,0,0,0,1
100460,1,0,0,1,1,1,0,0,0,0,0,0,5
100461,1,0,0,0,0,0,0,0,0,0,0,0,0
100462,1,0,0,0,0,0,0,0,0,0,0,0,0
100463,1,0,0,0,0,0,0,0,0,0,0,0,0
100464,1,0,0,1,0,0,1,1,1,0,1,1,10
100465,1,1,1,1,1,1,1,1,1,0,1,0,10
100466,1,1,1,1,0,0,0,0,0,0,0,0,3
100467,1,1,1,1,1,0,1,1,1,1,1,0,10
100468,1,1,0,1,1,1,1,0,0,0,0,0,6
100469,1,1,1,1,1,0,0,0,1,1,0,1,9
100470,1,1,1,1,1,1,1,1,1,1,1,1,10
100471,1,1,1,1,0,0,0,0,0,0,0,0,3
100472,1,0,0,0,0,0,0,0,0,0,0,0,0
100473,1,1,0,0,0,0,0,0,0,0,1,0,10
100474,1,0,0,0,0,1,1,1,0,1,0,0,9
100475,1,0,0,0,0,0,1,0,0,0,0,0,6
100476,1,1,1,1,0,1,0,1,0,0,0,0,7
100477,1,1,1,0,1,1,0,0,1,1,1,1,10
100478,1,1,1,0,0,0,0,0,0,0,0,0,2
100479,1,1,0,1,1,1,1,0,1,1,1,1,10
100480,1,1,1,1,0,0,0,0,0,0,0,0,3
100481,1,1,1,1,0,1,1,0,0,0,0,0,6
100482,1,1,0,0,1,1,0,0,0,0,0,0,5
100483,1,1,0,1,1,1,1,0,1,1,0,1,9
100484,1,1,0,1,1,0,0,0,0,0,0,0,4
100485,1,0,0,0,1,1,0,1,0,0,0,0,7
100486,1,1,0,0,1,1,1,1,0,1,1,1,10
100487,1,0,0,0,0,0,0,0,0,0,0,0,0
100488,1,0,0,0,0,0,0,0,0,0,0,0,0
100489,1,1,0,0,0,0,0,0,0,0,0,0,1
100490,1,1,0,0,1,1,0,0,0,0,0,0,5
100491,1,1,1,1,1,1,1,1,1,1,1,1,10
100492,1,0,0,0,1,1,0,1,0,0,1,0,10
100493,1,0,0,0,0,0,0,0,0,0,0,0,0
100494,1,1,1,1,1,1,0,0,0,0,0,0,5
100495,1,1,1,1,0,0,0,0,0,0,0,0,3
100496,1,1,1,1,1,1,0,1,1,1,1,1,10
100497,1,1,1,1,0,0,0,0,0,0,0,0,3
100498,1,0,0,1,1,0,1,1,0,0,0,0,7
100499,1,1,0,1,1,0,1,0,1,1,1,1,10
100500,1,0,0,1,0,0,1,0,0,0,0,0,6
100501,1,0,0,1,1,0,0,0,1,1,1,0,10
100502,1,1,1,1,0,0,0,0,0,0,0,0,3
100503,1,1,0,0,1,1,1,1,1,1,1,0,10
100504,1,1,1,0,0,0,0,0,0,0,0,0,2
100505,1,1,0,0,0,0,0,0,0,0,0,0,1
100506,1,1,1,1,1,1,0,0,1,1,1,1,10
100507,1,1,1,1,1,1,1,1,1,1,1,0,10
100508,1,1,0,0,0,0,0,0,0,0,0,0,1
100509,1,0,0,0,0,0,0,0,0,0,0,1,0
100510,1,1,1,1,1,1,0,0,0,0,0,0,5
100511,1,1,1,0,0,0,0,0,0,0,0,0,2
100512,1,0,0,0,0,0,0,1,1,1,1,1,10
100513,1,1,0,1,1,0,0,1,1,1,1,1,10
100514,1,1,1,0,1,1,0,1,0,0,0,0,7
100515,1,1,0,1,1,1,1,1,1,1,0,1,9
100516,1,1,0,1,0,0,0,0,0,0,0,0,3
100517,1,1,1,1,1,1,1,1,1,1,1,1,10
100518,1,0,0,1,0,0,0,1,1,0,1,1,10
100519,1,1,0,1,1,1,0,0,1,1,0,0,9
100520,1,0,1,1,0,0,0,1,0,0,0,0,7
100521,1,1,1,1,1,1,1,1,1,0,1,0,10
100522,1,1,1,1,1,1,1,1,1,0,0,1,8
100523,1,0,1,1,0,1,0,1,1,1,1,1,10
100524,1,1,1,1,0,1,1,1,1,1,1,1,10
100525,1,1,1,1,1,1,1,0,1,1,0,1,9
100526,1,0,1,0,0,1,0,0,0,0,0,0,5
100527,1,1,1,1,0,0,0,0,0,0,0,0,3
100528,1,0,0,0,0,0,0,0,1,0,1,1,10
100529,1,1,1,1,1,1,1,1,1,1,1,1,10
100530,1,1,1,0,0,0,0,0,0,0,0,0,2
100531,1,1,0,1,1,1,1,1,1,1,1,1,10
100532,1,1,1,1,1,0,1,1,0,1,0,1,9
100533,1,0,0,0,0,0,0,0,0,0,0,0,0
100534,1,1,1,1,1,1,1,0,0,0,0,0,6
100535,1,1,1,1,1,1,1,0,0,0,0,0,6
100536,1,0,0,1,0,0,0,0,0,0,0,0,3
100537,1,0,1,1,1,0,0,0,0,0,0,0,4
100538,1,1,0,1,1,1,1,1,1,1,0,0,9
100539,1,0,1,1,1,1,0,1,1,0,0,0,8
100540,1,1,0,1,1,0,1,1,1,1,1,1,10
100541,1,1,1,1,1,1,0,0,1,0,0,0,8
100542,1,0,1,1,1,1,0,0,0,0,0,0,5
100543,1,1,1,1,1,1,1,0,0,0,0,0,6
100544,1,1,1,1,0,1,0,0,0,0,0,0,5
100545,1,1,1,0,0,0,0,0,0,0,0,0,2
100546,1,1,1,1,1,1,0,0,0,0,0,0,5
100547,1,0,0,1,0,1,0,0,0,0,0,0,5
100548,1,1,0,0,0,0,0,0,0,0,0,0,1
100549,1,1,0,0,0,0,0,0,0,0,0,0,1
100550,1,1,1,1,0,1,1,1,0,1,1,0,10
100551,1,1,0,1,1,1,1,0,1,1,0,1,9
100552,1,0,1,1,1,0,1,1,0,1,0,0,9
100553,1,0,0,0,0,0,0,0,0,0,0,0,0
100554,1,1,0,0,0,0,0,0,0,0,0,0,1
100555,1,0,0,0,0,0,1,0,0,0,0,0,6
100556,1,0,0,0,0,0,0,0,0,0,0,0,0
100557,1,1,1,0,0,0,0,0,0,1,0,0,9
100558,1,1,0,1,0,0,0,0,0,0,0,0,3
100559,1,0,0,0,0,0,0,0,0,0,0,0,0
100560,1,1,0,1,1,1,1,1,1,0,1,0,10
100561,1,0,0,0,0,0,0,0,0,0,0,0,0
100562,1,1,0,0,0,0,0,0,1,0,0,0,8
100563,1,0,1,0,1,0,0,1,1,0,1,1,10
100564,1,1,1,1,1,1,1,1,0,0,0,0,7
100565,1,0,0,0,0,0,0,0,0,0,0,0,0
100566,1,1,1,1,0,1,0,1,1,1,1,0,10
100567,1,1,0,0,0,1,0,0,0,0,0,0,5
100568,1,0,1,1,1,1,0,0,0,0,0,0,5
100569,1,1,0,0,0,1,1,0,1,1,1,1,10
100570,1,1,0,0,0,0,0,0,0,0,0,0,1
100571,1,1,1,0,0,0,0,1,0,1,0,0,9
100572,1,1,1,1,0,1,0,1,1,1,1,1,10
100573,1,1,0,0,1,1,0,0,1,0,1,0,10
100574,1,1,1,0,1,1,0,0,1,0,0,0,8
100575,1,1,1,1,0,0,0,0,0,0,0,0,3
100576,1,0,0,0,0,0,0,0,0,0,0,0,0
100577,1,0,0,0,0,1,0,1,0,1,1,0,10
100578,1,1,0,0,0,1,0,0,1,0,0,0,8
100579,1,0,0,0,0,0,0,0,0,0,0,0,0
100580,1,1,1,1,0,0,0,0,0,0,0,0,3
100581,1,0,0,1,1,1,1,0,0,0,0,0,6
100582,1,1,0,1,0,1,0,1,1,1,1,1,10
100583,1,1,1,1,1,1,0,1,1,1,1,1,10
100584,1,0,0,0,1,0,0,0,1,1,1,0,10
100585,1,1,0,1,1,1,1,1,1,1,1,1,10
100586,1,0,0,0,0,0,0,0,0,0,0,0,0
100587,1,1,1,1,0,1,1,1,1,0,1,1,10
100588,1,1,1,0,0,0,0,0,0,0,0,0,2
100589,1,1,0,1,1,1,1,0,0,0,1,1,10
100590,1,1,1,1,1,1,1,0,1,0,1,0,10
100591,1,0,1,1,1,1,1,0,0,0,0,0,6
100592,1,1,0,0,0,1,0,1,1,1,0,0,9
100593,1,0,0,0,0,0,0,0,0,0,0,0,0
100594,1,0,0,0,0,0,0,0,0,0,0,0,0
100595,1,0,1,0,0,0,0,0,0,0,0,0,2
100596,1,1,1,1,1,1,1,1,1,1,1,0,10
100597,1,1,0,0,1,0,1,1,0,1,0,1,9
100598,1,0,1,1,1,1,1,1,0,0,0,0,7
100599,1,1,1,1,1,1,1,1,1,1,1,1,10
100600,1,0,0,0,0,0,0,0,0,0,0,0,0
100601,1,1,1,1,1,1,1,1,1,1,1,1,10
100602,1,0,0,0,0,0,0,0,0,0,0,0,0
100603,1,0,0,0,0,1,1,1,0,1,1,0,10
100604,1,0,0,1,1,0,0,0,1,0,0,0,8
100605,1,1,1,1,1,1,1,1,0,1,1,0,10
100606,1,1,1,1,1,1,0,0,0,0,0,0,5
100607,1,0,0,0,0,0,0,0,0,0,0,0,0
100608,1,1,1,1,1,1,1,1,1,1,1,1,10
100609,1,0,1,1,1,1,1,1,1,1,1,0,10
100610,1,0,0,0,0,0,0,0,0,0,0,0,0
100611,1,0,1,0,0,0,0,0,0,0,0,0,2
100612,1,1,1,1,1,1,1,0,0,0,0,0,6
100613,1,1,1,1,1,1,0,1,1,1,1,1,10
100614,1,1,0,1,1,1,1,1,1,1,1,0,10
100615,1,1,1,0,0,1,1,1,1,1,1,0,10
100616,1,0,0,0,0,0,0,0,0,0,0,0,0
100617,1,1,1,0,0,0,1,0,0,1,1,1,10
100618,1,0,0,0,0,0,0,0,0,0,0,0,0
100619,1,1,0,0,0,0,0,0,0,0,0,0,1
100620,1,1,1,1,1,1,1,0,1,1,1,1,10
100621,1,1,0,1,0,1,1,1,1,1,1,1,10
100622,1,0,0,0,0,1,1,0,0,0,0,0,6
100623,1,1,1,1,1,1,1,1,1,1,1,1,10
100624,1,0,0,0,0,0,0,0,0,0,0,0,0
100625,1,0,0,0,0,0,0,0,0,0,0,0,0
100626,1,1,1,1,1,1,1,1,1,1,1,1,10
100627,1,0,1,0,0,0,0,0,0,0,1,0,10
100628,1,0,0,0,1,0,1,1,0,0,0,0,7
100629,1,1,0,0,1,1,1,0,1,1,0,0,9
100630,1,1,0,1,0,1,0,0,0,0,1,0,10
100631,1,0,0,0,1,0,0,0,0,0,0,0,4
100632,1,1,0,0,0,1,0,0,0,0,0,0,5
100633,1,0,1,0,0,0,0,0,1,1,0,0,9
100634,1,1,1,1,1,1,1,0,0,0,0,0,6
100635,1,1,0,0,0,1,0,0,0,0,0,0,5
100636,1,1,1,1,1,1,1,1,1,0,1,1,10
100637,1,0,0,0,0,0,0,0,0,0,0,0,0
100638,1,1,1,0,1,1,0,0,0,0,0,0,5
100639,1,0,1,0,0,0,0,0,0,0,0,0,2
100640,1,1,1,1,0,0,0,0,0,0,0,0,3
100641,1,1,1,1,1,0,0,1,1,0,1,1,10
100642,1,0,0,0,0,0,0,0,0,0,0,0,0
100643,1,0,0,0,0,1,0,0,0,0,0,0,5
100644,1,0,0,0,0,0,0,0,0,0,0,0,0
100645,1,0,0,0,0,0,0,0,0,0,0,0,0
100646,1,0,1,0,0,0,0,0,0,0,0,0,2
100647,1,0,0,1,0,0,0,0,0,0,0,0,3
100648,1,0,0,0,0,0,0,0,0,0,0,0,0
100649,1,1,1,0,1,1,0,1,1,0,0,0,8
100650,1,0,0,0,0,0,0,0,1,1,1,0,10
100651,1,1,1,1,1,0,0,1,1,1,0,0,9
100652,1,1,1,0,0,0,0,0,0,0,0,0,2
100653,1,1,0,1,1,1,1,0,0,0,0,0,6
100654,1,0,1,0,0,0,0,0,0,1,0,1,9
100655,1,0,1,0,1,0,0,0,0,0,0,0,4
100656,1,1,1,1,0,1,1,1,0,0,0,0,7
100657,1,0,0,0,0,0,0,0,0,0,0,0,0
100658,1,0,0,0,0,0,0,0,0,0,0,0,0
100659,1,0,1,0,1,0,1,0,0,0,0,0,6
100660,1,1,1,1,1,1,1,1,1,1,0,0,9
100661,1,1,1,1,1,1,1,1,0,0,0,0,7
100662,1,1,0,0,1,1,0,0,0,0,0,0,5
100663,1,1,0,1,0,1,0,0,0,0,0,0,5
100664,1,0,0,0,0,1,0,1,1,1,0,0,9
100665,1,0,1,0,0,1,1,1,1,1,1,0,10
100666,1,1,1,1,1,1,1,0,0,0,0,0,6
100667,1,1,1,1,1,1,1,1,1,1,1,1,10
100668,1,0,0,0,0,0,0,1,1,1,1,1,10
100669,1,0,0,0,0,0,0,0,0,0,0,0,0
100670,1,1,0,0,0,0,0,0,0,0,0,0,1
100671,1,0,0,1,0,1,1,1,1,1,1,1,10
100672,1,0,1,0,1,1,1,1,1,1,1,1,10
100673,1,0,0,0,0,0,0,0,0,0,0,0,0
100674,1,1,0,0,0,0,0,0,0,0,0,0,1
100675,1,1,1,1,1,1,0,0,0,0,0,0,5
100676,1,1,1,1,1,1,1,1,0,1,1,1,10
100677,1,0,0,0,0,0,0,0,0,0,0,0,0
100678,1,1,1,1,1,1,1,1,1,1,1,1,10
100679,1,1,1,1,1,1,1,1,1,1,1,1,10
100680,1,1,0,1,0,1,1,0,1,1,1,1,10
100681,1,1,1,0,1,1,0,0,0,0,0,0,5
100682,1,0,0,0,1,0,0,1,0,0,0,0,7
100683,1,1,1,1,1,0,1,0,1,1,0,0,9
100684,1,0,0,0,0,1,1,0,0,0,0,0,6
100685,1,0,1,0,0,0,0,0,0,0,0,0,2
100686,1,1,0,0,0,0,0,0,0,0,0,0,1
100687,1,0,0,0,0,0,0,0,0,0,0,0,0
100688,1,1,1,1,1,1,0,0,0,0,0,0,5
100689,1,0,0,0,0,0,0,0,0,0,0,0,0
100690,1,0,0,0,0,0,0,0,0,0,0,0,0
100691,1,0,0,0,0,1,1,0,1,1,1,1,10
100692,1,1,1,1,1,0,0,0,0,0,0,0,4
100693,1,1,1,1,1,1,1,1,1,0,1,0,10
100694,1,1,0,1,0,0,0,0,0,0,0,0,3
100695,1,1,0,0,0,0,0,0,0,0,0,0,1
100696,1,1,1,1,1,0,0,1,1,1,1,0,10
100697,1,0,1,0,1,1,1,1,0,1,1,0,10
100698,1,1,1,0,0,1,1,1,1,1,1,1,10
100699,1,1,1,1,0,0,1,1,0,1,1,1,10
100700,1,0,1,0,0,0,0,0,0,0,0,0,2
100701,1,1,0,1,1,1,1,1,1,1,1,1,10
100702,1,0,0,0,0,0,0,0,0,0,0,0,0
100703,1,1,1,1,1,1,1,0,0,0,1,0,10
100704,1,0,0,0,1,1,1,1,0,0,0,0,7
100705,1,1,1,1,1,1,1,1,1,1,1,1,10
100706,1,1,1,1,1,1,0,0,1,1,0,1,9
100707,1,0,0,0,0,0,0,0,0,0,0,0,0
100708,1,0,1,1,1,1,1,1,1,0,1,1,10
100709,1,1,0,1,1,1,1,1,1,1,1,0,10
100710,1,1,1,0,0,0,1,0,1,1,1,0,10
100711,1,1,1,0,0,0,0,0,0,0,0,0,2
100712,1,0,0,0,0,0,0,0,0,0,0,0,0
100713,1,0,0,0,0,0,0,1,0,0,0,0,7
100714,1,0,1,1,0,0,0,0,0,0,0,0,3
100715,1,1,1,0,0,0,1,1,0,0,0,0,7
100716,1,1,0,0,0,0,0,0,0,0,0,0,1
100717,1,1,1,1,1,1,1,1,1,1,1,1,10
100718,1,1,1,1,1,1,1,1,1,1,1,0,10
100719,1,1,1,0,1,1,1,1,1,1,0,0,9
100720,1,1,1,1,0,1,0,0,0,1,0,0,9
100721,1,1,1,1,0,0,0,0,0,0,0,0,3
100722,1,0,0,0,0,0,0,0,0,0,0,0,0
100723,1,1,1,1,1,1,1,1,0,0,0,0,7
100724,1,0,0,0,0,0,0,0,0,0,0,0,0
100725,1,0,0,0,0,1,0,1,1,0,0,0,8
100726,1,1,1,1,1,0,1,1,0,0,1,1,10
100727,1,0,0,0,0,0,0,0,0,0,0,0,0
100728,1,1,1,1,1,1,1,1,0,0,1,1,10
100729,1,0,1,0,0,0,0,0,0,0,0,0,2
100730,1,1,1,0,1,0,0,0,0,1,1,1,10
100731,1,1,1,1,1,1,1,1,1,1,1,1,10
100732,1,0,0,0,0,0,0,0,0,0,0,0,0
100733,1,1,1,0,0,0,0,0,0,0,0,0,2
100734,1,1,1,1,1,1,1,1,1,1,1,1,10
100735,1,1,0,1,0,1,1,1,1,0,0,0,8
100736,1,1,1,1,1,1,1,1,1,1,1,1,10
100737,1,1,0,1,0,1,1,1,0,1,0,0,9
100738,1,0,0,0,0,1,0,0,0,1,1,1,10
100739,1,1,1,1,1,1,1,0,0,0,0,0,6
100740,1,0,0,0,0,1,1,0,1,1,1,0,10
100741,1,1,1,1,1,1,1,1,1,1,1,0,10
100742,1,0,1,0,1,1,0,1,1,0,1,0,10
100743,1,0,0,0,0,0,0,0,0,0,0,0,0
100744,1,1,1,0,0,0,0,0,0,0,0,0,2
100745,1,1,0,0,0,0,0,1,1,0,0,0,8
100746,1,1,1,1,1,0,0,0,0,0,0,0,4
100747,1,1,1,0,0,1,1,1,0,1,1,0,10
100748,1,0,1,1,1,0,0,1,1,1,0,1,9
100749,1,0,1,1,1,1,1,1,1,1,1,1,10
100750,1,0,1,1,1,1,1,1,0,1,1,1,10
100751,1,1,1,1,0,0,0,1,1,1,1,1,10
100752,1,0,0,0,0,0,0,0,0,0,0,0,0
100753,1,1,0,0,0,0,0,0,0,0,0,0,1
100754,1,0,0,0,0,0,0,0,0,0,0,0,0
100755,1,1,1,1,0,1,1,1,0,1,0,0,9
100756,1,0,1,0,0,0,0,0,0,0,0,0,2
100757,1,0,1,1,0,1,0,1,1,0,0,1,8
100758,1,1,1,1,1,1,1,0,1,1,1,0,10
100759,1,0,0,0,0,0,0,0,0,0,0,0,0
100760,1,0,1,1,1,1,1,0,0,1,1,1,10
100761,1,1,1,1,1,1,1,0,1,1,0,0,9
100762,1,1,1,1,1,1,1,1,1,0,0,0,8
100763,1,0,0,0,0,0,0,0,0,0,0,0,0
100764,1,0,0,0,0,0,0,0,0,0,0,0,0
100765,1,1,0,1,1,0,0,0,0,0,0,0,4
100766,1,1,1,1,1,1,1,1,1,0,1,1,10
100767,1,1,1,0,0,0,0,0,0,0,0,0,2
100768,1,1,0,1,0,1,1,1,1,1,1,1,10
100769,1,0,0,1,1,1,1,1,1,1,1,1,10
100770,1,0,0,0,0,0,0,0,0,0,0,0,0
100771,1,0,0,0,0,0,0,1,0,0,0,0,7
100772,1,1,1,1,1,0,0,0,0,1,1,0,10
100773,1,0,0,0,0,0,0,0,0,0,0,0,0
100774,1,0,0,0,0,0,0,0,0,0,0,0,0
100775,1,0,0,0,0,0,1,0,0,0,0,0,6
100776,1,0,0,0,0,0,0,0,0,0,0,0,0
100777,1,0,0,0,1,1,1,1,1,1,1,1,10
100778,1,0,0,0,0,0,0,0,0,0,0,0,0
100779,1,0,0,0,0,0,0,0,0,0,0,0,0
100780,1,1,0,0,1,0,0,0,0,0,0,0,4
100781,1,1,1,1,0,0,0,0,0,0,0,0,3
100782,1,0,0,0,0,0,0,0,0,0,0,0,0
100783,1,0,0,0,1,1,0,0,1,0,0,0,8
100784,1,0,0,0,0,0,0,0,0,0,0,0,0
100785,1,0,0,0,1,1,1,1,0,0,0,0,7
100786,1,1,0,0,0,0,0,0,0,0,0,0,1
100787,1,0,0,0,0,0,0,0,0,0,0,0,0
100788,1,1,1,0,1,1,0,1,0,0,1,1,10
100789,1,1,1,1,1,1,1,1,1,1,1,1,10
100790,1,0,0,0,0,1,1,0,0,1,1,1,10
100791,1,1,0,0,0,0,0,0,0,0,0,0,1
100792,1,1,0,0,0,0,0,0,0,0,0,0,1
100793,1,0,1,1,1,0,1,0,0,0,0,0,6
100794,1,1,1,1,1,1,1,0,0,0,0,0,6
100795,1,1,1,1,1,0,1,0,0,1,1,1,10
100796,1,0,1,1,0,0,0,1,0,0,0,1,7
100797,1,0,0,0,0,0,0,0,0,0,0,0,0
100798,1,0,0,1,0,1,0,1,0,0,0,0,7
100799,1,1,1,1,1,1,0,1,1,1,0,0,9
100800,1,1,0,0,0,1,1,1,1,1,1,0,10
100801,1,1,1,1,1,1,1,1,1,1,1,0,10
100802,1,0,0,0,0,0,0,0,0,0,0,0,0
100803,1,1,0,0,0,0,0,0,0,0,0,0,1
100804,1,0,0,0,0,0,0,0,0,0,0,0,0
100805,1,1,1,0,1,0,1,1,0,0,0,1,7
100806,1,0,0,0,0,1,1,1,1,1,1,1,10
100807,1,0,0,0,0,1,1,0,1,0,1,1,10
100808,1,0,0,1,0,0,1,0,0,0,1,0,10
100809,1,0,1,1,1,0,1,1,1,0,0,0,8
100810,1,1,1,1,1,1,1,1,0,0,0,0,7
100811,1,1,0,0,0,1,0,0,0,0,0,0,5
100812,1,0,1,1,0,0,0,0,0,0,0,0,3
100813,1,1,1,1,1,1,1,1,1,0,1,1,10
100814,1,0,1,0,0,0,1,0,0,0,0,0,6
100815,1,0,0,0,1,1,1,1,1,1,1,0,10
100816,1,0,0,0,0,0,0,0,0,0,0,0,0
100817,1,1,1,1,1,1,1,1,1,1,1,1,10
100818,1,1,1,0,1,0,0,0,1,0,1,0,10
100819,1,0,1,1,0,0,0,1,0,0,1,1,10
100820,1,1,1,1,1,1,1,1,1,1,1,1,10
100821,1,0,0,0,0,0,0,0,0,0,0,0,0
100822,1,1,1,1,0,1,1,1,1,1,1,1,10
100823,1,1,1,1,1,1,1,1,1,0,1,0,10
100824,1,1,0,0,0,0,1,1,1,1,1,0,10
100825,1,1,1,0,0,0,1,1,1,1,1,1,10
100826,1,1,1,0,0,0,0,0,0,0,0,0,2
100827,1,0,1,0,0,0,0,0,0,0,0,0,2
100828,1,0,0,0,0,0,0,0,0,0,0,0,0
100829,1,1,0,0,0,0,0,0,0,0,0,0,1
100830,1,0,0,0,0,0,0,0,0,0,0,0,0
100831,1,1,1,1,1,1,1,0,1,1,1,0,10
100832,1,1,1,0,1,1,0,0,0,0,0,0,5
100833,1,1,0,1,0,1,0,0,0,0,0,0,5
100834,1,0,0,0,0,0,0,0,0,0,0,0,0
100835,1,0,1,0,0,1,0,0,0,0,0,1,5
100836,1,0,0,0,0,0,0,0,0,0,0,0,0
100837,1,1,1,1,1,0,0,1,0,1,1,1,10
100838,1,0,1,0,1,1,0,0,0,0,0,1,5
100839,1,0,0,0,0,0,0,1,1,1,1,1,10
100840,1,1,0,0,0,0,0,0,0,0,0,0,1
100841,1,1,0,0,0,1,0,0,0,0,0,0,5
100842,1,0,0,0,0,0,0,0,0,0,0,0,0
100843,1,1,1,1,1,1,1,0,1,1,0,1,9
100844,1,0,0,0,0,0,0,0,0,0,0,0,0
100845,1,1,1,1,1,1,1,1,1,0,0,0,8
100846,1,1,0,0,0,0,0,0,0,0,0,0,1
100847,1,0,1,1,1,1,1,1,0,0,0,0,7
100848,1,0,0,0,0,0,0,0,0,0,0,0,0
100849,1,1,0,0,1,1,0,1,1,0,0,0,8
100850,1,0,1,0,0,0,0,0,0,0,0,0,2
100851,1,1,0,1,1,1,1,1,1,1,1,1,10
100852,1,0,0,1,1,1,1,0,0,0,0,0,6
100853,1,1,1,1,1,1,1,1,1,1,1,1,10
100854,1,1,1,1,1,1,0,1,1,1,0,0,9
100855,1,0,0,0,0,0,0,0,0,0,0,0,0
100856,1,0,1,1,1,0,0,0,0,0,0,0,4
100857,1,1,1,1,0,1,1,0,0,0,0,0,6
100858,1,1,0,0,0,0,0,0,0,0,0,0,1
100859,1,1,1,1,1,0,0,1,1,0,1,0,10
100860,1,1,0,0,0,0,0,0,0,0,0,0,1
100861,1,0,0,0,0,1,1,0,0,0,1,0,10
100862,1,1,1,1,1,1,0,1,1,1,1,0,10
100863,1,0,0,0,0,0,0,0,0,1,1,0,10
100864,1,1,0,0,1,0,0,0,0,0,0,0,4
100865,1,1,1,0,1,1,0,0,0,0,0,0,5
100866,1,0,0,0,0,0,0,0,0,0,0,0,0
100867,1,1,0,0,0,1,0,0,0,0,0,0,5
100868,1,1,1,1,1,0,1,1,1,1,1,1,10
100869,1,0,0,0,0,0,0,0,0,0,0,0,0
100870,1,0,0,0,0,0,0,0,0,0,0,0,0
100871,1,1,0,1,0,0,0,0,0,0,0,0,3
100872,1,1,0,0,1,1,1,1,1,1,1,1,10
100873,1,1,1,1,0,1,1,1,0,1,1,1,10
100874,1,1,1,1,1,1,1,1,1,1,1,1,10
100875,1,0,0,1,1,0,0,0,0,0,0,0,4
100876,1,1,0,1,1,0,1,0,0,0,1,1,10
100877,1,0,1,1,1,1,1,1,1,1,1,1,10
100878,1,1,0,1,1,1,1,1,0,1,0,0,9
100879,1,1,1,1,1,1,1,1,1,0,0,1,8
100880,1,1,1,1,0,1,1,1,1,1,1,0,10
100881,1,1,1,1,1,0,0,1,1,1,0,1,9
100882,1,1,1,1,1,1,1,1,1,1,1,1,10
100883,1,1,0,0,0,0,0,0,0,0,0,0,1
100884,1,1,1,0,0,0,0,0,0,0,0,0,2
100885,1,1,1,0,0,0,0,0,0,0,0,0,2
100886,1,0,1,1,0,0,0,0,1,0,0,0,8
100887,1,1,1,1,1,1,1,1,1,1,1,1,10
100888,1,1,1,1,1,0,0,0,0,0,0,0,4
100889,1,1,1,1,0,1,0,1,1,1,0,1,9
100890,1,0,1,0,0,0,0,0,0,0,0,0,2
100891,1,1,0,1,0,0,0,0,1,0,1,0,10
100892,1,1,0,0,0,1,1,0,1,1,0,1,9
100893,1,0,0,0,0,1,0,0,0,0,0,0,5
100894,1,0,0,0,1,1,1,1,1,1,1,1,10
100895,1,1,0,1,0,0,0,0,0,0,0,0,3
100896,1,1,1,0,0,0,0,0,0,0,0,0,2
100897,1,1,1,1,1,1,1,1,1,1,1,0,10
100898,1,0,0,0,0,0,0,0,0,0,0,0,0
100899,1,0,0,0,1,0,0,0,0,0,0,0,4
100900,1,0,0,0,1,0,0,0,0,0,0,0,4
100901,1,1,1,1,1,1,1,1,0,0,1,1,10
100902,1,1,0,0,0,0,0,0,1,0,0,0,8
100903,1,1,1,1,1,1,1,1,1,1,1,0,10
100904,1,0,0,0,0,0,0,0,0,0,0,0,0
100905,1,1,0,0,0,1,0,0,1,0,1,0,10
100906,1,1,1,0,0,1,1,0,0,0,0,0,6
100907,1,1,0,1,0,1,1,1,1,1,1,0,10
100908,1,0,0,1,0,0,0,0,0,0,0,0,3
100909,1,0,0,0,0,0,0,0,0,0,0,0,0
100910,1,1,1,0,0,1,0,1,1,1,1,1,10
100911,1,1,1,0,0,0,0,0,0,0,0,0,2
100912,1,1,1,1,0,1,1,0,0,1,1,1,10
100913,1,0,0,0,0,0,0,0,0,0,0,0,0
100914,1,0,0,0,0,1,0,1,1,0,1,1,10
100915,1,1,0,0,0,0,0,0,0,0,0,0,1
100916,1,1,0,0,0,0,0,0,0,0,0,0,1
100917,1,1,1,0,1,1,1,1,1,1,1,0,10
100918,1,0,0,0,0,0,0,0,0,0,0,0,0
100919,1,0,1,0,0,0,0,1,0,1,1,0,10
100920,1,0,0,0,0,0,0,0,0,0,0,0,0
100921,1,0,0,0,1,1,1,0,0,0,1,0,10
100922,1,1,0,0,1,1,1,1,1,1,1,1,10
100923,1,1,1,0,0,0,1,1,1,1,0,0,9
100924,1,1,1,0,0,0,0,0,0,0,0,0,2
100925,1,0,1,1,0,0,0,0,0,0,0,0,3
100926,1,1,1,0,1,1,0,0,1,1,0,1,9
100927,1,0,0,0,0,0,0,0,1,1,0,0,9
100928,1,0,0,1,1,1,0,1,1,1,0,0,9
100929,1,0,1,0,0,0,0,0,0,0,0,0,2
100930,1,0,0,0,0,0,0,0,0,0,0,0,0
100931,1,1,1,1,0,1,1,0,0,0,0,0,6
100932,1,1,0,0,0,0,0,0,0,0,0,0,1
100933,1,0,0,0,0,0,0,0,0,0,0,0,0
100934,1,0,0,0,0,0,0,0,0,0,0,0,0
100935,1,1,1,1,0,1,0,1,1,1,1,1,10
100936,1,1,1,0,1,0,1,1,1,1,0,0,9
100937,1,0,0,0,0,0,0,1,0,0,0,0,7
100938,1,1,1,1,1,1,1,1,1,1,1,0,10
100939,1,0,0,0,0,1,0,1,0,0,0,0,7
100940,1,0,1,1,1,1,1,1,1,1,1,0,10
100941,1,1,0,0,0,1,0,0,0,0,0,0,5
100942,1,1,1,1,1,1,1,1,1,1,1,1,10
100943,1,1,1,0,1,1,1,0,1,0,0,0,8
100944,1,1,1,1,0,1,1,1,1,1,1,1,10
100945,1,0,0,0,0,1,1,0,0,0,0,0,6
100946,1,1,1,1,1,1,1,1,1,1,0,0,9
100947,1,1,1,1,0,1,1,1,1,1,0,0,9
100948,1,1,1,1,1,0,0,0,0,0,0,0,4
100949,1,1,0,0,0,0,0,0,0,0,0,0,1
100950,1,0,0,0,0,0,0,0,0,0,0,0,0
100951,1,0,0,0,0,0,0,0,0,0,0,0,0
100952,1,1,0,0,0,0,0,0,0,0,0,0,1
100953,1,0,0,0,0,0,0,0,0,0,0,0,0
100954,1,1,1,0,0,0,0,1,0,0,0,0,7
100955,1,1,0,0,0,0,0,0,1,0,0,1,8
100956,1,1,1,1,1,1,1,1,1,1,0,0,9
100957,1,0,0,1,1,0,1,0,0,0,0,0,6
100958,1,1,1,0,0,0,1,1,0,1,1,0,10
100959,1,1,1,1,1,1,1,1,1,1,1,1,10
100960,1,1,1,1,1,1,1,1,1,1,1,1,10
100961,1,1,1,1,1,0,0,0,0,0,0,0,4
100962,1,1,1,0,0,0,0,0,0,0,0,0,2
100963,1,1,1,0,0,0,0,0,0,0,0,0,2
100964,1,1,1,1,0,1,0,0,0,0,0,0,5
100965,1,1,1,0,1,1,1,0,1,1,1,1,10
100966,1,0,0,1,0,1,1,0,1,0,1,0,10
100967,1,1,1,1,1,1,1,1,1,1,0,0,9
100968,1,1,1,1,0,0,0,0,1,0,1,1,10
100969,1,0,0,0,0,0,0,0,0,0,0,0,0
100970,1,0,0,1,1,0,0,1,1,1,1,1,10
100971,1,1,1,0,0,0,1,1,0,0,0,0,7
100972,1,0,0,0,0,0,0,0,0,0,0,0,0
100973,1,1,1,0,0,0,0,0,0,0,0,0,2
100974,1,1,1,1,0,1,0,0,1,1,0,0,9
100975,1,1,1,1,1,1,1,1,1,1,0,1,9
100976,1,0,0,0,0,0,0,0,0,0,0,0,0
100977,1,0,0,0,0,0,0,0,0,0,0,0,0
100978,1,0,0,0,0,0,0,0,0,0,0,0,0
100979,1,1,0,0,0,0,0,0,0,0,0,0,1
100980,1,0,1,0,0,0,0,1,0,0,1,0,10
100981,1,1,1,1,1,1,1,1,1,1,1,0,10
100982,1,0,0,0,0,1,0,1,1,1,0,1,9
100983,1,1,0,1,1,1,0,1,1,1,1,0,10
100984,1,1,1,1,1,1,1,1,0,1,0,0,9
100985,1,0,0,0,0,1,0,0,0,0,0,0,5
100986,1,0,0,1,0,0,0,0,0,0,0,0,3
100987,1,0,0,0,0,0,0,0,0,0,0,0,0
100988,1,1,1,0,0,0,0,0,0,0,0,0,2
100989,1,0,0,1,1,0,0,0,1,0,0,0,8
100990,1,0,0,0,0,0,1,1,1,0,0,0,8
100991,1,1,1,1,1,1,1,1,1,1,1,1,10
100992,1,1,0,0,1,1,1,1,1,1,1,0,10
100993,1,0,0,0,0,0,0,0,0,0,0,0,0
100994,1,0,0,0,1,1,0,1,1,0,1,0,10
100995,1,0,1,1,1,1,0,1,0,1,1,1,10
100996,1,1,1,0,0,0,1,0,0,1,0,0,9
100997,1,1,1,1,1,1,0,0,0,1,0,1,9
100998,1,0,0,0,0,0,1,0,0,0,0,0,6
100999,1,1,1,0,0,0,0,0,0,0,0,0,2
101000,1,0,0,0,0,0,1,1,1,0,0,0,8
101001,1,0,0,0,0,0,0,0,0,0,1,0,10
101002,1,0,1,1,0,0,0,0,0,0,0,0,3
101003,1,1,1,1,1,1,1,0,1,1,1,1,10
101004,1,1,1,0,0,0,1,0,1,0,0,0,8
101005,1,0,0,1,1,0,1,0,0,0,0,0,6
101006,1,1,1,0,0,0,0,0,0,0,0,0,2
101007,1,0,0,0,0,0,0,0,0,0,0,0,0
101008,1,1,1,1,1,0,0,1,1,1,0,1,9
101009,1,0,0,0,0,0,0,0,0,0,0,0,0
101010,1,0,0,0,0,0,0,0,0,0,0,0,0
101011,1,0,0,0,0,0,0,0,0,0,0,0,0
101012,1,1,1,0,0,0,1,1,1,1,1,1,10
101013,1,0,0,0,0,0,0,0,0,0,0,0,0
101014,1,1,1,1,1,1,1,1,1,1,1,1,10
101015,1,0,0,1,0,1,1,0,1,0,0,0,8
101016,1,0,0,0,0,0,0,0,0,0,0,0,0
101017,1,0,0,0,0,0,0,0,0,0,0,0,0
101018,1,1,1,0,1,1,0,0,0,0,0,0,5
101019,1,1,0,1,0,1,1,0,0,0,0,0,6
101020,1,0,1,1,1,1,1,1,1,1,1,0,10
101021,1,1,1,1,1,0,0,0,0,0,0,0,4
101022,1,0,0,0,0,0,0,0,0,0,0,0,0
101023,1,1,0,0,0,0,0,0,0,0,0,0,1
101024,1,1,1,0,0,0,0,0,0,0,0,0,2
101025,1,1,1,1,1,1,1,1,1,0,1,0,10
101026,1,1,1,1,1,1,1,1,1,1,1,1,10
101027,1,1,0,0,0,0,0,0,0,0,0,0,1
101028,1,0,0,0,0,0,0,0,0,0,0,0,0
101029,1,1,0,0,0,0,0,0,0,0,0,0,1
101030,1,1,1,0,0,0,0,0,0,0,0,0,2
101031,1,0,0,0,0,0,0,0,0,0,0,0,0
101032,1,0,1,1,1,0,1,0,0,0,0,0,6
101033,1,1,1,1,1,1,1,1,1,1,1,1,10
101034,1,0,0,0,0,1,1,1,0,0,0,0,7
101035,1,1,1,1,1,1,1,1,0,1,0,0,9
101036,1,0,1,0,0,1,0,1,0,0,1,1,10
101037,1,0,0,0,0,0,0,0,0,0,0,0,0
101038,1,0,0,0,0,0,0,0,0,0,0,0,0
101039,1,1,0,1,0,0,0,0,1,1,0,0,9
101040,1,0,1,1,1,1,1,1,0,0,0,0,7
101041,1,1,0,0,0,0,0,0,0,0,0,0,1
101042,1,0,0,0,0,0,0,0,0,0,0,0,0
101043,1,0,0,1,1,1,0,0,1,0,0,0,8
101044,1,0,0,0,0,0,0,0,0,0,0,0,0
101045,1,1,1,1,1,1,1,1,1,0,0,0,8
101046,1,1,0,1,1,1,0,0,0,0,0,0,5
101047,1,0,0,0,0,0,0,1,1,0,1,0,10
101048,1,0,0,0,0,0,0,0,0,0,0,0,0
101049,1,1,0,0,0,0,0,0,0,0,0,0,1
101050,1,1,1,0,1,0,1,0,0,1,0,0,9
101051,1,1,1,1,1,1,1,1,1,0,0,0,8
101052,1,1,0,1,1,1,0,0,0,0,0,0,5
101053,1,0,0,0,0,0,0,0,0,0,0,0,0
101054,1,1,1,1,1,1,1,1,1,1,1,0,10
101055,1,1,1,1,1,1,0,0,0,0,0,0,5
101056,1,1,1,1,1,1,0,1,1,1,1,1,10
101057,1,1,0,0,0,0,0,0,0,0,0,0,1
101058,1,1,0,0,0,1,0,0,0,0,0,0,5
101059,1,1,1,1,1,1,1,1,1,1,1,1,10
101060,1,1,1,0,0,1,0,0,0,0,0,0,5
101061,1,1,1,1,1,1,0,1,1,1,1,1,10
101062,1,0,0,0,0,0,0,0,0,0,0,0,0
101063,1,0,0,0,1,1,0,0,0,1,0,1,9
101064,1,0,0,1,1,1,1,1,1,1,1,1,10
101065,1,1,1,1,0,0,0,0,0,0,0,0,3
101066,1,0,0,0,0,0,0,0,0,0,0,0,0
101067,1,1,1,0,0,0,0,0,0,0,1,0,10
101068,1,1,0,1,0,0,0,0,0,1,0,0,9
101069,1,0,0,0,0,0,1,0,0,0,0,0,6
101070,1,1,1,0,0,0,0,0,0,0,0,0,2
101071,1,1,0,0,0,0,0,0,0,0,0,0,1
101072,1,0,0,0,0,0,0,0,0,0,0,0,0
101073,1,0,0,0,0,0,1,1,0,1,1,0,10
101074,1,1,1,0,0,0,0,0,0,0,0,0,2
101075,1,1,0,1,1,0,0,0,0,0,0,0,4
101076,1,1,0,0,0,1,1,1,1,1,0,0,9
101077,1,1,0,0,0,0,0,1,1,1,1,1,10
101078,1,1,0,0,1,1,0,0,0,0,0,0,5
101079,1,1,1,1,0,1,1,0,1,1,0,0,9
101080,1,0,0,0,0,0,0,0,0,0,0,0,0
101081,1,1,1,1,1,1,1,1,1,1,1,0,10
101082,1,1,0,1,0,0,0,0,0,0,0,0,3
101083,1,1,1,0,1,1,0,1,1,1,1,0,10
101084,1,0,0,0,0,0,0,0,0,0,0,0,0
101085,1,1,0,0,0,0,0,0,0,0,0,0,1
101086,1,0,0,0,0,0,0,0,0,0,0,0,0
101087,1,1,1,1,1,1,1,1,1,1,1,1,10
101088,1,0,0,1,0,0,0,0,1,0,0,0,8
101089,1,1,0,1,1,1,0,1,1,1,1,1,10
101090,1,1,1,1,1,1,0,0,0,0,1,0,10
101091,1,0,0,0,0,0,1,0,0,0,0,0,6
101092,1,0,1,0,0,0,0,0,0,0,0,0,2
101093,1,1,1,0,0,0,0,0,0,0,0,0,2
101094,1,0,0,1,0,0,0,0,1,1,1,0,10
101095,1,0,0,1,0,1,0,0,0,0,0,0,5
101096,1,1,1,1,1,1,1,1,1,1,1,1,10
101097,1,0,0,0,0,1,1,1,1,1,0,1,9
101098,1,1,1,1,1,1,1,1,1,1,1,1,10
101099,1,0,1,0,0,0,1,0,0,0,0,0,6
101100,1,1,1,0,1,1,1,0,1,1,1,0,10
101101,1,1,0,0,0,0,0,0,0,0,0,0,1
101102,1,0,1,1,1,1,1,1,1,1,1,1,10
101103,1,1,1,1,0,0,0,0,0,0,0,0,3
101104,1,0,0,1,0,0,0,1,1,1,1,1,10
101105,1,1,0,1,0,0,0,0,0,0,0,0,3
101106,1,0,0,0,0,1,0,1,1,1,0,0,9
101107,1,0,1,0,1,0,1,0,0,1,1,0,10
101108,1,1,1,1,1,1,1,1,0,0,0,0,7
101109,1,1,1,1,0,0,0,0,0,0,0,0,3
101110,1,1,1,1,1,1,1,1,0,0,0,0,7
101111,1,0,0,1,0,0,1,0,0,0,0,0,6
101112,1,1,1,0,1,0,1,0,0,0,0,0,6
101113,1,1,1,1,1,1,1,1,1,1,1,0,10
101114,1,1,0,0,0,0,0,0,0,0,0,0,1
101115,1,0,0,0,0,0,0,0,0,0,0,0,0
101116,1,0,0,0,0,0,0,0,0,0,0,0,0
101117,1,0,0,0,0,0,0,0,0,0,0,0,0
101118,1,0,0,0,0,0,0,0,0,0,0,0,0
101119,1,1,0,0,0,0,0,1,1,1,1,1,10
101120,1,1,1,1,1,1,1,1,1,1,0,1,9
101121,1,0,0,0,1,0,0,0,0,0,0,0,4
101122,1,0,0,0,0,0,0,0,0,0,0,0,0
101123,1,0,0,0,0,0,1,0,0,1,0,1,9
101124,1,0,0,0,0,0,0,0,0,0,0,0,0
101125,1,1,1,0,1,1,1,1,1,0,0,0,8
101126,1,1,1,1,0,0,1,1,1,1,1,1,10
101127,1,1,1,0,1,1,1,1,1,1,0,0,9
101128,1,0,0,0,0,0,0,0,0,0,0,0,0
101129,1,0,0,0,0,0,0,0,0,0,0,0,0
101130,1,0,0,1,1,1,1,1,1,0,0,0,8
101131,1,0,0,0,0,0,0,0,0,0,0,0,0
101132,1,1,1,0,1,1,1,1,1,0,1,0,10
101133,1,0,0,0,0,0,0,0,0,0,0,0,0
101134,1,0,1,1,0,0,0,0,1,1,0,1,9
101135,1,0,0,0,0,1,0,0,1,1,1,0,10
101136,1,0,1,1,1,1,1,0,1,1,0,1,9
101137,1,1,0,1,1,1,0,1,1,0,1,1,10
101138,1,1,1,1,1,1,0,0,0,0,0,0,5
101139,1,0,0,0,0,0,0,0,0,0,0,0,0
101140,1,0,0,0,0,0,0,0,0,0,0,0,0
101141,1,1,0,0,0,1,0,0,0,0,0,0,5
101142,1,1,1,0,0,1,1,0,0,1,0,0,9
101143,1,1,0,1,1,0,0,0,1,0,0,0,8
101144,1,1,1,1,1,0,0,0,0,1,0,0,9
101145,1,1,1,1,1,1,0,1,1,1,1,1,10
101146,1,1,0,0,0,0,1,1,1,1,0,1,9
101147,1,1,0,0,0,0,1,1,0,0,0,0,7
101148,1,0,1,0,0,0,1,1,1,1,0,0,9
101149,1,1,1,1,0,1,0,0,1,1,1,0,10
101150,1,0,1,0,1,0,0,0,0,0,0,0,4
101151,1,0,1,1,0,1,0,1,1,1,1,1,10
101152,1,1,1,1,0,0,0,0,0,0,0,0,3
101153,1,1,1,1,1,0,1,1,1,0,0,1,8
101154,1,1,1,1,0,1,1,1,1,0,1,1,10
101155,1,1,1,0,0,0,1,0,1,0,0,0,8
101156,1,1,1,1,1,1,1,1,1,1,1,1,10
101157,1,0,0,0,0,0,0,0,0,0,0,0,0
101158,1,1,1,1,0,1,1,0,0,0,0,0,6
101159,1,0,0,0,0,0,0,0,0,0,0,0,0
101160,1,1,1,0,0,0,0,0,0,0,0,0,2
101161,1,1,1,1,1,1,0,1,0,1,1,1,10
101162,1,1,1,1,1,0,0,0,0,0,0,0,4
101163,1,1,1,1,1,1,1,1,1,1,0,0,9
101164,1,0,1,1,0,0,1,1,1,1,0,0,9
101165,1,1,1,0,0,1,0,0,0,0,0,0,5
101166,1,1,0,0,0,0,0,0,0,0,0,0,1
101167,1,1,0,1,1,1,0,1,0,1,1,0,10
101168,1,1,1,0,0,0,0,1,0,1,1,0,10
101169,1,1,1,1,1,1,1,1,1,1,1,1,10
101170,1,0,0,1,1,0,0,0,0,0,0,0,4
101171,1,1,1,1,1,1,1,0,0,0,0,0,6
101172,1,1,1,1,1,1,1,1,1,0,1,0,10
101173,1,1,0,1,1,0,1,0,0,0,0,0,6
101174,1,1,1,0,0,1,1,1,0,0,0,1,7
101175,1,0,1,1,0,0,0,1,0,0,0,0,7
101176,1,0,0,1,0,0,0,0,0,0,0,0,3
101177,1,0,0,0,0,0,0,0,0,0,1,1,10
101178,1,1,0,1,0,0,1,1,0,0,1,0,10
101179,1,0,0,1,0,0,0,0,1,1,0,0,9
101180,1,1,1,1,1,1,1,1,1,1,1,0,10
101181,1,1,0,0,0,0,0,0,0,0,0,0,1
101182,1,0,0,0,0,0,0,0,1,1,0,0,9
101183,1,1,1,1,1,1,1,1,0,0,0,0,7
101184,1,0,0,0,0,0,0,0,0,0,0,0,0
101185,1,1,1,1,1,1,1,1,1,0,0,0,8
101186,1,1,1,1,1,1,1,0,0,0,0,0,6
101187,1,0,1,1,0,1,0,1,1,1,1,0,10
101188,1,1,1,1,0,1,0,0,0,0,0,0,5
101189,1,0,0,0,0,0,0,0,0,0,0,0,0
101190,1,0,1,0,1,0,0,1,0,0,0,0,7
101191,1,1,1,1,1,1,1,1,1,1,1,1,10
101192,1,1,1,0,1,1,0,0,1,1,0,1,9
101193,1,0,1,0,1,1,1,1,1,1,1,1,10
101194,1,1,0,0,0,0,0,0,0,0,0,0,1
101195,1,1,1,1,1,1,0,1,0,1,0,0,9
101196,1,1,1,1,1,1,1,1,1,0,0,1,8
101197,1,1,1,1,1,1,0,1,1,1,1,0,10
101198,1,1,1,0,0,0,0,0,0,0,0,0,2
101199,1,0,0,0,0,0,0,0,0,1,0,0,9
101200,1,1,0,1,1,1,1,1,1,1,1,1,10
101201,1,0,1,0,1,0,0,0,0,0,0,0,4
101202,1,1,1,1,1,1,1,0,0,1,0,1,9
101203,1,1,1,0,0,1,0,0,0,0,0,0,5
101204,1,1,1,0,0,0,0,0,0,0,0,0,2
101205,1,1,0,0,0,0,0,0,0,0,0,0,1
101206,1,0,0,1,0,1,0,0,0,0,0,0,5
101207,1,1,0,0,0,1,1,0,1,1,1,0,10
101208,1,1,1,0,0,0,0,0,1,1,1,1,10
101209,1,0,1,0,0,0,1,1,1,1,0,1,9
101210,1,1,1,1,1,1,0,1,1,1,1,1,10
101211,1,0,0,0,0,0,0,0,0,0,0,0,0
101212,1,0,0,0,0,0,0,0,0,0,0,0,0
101213,1,1,1,1,0,1,1,1,1,1,0,1,9
101214,1,0,0,1,1,0,1,1,0,0,0,1,7
101215,1,0,0,1,1,1,1,1,0,1,0,1,9
101216,1,0,0,0,1,1,1,0,0,0,0,0,6
101217,1,0,1,0,0,0,0,0,0,0,1,0,10
101218,1,1,1,1,1,1,0,0,0,0,0,0,5
101219,1,1,1,1,1,1,1,0,1,0,0,1,8
101220,1,0,0,0,0,1,0,0,0,0,0,0,5
101221,1,1,1,1,0,0,0,0,0,0,0,0,3
101222,1,0,0,0,0,0,0,0,0,0,0,0,0
101223,1,0,1,0,0,0,0,0,0,0,0,0,2
101224,1,0,0,0,0,0,0,1,0,0,0,0,7
101225,1,0,0,0,0,0,0,0,0,0,0,0,0
101226,1,0,0,0,0,0,0,0,0,0,0,0,0
101227,1,1,1,1,1,1,1,0,1,0,0,0,8
101228,1,0,1,1,1,0,1,1,1,1,1,1,10
101229,1,0,0,0,0,0,0,0,0,0,0,0,0
101230,1,1,0,1,0,1,0,0,1,0,1,0,10
101231,1,1,1,1,1,1,1,1,1,1,1,1,10
101232,1,1,1,1,1,1,1,1,1,1,1,1,10
101233,1,0,0,0,0,0,0,0,0,0,0,0,0
101234,1,1,0,1,0,1,0,1,1,1,1,0,10
101235,1,1,1,1,1,1,0,0,0,0,0,0,5
101236,1,1,1,0,0,0,0,0,0,0,0,0,2
101237,1,1,1,0,1,1,1,1,1,1,1,1,10
101238,1,1,1,1,1,1,1,0,0,0,0,0,6
101239,1,1,1,1,1,1,1,1,1,1,1,0,10
101240,1,1,1,1,0,1,0,0,0,0,0,0,5
101241,1,0,0,0,1,0,0,1,0,0,1,0,10
101242,1,1,0,1,1,0,0,0,0,0,0,0,4
101243,1,1,1,1,1,1,1,1,1,1,1,0,10
101244,1,0,1,1,0,0,0,0,1,1,0,1,9
101245,1,1,1,0,1,1,1,0,1,1,1,0,10
101246,1,1,1,1,1,1,1,1,1,1,1,1,10
101247,1,1,1,1,0,1,0,1,1,0,0,0,8
101248,1,0,0,1,0,0,0,0,0,0,0,0,3
101249,1,1,0,0,0,0,0,0,0,0,0,0,1
101250,1,0,0,0,0,0,0,0,0,0,0,0,0
101251,1,0,0,1,1,1,1,0,0,0,0,0,6
101252,1,0,1,0,0,1,1,1,1,1,1,0,10
101253,1,1,0,1,0,1,1,0,1,0,0,1,8
101254,1,1,1,0,0,0,0,0,0,0,0,0,2
101255,1,1,1,1,0,1,1,1,1,0,1,0,10
101256,1,0,0,0,0,0,0,0,0,0,0,0,0
101257,1,0,0,0,0,1,0,1,0,1,1,1,10
101258,1,1,0,1,1,0,0,0,0,0,0,0,4
101259,1,0,0,0,0,0,0,0,0,0,0,0,0
101260,1,1,1,0,0,1,1,1,1,1,1,1,10
101261,1,0,0,0,0,0,0,1,0,0,0,0,7
101262,1,1,0,1,0,0,0,1,0,0,0,0,7
101263,1,1,1,1,1,0,0,0,0,0,0,0,4
101264,1,0,1,0,1,1,0,0,1,1,1,0,10
101265,1,0,1,1,1,1,0,1,1,1,0,0,9
101266,1,0,0,1,0,1,0,1,0,0,0,0,7
101267,1,1,1,0,0,0,0,1,1,1,0,0,9
101268,1,1,0,1,0,1,1,0,1,0,1,1,10
101269,1,1,1,0,0,0,0,0,0,0,0,0,2
101270,1,1,1,1,1,0,0,0,0,0,0,0,4
101271,1,1,1,1,0,1,1,1,1,1,1,0,10
101272,1,1,1,1,1,1,1,1,1,1,0,1,9
101273,1,1,0,0,0,0,0,0,0,0,0,0,1
101274,1,1,1,1,0,0,0,0,0,0,0,0,3
101275,1,0,0,0,0,0,0,0,0,0,0,0,0
101276,1,0,0,1,1,0,0,0,0,0,1,1,10
101277,1,1,1,1,0,1,1,1,1,1,1,0,10
101278,1,1,1,1,1,1,1,0,1,0,0,0,8
101279,1,0,0,0,0,0,0,0,0,0,0,0,0
101280,1,1,1,0,0,0,0,0,0,0,0,0,2
101281,1,0,0,0,0,1,1,0,1,0,1,0,10
101282,1,0,0,1,1,0,0,0,0,0,0,0,4
101283,1,1,1,1,0,0,1,0,0,0,0,0,6
101284,1,0,0,0,0,0,0,0,0,0,0,0,0
101285,1,1,0,1,1,1,0,0,0,0,0,0,5
101286,1,1,1,1,1,1,1,1,1,1,1,1,10
101287,1,0,1,0,0,0,0,0,0,0,0,0,2
101288,1,1,1,0,0,0,0,0,0,0,0,0,2
101289,1,1,0,1,0,0,0,0,0,0,0,0,3
101290,1,1,0,1,0,0,0,0,0,0,0,0,3
101291,1,0,0,0,0,0,0,0,0,0,0,0,0
101292,1,1,1,0,0,0,0,0,0,0,0,0,2
101293,1,1,0,1,0,0,0,0,0,0,0,0,3
101294,1,1,1,1,1,0,0,0,0,0,0,0,4
101295,1,1,0,1,0,1,1,0,0,0,0,0,6
101296,1,0,1,1,0,0,0,0,0,0,0,0,3
101297,1,0,0,0,1,1,0,1,1,1,0,0,9
101298,1,1,0,0,0,0,0,0,0,0,0,0,1
101299,1,0,0,0,0,0,0,0,0,0,0,0,0
101300,1,0,1,1,1,1,0,1,0,1,1,1,10
101301,1,0,0,0,0,0,0,0,0,0,0,0,0
101302,1,0,1,0,1,1,1,0,0,1,1,0,10
101303,1,1,0,1,0,1,1,1,1,0,1,1,10
101304,1,0,1,1,1,1,0,0,1,1,1,1,10
101305,1,1,1,1,1,1,0,0,0,0,0,0,5
101306,1,0,0,0,0,0,1,1,1,1,0,0,9
101307,1,0,0,1,0,0,0,0,0,0,0,0,3
101308,1,1,0,0,1,1,0,1,1,0,0,0,8
101309,1,0,0,0,0,0,0,1,0,0,0,0,7
101310,1,1,1,0,1,0,0,0,0,0,0,0,4
101311,1,1,0,0,0,0,0,0,0,0,0,0,1
101312,1,0,0,0,0,0,0,0,0,0,0,0,0
101313,1,0,0,0,0,0,0,1,1,0,0,1,8
101314,1,0,0,0,0,0,0,1,1,1,1,0,10
101315,1,0,0,0,0,0,1,0,0,0,0,0,6
101316,1,1,0,0,0,0,0,0,0,0,0,0,1
101317,1,0,0,0,1,1,1,1,0,0,0,0,7
101318,1,0,0,1,1,1,1,1,1,1,1,1,10
101319,1,1,1,0,1,1,1,1,0,0,1,1,10
101320,1,0,0,0,0,0,0,0,0,0,0,0,0
101321,1,0,0,0,0,0,0,1,1,0,0,0,8
101322,1,1,1,0,0,0,0,1,1,0,1,1,10
101323,1,0,0,0,0,0,0,0,0,0,0,0,0
101324,1,0,0,0,0,0,0,0,0,0,0,0,0
101325,1,0,0,0,0,0,0,0,0,0,0,0,0
101326,1,0,0,0,0,0,0,0,0,0,0,0,0
101327,1,0,0,0,0,0,0,0,0,0,0,0,0
101328,1,1,0,1,1,1,0,0,1,0,1,1,10
101329,1,0,0,0,1,1,0,0,0,0,0,1,5
101330,1,1,1,0,0,0,0,0,0,0,0,0,2
101331,1,0,0,0,0,0,0,1,1,1,1,1,10
101332,1,1,1,0,1,0,0,1,1,1,1,0,10
101333,1,1,1,0,0,0,0,0,0,1,1,0,10
101334,1,1,0,0,0,0,0,0,0,0,0,0,1
101335,1,1,0,1,1,1,1,0,1,1,1,1,10
101336,1,1,0,0,0,0,0,0,0,0,0,0,1
101337,1,0,0,0,0,0,0,0,0,0,0,0,0
101338,1,1,0,1,0,1,1,0,1,1,1,1,10
101339,1,1,1,1,1,1,1,1,1,1,0,1,9
101340,1,0,0,1,1,1,1,0,0,0,0,0,6
101341,1,0,0,0,0,0,0,0,0,0,0,0,0
101342,1,1,0,0,0,0,0,0,0,0,0,0,1
101343,1,0,0,0,0,0,0,0,0,0,0,0,0
101344,1,1,1,0,1,0,1,0,0,1,0,1,9
101345,1,1,1,0,1,1,1,1,1,1,1,0,10
101346,1,1,0,0,0,0,0,0,0,0,0,0,1
101347,1,0,1,1,0,1,1,0,1,1,1,0,10
101348,1,1,0,0,0,0,0,0,0,0,0,0,1
101349,1,0,0,0,0,0,0,0,0,0,0,0,0
101350,1,1,0,1,1,1,1,1,0,1,1,0,10
101351,1,1,0,0,0,0,0,0,0,0,0,0,1
101352,1,1,1,1,1,1,1,0,0,0,0,0,6
101353,1,0,0,1,0,0,0,1,1,0,0,0,8
101354,1,1,1,1,1,1,0,0,0,0,0,0,5
101355,1,0,0,0,0,0,0,0,0,0,0,0,0
101356,1,1,1,0,0,1,1,0,1,1,1,1,10
101357,1,1,1,0,0,0,0,0,0,0,0,0,2
101358,1,0,0,0,0,0,0,0,0,0,0,0,0
101359,1,0,0,0,0,1,1,0,0,1,0,0,9
101360,1,1,1,0,1,0,0,1,1,1,0,0,9
101361,1,0,0,0,0,0,0,0,0,0,0,0,0
101362,1,0,0,1,0,0,0,0,1,1,1,0,10
101363,1,0,0,0,0,0,0,0,0,0,0,0,0
101364,1,1,0,1,1,1,0,1,1,1,1,0,10
101365,1,1,1,0,0,0,0,1,0,0,1,0,10
101366,1,1,1,1,1,1,1,1,1,0,0,0,8
101367,1,0,0,0,0,0,0,0,0,0,0,0,0
101368,1,0,1,0,0,1,0,0,0,0,1,1,10
101369,1,1,1,1,1,1,1,1,1,1,1,1,10
101370,1,1,0,0,0,0,0,0,0,0,0,0,1
101371,1,1,1,1,1,1,1,1,0,0,0,0,7
101372,1,0,1,1,1,0,0,1,0,0,0,0,7
101373,1,0,0,0,0,0,0,0,0,0,0,0,0
101374,1,0,0,0,0,0,0,0,0,0,0,0,0
101375,1,0,1,0,0,0,0,0,0,0,0,0,2
101376,1,0,1,0,0,0,0,0,0,0,0,0,2
101377,1,0,0,0,1,0,0,0,0,0,0,0,4
101378,1,0,1,0,0,0,0,0,0,0,0,0,2
101379,1,0,0,0,0,0,0,0,0,0,0,0,0
101380,1,1,1,1,0,0,0,0,0,0,0,0,3
101381,1,0,0,0,0,0,0,0,0,0,0,0,0
101382,1,1,1,0,1,1,0,1,1,0,1,1,10
101383,1,1,1,1,1,1,0,0,0,0,0,0,5
101384,1,1,1,1,1,0,1,1,1,1,1,0,10
101385,1,1,1,1,0,0,1,1,1,1,1,1,10
101386,1,1,0,1,1,1,0,0,0,0,0,0,5
101387,1,1,0,0,0,0,0,0,0,0,0,0,1
101388,1,1,1,0,0,0,0,0,0,0,0,0,2
101389,1,0,0,0,0,0,0,0,1,0,1,1,10
101390,1,0,0,0,0,0,0,0,0,0,0,0,0
101391,1,1,1,1,1,1,1,1,0,1,1,0,10
101392,1,0,0,0,0,0,1,0,0,0,1,0,10
101393,1,0,1,1,1,0,0,0,0,0,0,0,4
101394,1,0,0,0,0,0,0,0,0,0,0,0,0
101395,1,0,0,0,1,0,0,0,0,0,0,0,4
101396,1,1,1,1,1,1,1,1,1,1,1,1,10
101397,1,1,0,1,1,1,1,0,1,1,1,0,10
101398,1,1,1,0,1,1,1,1,1,1,1,0,10
101399,1,1,0,0,0,0,0,0,1,1,1,0,10
101400,1,0,1,0,1,1,1,1,1,1,1,0,10
101401,1,1,0,0,0,0,0,0,0,0,0,0,1
101402,1,1,0,0,0,0,0,0,0,0,0,0,1
101403,1,1,1,0,1,1,1,0,0,1,0,0,9
101404,1,1,0,1,0,0,0,0,0,0,0,0,3
101405,1,0,0,1,0,0,0,0,0,0,0,0,3
101406,1,1,1,0,0,0,0,0,0,0,0,1,2
101407,1,1,1,0,1,1,1,0,1,0,1,0,10
101408,1,1,1,1,1,1,1,1,1,1,1,1,10
101409,1,1,1,1,1,1,1,1,1,1,1,1,10
101410,1,1,0,1,1,1,1,0,1,0,0,0,8
101411,1,1,0,1,1,0,1,1,1,1,0,1,9
101412,1,0,0,0,0,0,0,0,0,0,0,0,0
101413,1,0,0,0,0,0,0,0,0,0,0,0,0
101414,1,0,0,1,1,0,0,0,0,0,0,0,4
101415,1,0,0,0,0,0,1,0,0,0,0,0,6
101416,1,1,1,1,1,1,1,1,0,0,0,0,7
101417,1,1,0,0,0,0,0,0,0,0,0,0,1
101418,1,1,0,0,0,0,0,0,0,1,1,0,10
101419,1,0,0,0,0,0,0,0,0,0,0,0,0
101420,1,1,0,0,1,0,1,0,0,0,1,0,10
101421,1,1,0,1,1,1,1,0,1,1,0,0,9
101422,1,0,1,0,1,1,1,1,1,1,1,1,10
101423,1,1,1,1,1,1,0,0,0,0,1,0,10
101424,1,1,1,0,0,0,0,0,0,0,1,0,10
101425,1,1,0,0,0,0,0,0,0,0,0,0,1
101426,1,0,1,1,1,1,1,1,1,0,0,0,8
101427,1,1,1,0,1,1,1,0,0,0,0,0,6
101428,1,0,0,0,0,0,0,0,0,0,0,0,0
101429,1,1,1,1,0,0,1,1,1,1,1,1,10
101430,1,1,1,1,1,0,0,0,0,0,0,0,4
101431,1,1,0,0,1,0,0,0,0,0,0,0,4
101432,1,1,1,1,1,1,1,1,1,1,1,1,10
101433,1,0,0,0,0,0,0,0,0,0,0,0,0
101434,1,1,0,0,0,0,0,0,0,0,0,0,1
101435,1,0,0,0,1,1,0,0,0,1,1,1,10
101436,1,0,1,0,0,0,0,0,0,0,0,0,2
101437,1,0,0,0,0,0,0,0,0,0,0,0,0
101438,1,1,0,0,0,0,0,0,0,0,0,0,1
101439,1,1,0,1,1,1,1,1,0,0,0,0,7
101440,1,0,0,0,0,1,0,0,0,0,1,1,10
101441,1,0,1,1,0,0,0,0,0,0,0,0,3
101442,1,1,0,1,1,1,0,0,0,0,0,0,5
101443,1,1,1,1,1,1,0,1,0,1,0,0,9
101444,1,0,0,0,0,0,0,0,0,0,0,0,0
101445,1,1,1,1,1,1,1,1,1,1,1,1,10
101446,1,1,1,1,1,0,1,1,1,1,1,0,10
101447,1,0,0,1,1,1,1,0,1,1,1,1,10
101448,1,1,0,0,1,0,0,0,0,0,0,0,4
101449,1,1,1,0,1,1,1,1,0,0,0,0,7
101450,1,0,0,0,0,0,0,0,0,0,0,0,0
101451,1,1,0,1,1,1,0,0,1,1,1,1,10
101452,1,1,1,1,1,1,1,1,1,1,1,1,10
101453,1,0,1,1,1,1,1,0,0,1,1,1,10
101454,1,0,1,1,0,1,1,1,1,1,0,0,9
101455,1,0,0,1,1,1,1,0,1,1,1,1,10
101456,1,1,1,1,1,1,1,1,1,1,1,1,10
101457,1,0,1,1,1,1,1,1,1,1,1,0,10
101458,1,1,1,1,1,0,1,1,1,1,1,1,10
101459,1,1,1,1,1,1,1,1,1,1,1,1,10
101460,1,1,1,1,1,1,0,1,0,0,0,0,7
101461,1,0,0,0,0,0,0,0,0,0,0,0,0
101462,1,0,0,0,0,0,0,0,0,0,0,0,0
101463,1,0,1,0,1,0,0,0,0,0,0,0,4
101464,1,0,0,0,0,0,0,1,0,1,1,0,10
101465,1,1,1,1,1,1,0,0,0,0,0,0,5
101466,1,1,1,0,0,0,1,0,0,0,0,0,6
101467,1,1,1,1,1,1,1,1,1,1,0,1,9
101468,1,1,0,1,1,1,1,0,1,0,0,0,8
101469,1,1,1,1,0,1,1,0,1,0,0,1,8
101470,1,0,0,0,0,0,0,0,0,0,0,0,0
101471,1,0,1,0,0,0,0,0,0,0,0,0,2
101472,1,0,0,0,0,0,0,0,0,0,0,0,0
101473,1,0,0,0,0,0,0,0,0,0,0,0,0
101474,1,1,1,1,0,1,1,0,0,0,0,0,6
101475,1,1,1,1,0,0,0,0,0,0,0,0,3
101476,1,1,1,0,1,0,0,1,1,1,1,1,10
101477,1,1,1,0,0,0,0,0,0,0,0,0,2
101478,1,1,0,0,0,0,0,0,0,0,0,0,1
101479,1,0,0,0,0,1,0,0,0,1,1,1,10
101480,1,1,1,1,0,1,1,0,0,0,0,0,6
101481,1,1,1,1,0,0,0,0,0,0,0,0,3
101482,1,0,0,1,0,1,1,0,0,0,0,0,6
101483,1,1,0,0,0,0,0,0,0,0,0,0,1
101484,1,1,1,1,1,1,1,0,1,0,1,1,10
101485,1,0,0,0,0,0,0,0,0,0,0,0,0
101486,1,0,1,0,0,0,0,0,0,0,0,0,2
101487,1,1,1,0,0,0,0,0,0,0,0,0,2
101488,1,0,0,0,0,0,0,0,0,0,0,0,0
101489,1,0,0,0,0,0,0,0,0,0,0,0,0
101490,1,0,0,0,0,0,0,0,0,0,0,0,0
101491,1,1,1,1,1,1,1,1,1,1,1,1,10
101492,1,1,1,1,0,1,0,1,1,1,1,1,10
101493,1,1,1,0,0,1,1,1,0,0,0,0,7
101494,1,1,1,1,1,1,0,0,0,0,0,0,5
101495,1,1,0,0,0,0,0,0,0,0,0,0,1
101496,1,1,1,1,1,1,0,0,0,0,0,0,5
101497,1,0,0,0,0,0,0,0,0,0,0,0,0
101498,1,0,0,0,0,0,0,0,0,0,0,0,0
101499,1,1,1,1,0,0,0,0,0,0,0,0,3
101500,1,0,0,0,0,0,0,1,1,1,0,0,9
101501,1,0,0,0,0,0,0,0,0,0,0,0,0
101502,1,1,0,0,0,0,0,0,0,0,0,0,1
101503,1,0,0,1,0,1,1,1,1,1,1,0,10
101504,1,0,0,0,0,0,0,0,0,0,0,0,0
101505,1,1,0,1,0,1,0,0,0,1,0,1,9
101506,1,1,1,0,0,0,1,1,1,1,1,0,10
101507,1,1,0,1,1,0,0,0,0,0,0,0,4
101508,1,1,1,0,1,1,1,1,1,1,0,1,9
101509,1,1,0,0,0,0,0,0,0,0,0,0,1
101510,1,1,0,1,0,0,0,0,0,0,0,0,3
101511,1,0,0,0,0,0,1,1,0,0,0,0,7
101512,1,0,1,0,0,0,0,0,0,0,0,0,2
101513,1,1,1,1,1,1,0,1,1,1,1,1,10
101514,1,1,1,1,1,1,1,1,1,1,1,1,10
101515,1,1,1,0,1,1,1,1,1,1,1,0,10
101516,1,0,0,0,0,0,0,0,0,0,0,0,0
101517,1,0,0,0,1,1,0,0,0,0,0,0,5
101518,1,1,0,0,0,0,0,0,0,0,0,0,1
101519,1,0,0,0,0,0,0,0,0,0,0,0,0
101520,1,1,1,1,0,1,0,0,1,0,0,0,8
101521,1,1,1,1,1,1,1,1,1,1,0,0,9
101522,1,1,1,0,0,0,0,0,0,0,0,0,2
101523,1,0,1,1,1,1,1,1,1,1,1,1,10
101524,1,0,0,0,0,0,0,0,0,0,0,0,0
101525,1,1,1,0,1,1,0,1,0,0,1,0,10
101526,1,1,1,0,0,0,0,0,0,0,0,0,2
101527,1,0,0,0,0,0,0,0,0,0,0,0,0
101528,1,0,1,1,1,0,0,0,0,0,0,0,4
101529,1,0,0,0,0,0,0,0,0,0,0,0,0
101530,1,0,0,0,0,0,0,0,0,0,0,0,0
101531,1,0,0,0,0,0,0,0,0,0,0,0,0
101532,1,0,0,0,0,0,0,0,0,0,0,0,0
101533,1,0,0,0,0,0,0,0,0,0,0,0,0
101534,1,0,0,1,0,1,1,0,0,0,0,0,6
101535,1,0,0,1,1,0,0,0,0,0,0,0,4
101536,1,0,1,0,0,1,0,1,0,1,1,1,10
101537,1,1,1,1,1,0,1,0,0,0,1,0,10
101538,1,0,0,1,0,0,0,0,0,0,0,0,3
101539,1,1,1,1,1,1,1,1,1,1,1,1,10
101540,1,1,0,0,0,0,0,0,0,0,0,0,1
101541,1,0,0,0,0,0,0,0,0,0,0,0,0
101542,1,1,0,1,1,1,1,0,0,1,1,0,10
101543,1,1,0,1,1,1,1,1,1,1,1,1,10
101544,1,0,0,0,0,0,0,0,0,0,0,0,0
101545,1,0,0,0,0,0,0,0,1,0,0,0,8
101546,1,1,0,0,0,0,0,0,0,0,0,0,1
101547,1,1,1,1,1,1,1,0,1,1,0,1,9
101548,1,0,0,0,0,1,1,0,0,0,0,0,6
101549,1,1,1,1,1,1,1,1,1,1,0,0,9
101550,1,1,1,1,1,1,1,1,1,1,1,0,10
101551,1,1,0,1,0,0,1,1,1,1,0,0,9
101552,1,0,0,0,0,0,0,0,0,0,0,0,0
101553,1,0,1,0,0,1,1,1,0,1,0,0,9
101554,1,0,0,0,0,0,0,0,0,0,0,0,0
101555,1,1,1,1,1,0,1,1,1,1,1,1,10
101556,1,1,1,0,0,0,0,0,0,0,0,0,2
101557,1,1,1,1,1,1,1,1,1,1,1,1,10
101558,1,1,1,1,1,1,0,0,1,1,1,1,10
101559,1,1,0,1,0,0,0,0,0,0,0,0,3
101560,1,0,0,0,0,0,0,0,0,0,0,0,0
101561,1,1,0,1,0,0,1,0,0,0,0,0,6
101562,1,0,1,1,1,1,1,0,0,0,0,0,6
101563,1,1,1,1,1,1,1,1,1,1,1,1,10
101564,1,0,0,0,0,0,0,1,0,0,0,0,7
101565,1,1,1,0,0,1,1,0,1,1,1,1,10
101566,1,1,0,0,1,0,0,1,1,1,0,0,9
101567,1,1,0,0,0,0,0,0,0,0,0,0,1
101568,1,1,0,0,0,0,0,0,0,0,1,0,10
101569,1,1,1,1,0,1,0,0,0,0,0,0,5
101570,1,1,1,1,0,1,1,0,0,0,1,0,10
101571,1,0,0,0,0,1,1,0,1,1,1,1,10
101572,1,1,1,1,1,1,1,0,0,0,0,0,6
101573,1,0,0,0,1,1,1,1,1,1,1,1,10
101574,1,0,0,0,0,0,0,0,0,0,0,0,0
101575,1,1,0,0,0,0,1,0,1,1,0,0,9
101576,1,1,1,1,1,1,1,1,1,1,1,0,10
101577,1,0,0,0,0,0,0,0,0,0,0,0,0
101578,1,0,0,0,0,1,0,0,0,0,0,0,5
101579,1,0,0,0,0,0,0,0,0,0,0,0,0
101580,1,0,0,0,0,0,0,0,0,0,0,0,0
101581,1,0,0,0,0,0,0,0,0,0,0,0,0
101582,1,0,0,0,0,0,0,0,0,0,0,0,0
101583,1,1,1,1,0,0,0,0,0,0,0,0,3
101584,1,0,0,0,0,0,0,0,0,0,0,0,0
101585,1,1,0,1,1,0,1,0,0,0,0,0,6
101586,1,0,1,0,0,0,0,0,1,0,1,0,10
101587,1,0,1,1,0,1,1,0,1,1,0,1,9
101588,1,1,0,0,0,0,0,0,0,0,0,0,1
101589,1,0,1,0,1,0,0,0,0,0,1,0,10
101590,1,0,0,0,0,0,0,0,0,0,0,0,0
101591,1,0,0,0,0,0,0,0,0,0,0,0,0
101592,1,1,1,0,0,0,0,0,0,1,1,0,10
101593,1,0,0,0,0,0,0,0,0,0,0,0,0
101594,1,1,1,0,1,1,1,0,1,1,1,0,10
101595,1,1,0,1,1,0,0,0,0,0,1,0,10
101596,1,1,1,1,1,1,1,1,1,1,0,0,9
101597,1,0,0,0,0,0,0,0,0,0,0,0,0
101598,1,1,1,1,1,1,1,1,1,1,0,1,9
101599,1,1,1,0,1,1,0,0,0,0,1,0,10
101600,1,1,0,0,0,0,0,0,0,0,0,0,1
101601,1,1,1,0,0,0,0,0,0,0,0,0,2
101602,1,1,1,1,0,0,0,1,0,0,0,0,7
101603,1,1,1,1,1,1,1,1,0,1,1,1,10
101604,1,0,1,1,0,0,0,0,0,0,0,0,3
101605,1,0,0,0,0,0,0,0,0,0,0,0,0
101606,1,1,0,0,0,0,0,0,0,0,0,0,1
101607,1,1,1,1,1,1,1,1,1,1,1,1,10
101608,1,0,0,1,1,1,1,0,0,0,0,0,6
101609,1,0,0,0,0,0,0,0,0,0,0,0,0
101610,1,0,0,1,0,0,1,1,1,1,1,0,10
101611,1,0,0,0,0,0,0,0,0,0,0,0,0
101612,1,0,0,0,0,0,0,0,0,0,0,0,0
101613,1,1,1,1,1,1,1,1,1,0,0,0,8
101614,1,1,0,0,0,1,1,1,1,1,1,1,10
101615,1,1,0,1,0,0,0,0,0,0,0,0,3
101616,1,1,1,1,0,0,1,1,1,1,0,1,9
101617,1,1,1,1,1,0,1,0,0,0,0,0,6
101618,1,1,1,1,0,1,1,1,1,1,0,1,9
101619,1,1,1,1,0,1,0,0,1,0,0,0,8
101620,1,0,1,1,1,0,1,0,0,0,0,0,6
101621,1,1,0,0,0,0,1,0,0,0,0,0,6
101622,1,0,0,0,0,0,0,0,0,0,0,0,0
101623,1,1,1,0,1,1,0,0,0,0,0,0,5
101624,1,0,0,0,0,0,0,0,0,0,0,0,0
101625,1,0,0,0,0,0,0,1,1,0,0,0,8
101626,1,0,0,0,1,0,0,0,0,0,0,0,4
101627,1,1,0,0,1,1,0,1,1,1,1,1,10
101628,1,1,1,1,1,1,0,0,0,0,0,0,5
101629,1,1,1,1,1,1,0,1,1,1,1,1,10
101630,1,1,0,0,0,0,0,0,0,0,0,0,1
101631,1,0,1,1,1,1,0,1,0,0,1,0,10
101632,1,1,0,1,0,1,0,1,1,1,1,1,10
101633,1,1,1,1,1,1,0,0,0,0,0,0,5
101634,1,0,0,0,0,0,1,0,0,0,0,0,6
101635,1,0,0,0,0,0,0,0,0,0,0,0,0
101636,1,1,0,1,1,0,1,1,0,0,0,0,7
101637,1,1,0,0,0,0,0,0,0,0,0,0,1
101638,1,0,0,0,0,1,0,0,0,0,0,0,5
101639,1,1,1,0,1,1,1,1,1,1,1,0,10
101640,1,0,0,0,1,1,0,1,1,1,1,1,10
101641,1,0,0,0,1,1,1,1,1,1,1,1,10
101642,1,0,0,0,0,0,0,0,0,0,0,0,0
101643,1,0,0,0,0,0,0,0,0,0,0,0,0
101644,1,0,0,0,0,0,0,0,0,0,0,0,0
101645,1,1,0,1,0,1,0,1,0,1,0,1,9
101646,1,1,0,0,0,0,1,1,0,1,0,0,9
101647,1,0,0,0,0,0,0,0,0,0,0,0,0
101648,1,0,0,0,0,0,0,0,0,0,0,0,0
101649,1,1,0,0,0,0,0,0,0,0,0,0,1
101650,1,0,0,0,0,0,0,0,0,0,0,0,0
101651,1,1,0,0,0,1,0,0,0,0,0,0,5
101652,1,1,1,1,1,1,1,1,1,0,0,0,8
101653,1,0,0,0,0,0,0,0,0,0,0,0,0
101654,1,1,0,0,0,0,0,0,0,1,0,0,9
101655,1,0,0,0,0,0,0,0,0,0,0,0,0
101656,1,0,0,0,0,0,0,0,0,0,0,0,0
101657,1,0,0,0,0,0,0,0,0,0,0,0,0
101658,1,0,0,0,0,0,0,0,0,0,0,0,0
101659,1,1,1,1,1,1,1,1,1,1,1,1,10
101660,1,0,1,1,1,0,0,0,0,0,0,0,4
101661,1,1,1,0,0,0,1,1,0,1,0,0,9
101662,1,0,0,0,0,0,0,0,0,0,0,0,0
101663,1,0,0,0,0,0,0,0,0,0,0,0,0
101664,1,0,0,0,0,0,0,0,0,0,0,1,0
101665,1,0,0,0,0,0,0,0,0,0,0,0,0
101666,1,1,0,0,0,0,0,0,0,0,0,0,1
101667,1,1,1,1,1,1,0,1,0,0,0,0,7
101668,1,0,0,0,0,0,0,1,1,0,1,0,10
101669,1,1,1,0,1,1,1,1,1,0,0,0,8
101670,1,1,1,1,1,0,0,0,0,0,0,0,4
101671,1,1,1,1,0,0,0,0,1,1,1,1,10
101672,1,0,0,0,0,0,1,0,0,1,1,0,10
101673,1,0,0,0,0,0,0,1,0,0,0,0,7
101674,1,0,0,0,0,0,0,0,0,0,0,0,0
101675,1,0,0,0,0,0,0,0,0,0,0,0,0
101676,1,0,0,0,0,0,0,1,1,1,0,1,9
101677,1,1,1,1,1,0,0,0,0,0,0,0,4
101678,1,1,1,1,1,1,1,0,0,0,0,0,6
101679,1,1,0,0,0,1,0,0,0,0,0,0,5
101680,1,0,0,0,0,0,0,0,0,0,0,0,0
101681,1,1,0,0,1,1,1,1,1,1,1,0,10
101682,1,0,0,0,0,0,0,0,0,0,0,0,0
101683,1,0,0,0,0,0,0,0,0,0,0,0,0
101684,1,0,0,0,0,0,0,0,0,0,0,0,0
101685,1,1,1,1,0,1,1,1,1,0,0,0,8
101686,1,1,1,1,1,1,1,1,0,1,1,0,10
101687,1,0,0,0,1,0,0,0,0,0,0,0,4
101688,1,1,0,0,0,0,0,0,0,0,0,0,1
101689,1,1,0,1,0,1,1,1,0,0,1,0,10
101690,1,1,1,1,1,0,1,0,0,1,0,1,9
101691,1,1,0,0,1,0,1,1,0,0,0,0,7
101692,1,1,0,0,0,0,0,0,0,0,0,0,1
101693,1,1,0,0,0,0,0,0,0,0,0,0,1
101694,1,1,0,0,1,1,0,0,0,0,1,1,10
101695,1,0,0,0,0,0,0,0,0,0,0,0,0
101696,1,1,1,0,0,0,0,0,0,0,0,0,2
101697,1,0,0,0,0,1,1,0,0,0,0,0,6
101698,1,1,0,0,0,0,0,0,0,0,0,0,1
101699,1,1,0,0,0,0,0,0,0,0,0,0,1
101700,1,1,0,1,1,1,1,1,0,0,0,1,7
101701,1,1,1,1,1,1,0,1,0,0,0,0,7
101702,1,0,0,0,0,0,0,0,0,0,0,0,0
101703,1,0,0,0,0,0,0,0,1,1,1,0,10
101704,1,0,0,0,0,0,0,1,0,1,1,0,10
101705,1,0,0,0,0,0,0,0,0,0,0,0,0
101706,1,0,0,0,0,0,0,0,0,0,0,0,0
101707,1,1,0,1,1,0,1,1,1,1,0,0,9
101708,1,0,0,0,0,0,0,0,0,0,0,0,0
101709,1,0,0,1,0,0,1,0,1,0,1,0,10
101710,1,1,0,0,0,0,0,0,0,0,0,0,1
101711,1,0,1,0,0,0,0,0,0,0,0,0,2
101712,1,0,0,1,0,0,0,0,0,0,0,0,3
101713,1,1,1,1,1,1,1,1,1,1,0,1,9
101714,1,1,0,0,0,0,0,0,0,0,0,0,1
101715,1,1,0,0,0,0,0,0,0,0,0,0,1
101716,1,0,1,0,0,0,0,0,0,0,0,0,2
101717,1,1,1,0,0,1,1,1,1,0,0,0,8
101718,1,0,0,1,1,0,0,0,0,0,0,0,4
101719,1,1,0,0,0,0,0,0,0,0,0,0,1
101720,1,1,1,1,1,1,1,1,1,0,0,0,8
101721,1,0,0,0,0,0,0,0,0,0,0,0,0
101722,1,1,1,1,0,0,1,1,0,0,0,0,7
101723,1,1,1,0,0,1,1,1,0,0,0,0,7
101724,1,0,0,0,0,0,0,0,0,0,0,0,0
101725,1,0,1,0,0,0,0,0,0,0,1,1,10
101726,1,0,1,0,0,0,0,1,0,0,0,0,7
101727,1,1,0,0,0,0,0,0,0,0,0,0,1
101728,1,0,0,0,0,0,0,1,0,1,0,0,9
101729,1,1,0,1,0,0,0,0,0,0,0,0,3
101730,1,0,0,0,0,0,0,0,0,0,0,0,0
101731,1,0,1,0,0,0,0,0,0,0,0,0,2
101732,1,1,0,0,0,0,0,0,0,0,0,0,1
101733,1,0,0,0,0,0,1,0,0,0,0,0,6
101734,1,0,0,1,0,0,0,0,0,0,0,0,3
101735,1,1,1,0,0,0,0,0,0,0,0,0,2
101736,1,1,1,1,1,1,1,0,0,0,0,0,6
101737,1,1,1,1,1,1,1,1,1,0,1,1,10
101738,1,1,0,1,1,1,1,0,1,1,0,1,9
101739,1,1,0,1,1,0,1,1,1,1,1,1,10
101740,1,0,1,1,1,1,0,0,0,0,0,1,5
101741,1,1,0,0,0,0,0,0,0,0,0,0,1
101742,1,1,1,0,0,0,0,0,0,0,0,0,2
101743,1,1,0,0,0,0,0,0,0,0,0,0,1
101744,1,0,0,0,0,0,0,0,0,0,0,0,0
101745,1,0,0,0,0,0,0,0,0,0,0,0,0
101746,1,1,1,0,1,1,1,0,0,1,0,0,9
101747,1,1,1,1,1,1,1,1,1,1,1,0,10
101748,1,1,1,1,1,1,1,0,0,0,0,0,6
101749,1,0,0,0,0,0,0,0,0,0,0,0,0
101750,1,0,0,0,0,0,0,0,0,1,0,1,9
101751,1,1,1,1,1,1,0,1,0,0,0,0,7
101752,1,1,1,0,1,1,1,1,1,1,1,0,10
101753,1,0,0,0,0,0,0,0,0,0,0,0,0
101754,1,0,1,0,1,0,0,0,0,0,0,0,4
101755,1,0,0,0,0,0,0,0,0,0,0,1,0
101756,1,1,1,1,1,0,0,1,1,1,0,0,9
101757,1,1,1,1,1,1,0,0,0,0,0,0,5
101758,1,0,1,0,0,1,0,0,0,0,0,0,5
101759,1,1,1,1,0,0,1,1,0,0,1,0,10
101760,1,0,0,0,0,0,0,0,0,0,0,0,0
101761,1,0,0,0,0,0,0,0,0,0,0,0,0
101762,1,1,1,0,1,1,1,1,1,1,1,0,10
101763,1,1,1,1,1,1,1,0,1,1,1,0,10
101764,1,0,0,0,0,0,0,0,0,0,0,0,0
101765,1,1,1,1,0,0,0,0,0,0,0,0,3
101766,1,0,1,0,0,0,0,0,0,0,0,0,2
101767,1,0,1,0,0,1,1,0,0,0,0,0,6
101768,1,0,0,1,0,1,1,1,1,0,1,1,10
101769,1,1,0,1,0,0,0,0,0,0,1,0,10
101770,1,0,0,0,0,0,0,0,0,0,0,0,0
101771,1,0,1,1,0,1,1,1,1,0,1,1,10
101772,1,0,0,0,0,0,0,0,0,0,0,0,0
101773,1,0,1,0,0,1,1,1,1,1,1,1,10
101774,1,1,1,0,1,0,0,1,1,0,0,0,8
101775,1,1,1,1,1,1,1,1,1,0,1,0,10
101776,1,0,1,0,0,0,1,1,1,0,0,0,8
101777,1,1,1,1,0,0,0,0,0,0,0,0,3
101778,1,1,1,0,1,1,1,1,1,0,1,0,10
101779,1,0,0,0,0,0,0,0,0,0,0,0,0
101780,1,1,0,0,0,0,0,0,0,0,0,0,1
101781,1,1,1,1,1,1,0,1,0,0,0,0,7
101782,1,1,1,1,1,1,1,1,0,0,0,0,7
101783,1,0,1,1,1,1,1,0,1,1,1,1,10
101784,1,1,0,1,0,1,0,1,1,1,1,0,10
101785,1,0,0,0,0,0,0,0,0,0,0,0,0
101786,1,0,0,0,0,0,0,0,1,0,0,0,8
101787,1,0,0,0,0,0,0,0,0,0,0,0,0
101788,1,0,0,0,0,0,0,1,1,0,1,0,10
101789,1,1,1,1,0,0,0,0,0,0,0,0,3
101790,1,1,1,1,1,1,0,1,0,0,0,0,7
101791,1,1,0,0,0,0,0,0,1,0,0,0,8
101792,1,1,0,0,0,0,0,1,0,1,1,1,10
101793,1,0,0,0,0,0,0,0,0,0,0,0,0
101794,1,1,1,1,1,0,0,0,0,0,0,0,4
101795,1,0,1,1,0,1,0,0,0,0,0,0,5
101796,1,0,1,0,0,0,0,0,0,0,0,0,2
101797,1,1,0,0,0,0,0,0,0,0,0,0,1
101798,1,0,1,0,0,0,0,0,0,0,0,0,2
101799,1,1,0,0,0,1,0,0,0,0,1,1,10
101800,1,1,1,0,1,1,1,1,0,0,1,0,10
101801,1,0,0,0,0,0,1,1,1,1,1,1,10
101802,1,1,1,1,0,0,0,0,0,0,0,0,3
101803,1,1,1,1,0,1,1,1,0,1,1,0,10
101804,1,0,0,0,1,1,1,0,1,1,1,1,10
101805,1,0,0,0,0,0,0,0,0,0,0,0,0
101806,1,1,1,1,1,0,0,0,0,0,0,0,4
101807,1,1,1,1,1,1,1,1,1,1,1,1,10
101808,1,0,0,0,0,0,0,0,0,0,0,0,0
101809,1,0,0,0,0,0,0,0,0,0,0,0,0
101810,1,1,0,0,0,0,0,0,0,0,0,0,1
101811,1,0,0,0,0,0,0,0,0,0,0,0,0
101812,1,1,0,0,1,0,1,0,0,0,0,0,6
101813,1,1,1,1,1,0,0,0,0,0,0,0,4
101814,1,1,0,1,1,1,1,1,1,1,1,0,10
101815,1,1,0,0,0,0,0,0,0,0,0,0,1
101816,1,0,0,0,0,0,1,0,0,0,0,0,6
101817,1,0,0,0,0,0,0,0,0,0,0,0,0
101818,1,0,0,0,0,0,0,0,0,0,0,0,0
101819,1,1,0,0,0,0,0,1,1,1,1,1,10
101820,1,0,1,1,0,1,1,1,1,0,1,0,10
101821,1,1,0,0,0,0,0,0,0,0,0,0,1
101822,1,1,1,1,1,0,0,1,1,0,0,0,8
101823,1,0,0,0,0,1,0,0,0,0,0,0,5
101824,1,0,0,1,0,0,0,0,0,1,0,0,9
101825,1,0,1,0,0,0,1,0,0,1,0,0,9
101826,1,0,0,0,0,0,0,0,0,0,0,0,0
101827,1,1,1,0,0,0,0,0,1,0,1,0,10
101828,1,0,1,1,0,1,0,1,1,1,1,0,10
101829,1,0,0,0,0,0,1,1,1,0,1,1,10
101830,1,0,0,0,0,1,1,1,1,1,1,0,10
101831,1,1,1,1,1,1,0,0,0,0,0,0,5
101832,1,0,1,0,0,0,0,0,0,0,0,0,2
101833,1,0,0,0,0,0,0,0,0,0,0,0,0
101834,1,0,0,0,0,1,1,0,1,1,1,1,10
101835,1,1,0,0,0,0,0,0,0,0,0,0,1
101836,1,1,1,1,0,0,0,0,0,0,0,0,3
101837,1,1,1,0,1,0,0,1,0,1,0,1,9
101838,1,0,1,1,1,0,0,0,0,0,0,0,4
101839,1,1,1,0,0,0,0,0,0,0,0,0,2
101840,1,1,0,0,0,0,0,0,0,0,0,0,1
101841,1,0,0,0,0,0,0,0,0,0,0,0,0
101842,1,1,1,0,1,1,1,1,1,0,0,0,8
101843,1,0,0,0,0,0,0,0,0,0,0,0,0
101844,1,0,0,0,0,0,0,0,0,0,0,0,0
101845,1,0,0,0,0,0,0,0,0,0,0,0,0
101846,1,1,1,0,0,0,1,1,1,1,0,1,9
101847,1,1,0,0,0,0,0,0,0,0,0,0,1
101848,1,0,1,1,0,0,0,1,1,1,1,0,10
101849,1,1,0,0,0,0,0,1,1,1,0,1,9
101850,1,1,1,1,1,1,0,1,1,1,1,0,10
101851,1,0,0,0,0,0,0,0,0,0,0,0,0
101852,1,0,0,0,0,0,0,0,0,0,0,0,0
101853,1,1,1,1,1,0,1,1,1,1,1,1,10
101854,1,1,1,1,1,1,1,1,0,0,0,0,7
101855,1,0,0,0,0,0,0,0,0,0,0,0,0
101856,1,1,1,0,0,0,0,1,1,1,0,0,9
101857,1,0,0,0,0,1,0,0,1,1,0,0,9
101858,1,1,1,1,1,1,0,0,0,1,1,1,10
101859,1,0,1,0,0,0,0,0,0,0,0,0,2
101860,1,0,1,0,1,1,1,1,1,0,1,0,10
101861,1,0,0,1,1,1,1,1,1,1,1,1,10
101862,1,1,1,1,0,1,1,1,0,1,1,1,10
101863,1,0,0,0,0,1,1,0,0,0,0,0,6
101864,1,0,0,0,1,1,0,1,0,1,1,0,10
101865,1,1,0,0,0,0,0,0,0,0,0,0,1
101866,1,0,0,0,0,0,0,0,0,0,0,0,0
101867,1,0,0,0,0,0,0,0,0,0,0,0,0
101868,1,0,0,0,0,0,0,0,0,0,0,0,0
101869,1,0,0,0,0,0,0,0,0,0,0,0,0
101870,1,0,1,0,0,1,0,1,1,0,1,0,10
101871,1,0,0,0,0,0,0,0,0,0,0,0,0
101872,1,1,1,1,1,1,0,1,1,0,0,0,8
101873,1,1,0,0,0,0,0,0,0,0,0,0,1
101874,1,0,0,0,0,1,1,1,1,0,1,1,10
101875,1,0,0,0,0,0,0,0,0,0,0,0,0
101876,1,0,0,0,0,0,0,0,0,0,0,0,0
101877,1,0,0,0,0,0,0,0,0,0,0,0,0
101878,1,0,1,0,0,0,0,1,0,0,1,0,10
101879,1,0,0,0,0,0,0,0,0,0,0,0,0
101880,1,1,0,0,0,1,1,0,0,0,0,0,6
101881,1,0,1,1,1,1,1,0,1,1,1,0,10
101882,1,1,0,0,0,1,0,1,1,1,1,0,10
101883,1,0,0,0,0,0,0,0,0,0,0,0,0
101884,1,1,1,0,0,1,0,0,0,1,0,1,9
101885,1,1,1,0,0,0,0,0,0,0,0,0,2
101886,1,1,1,1,1,1,1,0,0,0,0,0,6
101887,1,1,1,1,0,1,1,0,0,0,0,0,6
101888,1,0,1,1,1,1,1,0,0,0,0,0,6
101889,1,0,1,0,0,0,0,0,0,0,0,0,2
101890,1,1,1,1,1,0,0,0,0,0,0,0,4
101891,1,0,0,0,0,0,0,0,0,0,0,0,0
101892,1,0,0,0,0,0,0,0,0,0,0,0,0
101893,1,1,1,1,1,0,1,1,1,1,1,0,10
101894,1,1,0,1,1,1,1,0,1,1,1,0,10
101895,1,0,0,0,0,0,1,0,0,0,0,0,6
101896,1,1,1,1,0,0,0,0,1,1,0,0,9
101897,1,1,1,0,0,0,0,1,0,0,0,0,7
101898,1,0,0,0,0,0,0,0,0,0,0,0,0
101899,1,0,1,0,0,0,0,0,0,0,0,0,2
101900,1,1,1,1,1,1,1,1,0,1,1,1,10
101901,1,0,0,0,0,0,0,0,0,0,0,0,0
101902,1,0,0,0,1,1,1,0,0,1,1,0,10
101903,1,0,0,0,0,0,0,0,0,0,0,0,0
101904,1,1,0,0,0,0,0,0,0,0,0,0,1
101905,1,0,0,0,0,1,0,0,0,0,0,0,5
101906,1,0,0,0,0,0,0,0,0,0,0,0,0
101907,1,1,1,0,0,0,0,0,0,0,0,0,2
101908,1,0,0,0,0,0,0,0,0,0,0,0,0
101909,1,0,0,0,0,0,0,0,0,0,0,0,0
101910,1,0,1,0,1,1,1,0,1,1,1,1,10
101911,1,1,1,1,1,1,0,1,1,0,0,1,8
101912,1,0,0,0,0,0,0,0,1,0,1,0,10
101913,1,1,0,0,0,0,0,0,0,0,0,0,1
101914,1,0,0,0,0,0,0,0,1,0,0,0,8
101915,1,0,1,1,0,1,0,1,1,0,1,1,10
101916,1,0,0,1,0,0,0,1,1,1,1,1,10
101917,1,1,0,0,0,0,0,0,0,0,0,0,1
101918,1,0,0,0,0,0,0,0,0,0,0,0,0
101919,1,1,0,0,0,0,0,0,0,0,0,0,1
101920,1,1,1,1,1,1,1,1,1,0,1,0,10
101921,1,0,0,0,1,1,0,0,1,0,0,0,8
101922,1,0,0,0,0,0,0,0,0,0,0,0,0
101923,1,1,0,1,0,1,1,1,1,1,0,1,9
101924,1,0,0,0,0,0,0,0,0,0,0,0,0
101925,1,1,0,0,0,0,0,0,0,0,0,0,1
101926,1,0,0,0,0,0,0,0,0,0,0,0,0
101927,1,0,1,1,1,0,1,0,1,1,1,0,10
101928,1,0,0,0,0,0,0,0,0,0,0,0,0
101929,1,0,0,0,0,0,0,0,0,0,0,0,0
101930,1,1,0,1,0,1,0,1,0,0,1,0,10
101931,1,1,1,0,0,0,0,0,1,0,1,0,10
101932,1,1,0,0,0,1,0,0,0,1,0,1,9
101933,1,0,0,0,0,0,0,0,0,0,0,0,0
101934,1,1,0,0,0,0,0,0,0,0,0,1,1
101935,1,0,0,0,0,1,1,0,1,1,0,0,9
101936,1,0,0,0,0,0,0,0,0,0,0,0,0
101937,1,0,0,0,0,0,0,0,0,0,0,0,0
101938,1,1,1,1,0,0,0,0,0,0,0,0,3
101939,1,0,1,0,0,1,1,0,1,1,1,0,10
101940,1,0,0,0,0,0,0,0,0,0,0,1,0
101941,1,1,0,0,0,0,0,0,0,1,0,0,9
101942,1,0,0,0,1,1,1,1,0,0,0,0,7
101943,1,0,0,0,0,0,0,0,0,0,0,0,0
101944,1,0,0,0,0,1,0,0,0,0,0,0,5
101945,1,0,0,0,1,0,0,0,0,0,0,0,4
101946,1,1,1,1,0,0,0,0,0,0,0,0,3
101947,1,1,1,1,0,1,1,1,1,0,1,0,10
101948,1,0,0,0,0,0,0,0,0,0,0,0,0
101949,1,1,0,1,0,1,1,1,1,1,1,1,10
101950,1,1,0,0,1,0,1,0,1,1,0,1,9
101951,1,1,0,1,0,0,1,1,0,0,0,0,7
101952,1,1,0,0,0,0,0,0,0,0,0,0,1
101953,1,1,1,0,0,0,0,0,0,0,0,0,2
101954,1,1,0,1,0,0,0,0,0,0,0,0,3
101955,1,1,0,0,0,1,1,1,1,1,0,0,9
101956,1,1,1,1,1,1,1,1,1,1,1,0,10
101957,1,0,0,0,0,0,0,0,0,0,0,0,0
101958,1,1,0,1,1,1,1,0,1,1,1,1,10
101959,1,1,0,1,1,1,1,1,1,1,1,1,10
101960,1,1,0,1,1,1,1,0,1,1,1,1,10
101961,1,1,1,1,1,0,1,0,1,1,1,1,10
101962,1,1,0,0,0,0,0,0,0,0,0,0,1
101963,1,0,0,0,0,0,0,0,0,0,0,0,0
101964,1,1,1,1,1,1,1,1,0,0,0,0,7
101965,1,0,1,0,0,0,0,0,0,0,0,0,2
101966,1,0,0,0,0,0,1,0,0,0,0,0,6
101967,1,1,1,1,1,1,1,1,1,0,1,1,10
101968,1,0,0,0,0,0,0,0,0,0,0,0,0
101969,1,0,0,1,0,1,0,1,0,1,0,1,9
101970,1,1,1,1,1,0,1,0,0,1,1,1,10
101971,1,0,0,1,1,1,1,0,0,1,0,0,9
101972,1,1,1,1,0,0,1,0,0,0,0,0,6
101973,1,0,0,0,0,0,0,1,1,0,1,1,10
101974,1,1,0,0,0,1,0,0,0,0,0,0,5
101975,1,1,1,1,0,1,1,1,1,1,1,1,10
101976,1,1,1,0,0,0,0,0,0,0,0,0,2
101977,1,1,0,0,0,0,0,0,0,0,0,0,1
101978,1,1,0,0,1,0,0,1,0,0,0,0,7
101979,1,1,1,1,0,0,0,0,0,0,0,0,3
101980,1,1,0,1,1,1,0,0,0,0,0,0,5
101981,1,0,0,0,1,1,0,0,1,0,1,1,10
101982,1,1,1,1,1,1,1,0,1,0,1,1,10
101983,1,0,0,0,0,0,0,0,0,0,0,0,0
101984,1,1,1,1,1,0,0,0,0,0,0,0,4
101985,1,1,0,0,0,0,0,0,0,0,0,0,1
101986,1,0,0,0,0,0,0,0,0,0,0,0,0
101987,1,0,0,0,0,1,0,0,1,0,0,0,8
101988,1,1,1,1,1,1,0,1,1,0,0,0,8
101989,1,0,0,0,0,0,0,0,0,0,0,0,0
101990,1,0,0,0,0,0,0,0,0,0,0,0,0
101991,1,0,0,0,0,0,0,0,0,0,0,0,0
101992,1,1,1,1,0,0,0,0,1,1,1,1,10
101993,1,1,0,0,0,0,0,0,0,0,0,0,1
101994,1,1,1,1,1,1,1,1,1,1,1,0,10
101995,1,0,0,0,0,0,0,0,0,0,0,0,0
101996,1,0,0,0,0,0,0,0,0,0,0,0,0
101997,1,1,1,0,0,1,1,1,1,1,1,1,10
101998,1,1,0,1,1,1,0,1,1,1,0,1,9
101999,1,0,0,0,0,0,0,0,0,0,0,0,0
102000,1,0,0,0,0,0,0,0,0,0,0,0,0
102001,1,0,0,0,0,0,1,0,1,0,0,0,8
102002,1,0,0,0,0,0,0,0,0,0,0,0,0
102003,1,0,0,0,0,0,0,0,0,0,0,0,0
102004,1,1,1,0,0,0,0,0,0,0,0,0,2
102005,1,0,0,0,0,0,1,1,1,0,0,0,8
102006,1,0,1,1,1,0,1,1,1,1,1,0,10
102007,1,0,0,0,0,0,0,0,1,1,0,0,9
102008,1,1,0,0,0,1,1,1,1,1,1,1,10
102009,1,1,0,0,0,0,1,0,0,0,0,0,6
102010,1,1,1,1,1,1,1,1,1,1,1,1,10
102011,1,0,0,0,0,0,0,0,0,0,0,0,0
102012,1,0,0,1,1,0,0,0,0,1,0,1,9
102013,1,1,1,1,1,1,1,1,1,0,1,1,10
102014,1,0,0,0,0,0,0,0,0,0,0,0,0
102015,1,1,0,0,0,0,0,0,0,0,0,0,1
102016,1,0,1,0,0,1,0,0,0,0,0,0,5
102017,1,1,1,1,0,0,1,1,1,1,0,0,9
102018,1,0,0,1,0,1,1,1,1,1,1,1,10
102019,1,0,0,0,0,0,0,0,0,0,0,0,0
102020,1,0,0,0,0,0,0,0,0,0,0,0,0
102021,1,1,1,1,1,1,1,1,1,1,1,1,10
102022,1,0,1,1,0,1,1,0,1,1,1,1,10
102023,1,0,0,0,0,1,0,0,0,1,0,1,9
102024,1,1,0,1,1,1,0,1,0,1,1,1,10
102025,1,0,0,0,0,0,0,0,0,0,0,0,0
102026,1,0,0,0,0,0,0,0,0,0,0,0,0
102027,1,0,0,0,0,0,0,0,0,0,0,0,0
102028,1,1,1,1,1,1,0,0,0,0,0,0,5
102029,1,1,1,1,0,1,1,1,1,1,1,1,10
102030,1,1,1,0,0,0,0,0,0,0,0,1,2
102031,1,1,1,0,0,0,0,0,0,0,0,0,2
102032,1,1,0,0,0,0,0,0,0,0,0,0,1
102033,1,1,1,1,0,0,0,0,0,0,0,0,3
102034,1,1,1,0,0,0,0,0,0,0,0,0,2
102035,1,1,0,0,0,0,0,0,0,0,0,0,1
102036,1,1,1,1,0,0,0,0,0,0,0,0,3
102037,1,1,0,0,0,0,0,0,0,0,0,0,1
102038,1,0,1,0,0,0,1,0,0,0,0,0,6
102039,1,1,0,0,0,0,0,0,0,0,0,0,1
102040,1,1,0,0,0,0,0,0,0,0,0,0,1
102041,1,1,1,1,1,1,0,0,0,0,0,0,5
102042,1,0,1,1,1,0,0,0,0,0,0,0,4
102043,1,0,0,0,0,0,0,0,0,0,0,0,0
102044,1,0,0,0,1,1,0,0,0,0,1,0,10
102045,1,0,0,0,0,0,0,0,0,0,0,0,0
102046,1,0,0,1,1,1,1,0,0,0,1,1,10
102047,1,1,0,1,0,1,1,1,0,1,0,0,9
102048,1,1,1,1,0,0,0,0,0,0,0,0,3
102049,1,1,1,0,1,1,0,0,0,0,0,0,5
102050,1,1,1,0,0,0,0,0,0,1,1,0,10
102051,1,0,1,0,1,1,1,1,1,1,1,1,10
102052,1,1,1,0,0,1,1,1,0,0,0,0,7
102053,1,0,0,0,0,0,0,1,1,1,0,0,9
102054,1,1,1,0,1,0,0,0,0,0,0,0,4
102055,1,0,0,0,0,0,1,0,1,0,0,1,8
102056,1,0,0,0,0,0,0,0,0,0,0,0,0
102057,1,0,0,1,0,0,0,0,0,0,0,0,3
102058,1,0,0,0,0,0,0,0,0,0,0,0,0
102059,1,0,0,0,0,0,0,0,0,0,0,0,0
102060,1,1,0,0,1,0,0,0,0,0,0,0,4
102061,1,1,0,0,0,0,0,0,0,0,0,0,1
102062,1,0,0,1,1,0,0,0,0,0,0,0,4
102063,1,0,0,1,0,0,0,0,0,0,0,0,3
102064,1,1,1,0,1,0,1,0,0,1,1,1,10
102065,1,0,0,0,0,1,1,1,1,0,0,0,8
102066,1,1,1,1,1,1,0,1,1,1,1,0,10
102067,1,0,0,0,0,0,0,0,0,0,0,0,0
102068,1,1,0,0,0,0,0,0,1,1,1,0,10
102069,1,1,0,0,1,1,1,1,1,1,1,1,10
102070,1,1,1,0,1,0,0,0,0,0,0,0,4
102071,1,0,0,0,0,0,0,0,0,0,0,0,0
102072,1,0,0,0,0,0,0,0,0,0,0,0,0
102073,1,0,0,0,0,0,0,0,0,0,0,0,0
102074,1,0,0,0,0,0,0,0,0,0,0,0,0
102075,1,1,0,0,0,0,0,0,0,0,0,0,1
102076,1,1,0,0,0,0,0,0,0,0,0,0,1
102077,1,0,0,0,1,0,0,0,0,0,0,0,4
102078,1,1,1,0,0,0,0,0,0,0,0,0,2
102079,1,0,0,0,0,0,0,0,0,0,0,0,0
102080,1,0,0,0,1,0,0,0,0,1,0,0,9
102081,1,1,0,0,1,0,0,0,1,1,0,0,9
102082,1,0,0,0,0,0,0,0,0,0,0,0,0
102083,1,0,1,0,0,0,0,0,0,0,0,0,2
102084,1,0,0,0,0,0,0,0,0,0,0,0,0
102085,1,0,1,1,0,0,0,0,1,0,1,0,10
102086,1,0,0,0,0,0,0,0,0,0,0,0,0
102087,1,0,0,0,0,0,0,0,0,0,0,0,0
102088,1,1,1,1,1,1,0,1,1,1,1,0,10
102089,1,0,0,1,0,0,0,0,0,0,0,0,3
102090,1,0,0,0,1,1,0,0,0,1,0,1,9
102091,1,1,0,0,0,0,0,0,0,0,0,0,1
102092,1,0,0,0,0,0,0,0,0,0,0,0,0
102093,1,0,0,0,0,0,0,0,0,0,0,0,0
102094,1,0,0,0,1,0,1,1,1,0,0,0,8
102095,1,0,0,0,0,0,0,0,0,0,0,0,0
102096,1,1,0,0,0,0,0,0,0,0,0,0,1
102097,1,0,0,0,0,0,0,0,0,0,0,0,0
102098,1,1,1,0,0,1,0,0,0,0,0,0,5
102099,1,0,0,0,0,0,0,0,0,0,0,0,0
102100,1,0,0,0,0,0,0,0,0,0,0,0,0
102101,1,0,0,0,0,0,0,0,0,0,0,0,0
102102,1,0,0,0,0,0,0,0,0,0,0,0,0
102103,1,0,0,0,0,0,0,0,0,0,0,0,0
102104,1,1,1,0,1,1,0,0,1,1,1,1,10
102105,1,0,0,0,0,0,0,0,0,0,0,0,0
102106,1,0,0,0,0,0,0,0,0,0,0,0,0
102107,1,0,0,0,0,0,0,0,0,0,0,0,0
102108,1,0,1,1,1,1,0,0,0,0,1,1,10
102109,1,0,0,0,0,0,0,0,0,0,0,0,0
102110,1,1,1,0,0,0,0,0,0,0,0,0,2
102111,1,0,0,0,0,0,0,0,0,0,0,0,0
102112,1,1,1,1,1,0,0,1,1,1,1,0,10
102113,1,1,1,0,1,1,1,1,1,1,1,0,10
102114,1,0,0,0,0,0,0,0,0,0,0,0,0
102115,1,0,0,0,0,0,0,0,0,0,0,0,0
102116,1,0,0,0,0,0,0,0,0,0,0,0,0
102117,1,1,0,1,1,0,0,0,0,0,0,0,4
102118,1,0,1,0,0,0,0,0,0,0,0,0,2
102119,1,0,0,0,0,0,0,0,0,0,0,0,0
102120,1,1,0,0,0,0,0,0,0,0,0,0,1
102121,1,0,1,1,0,0,1,1,0,1,1,0,10
102122,1,1,1,1,1,1,1,1,1,1,1,1,10
102123,1,0,0,0,0,0,0,0,0,0,0,0,0
102124,1,0,0,0,0,0,0,0,0,0,0,0,0
102125,1,0,0,0,1,1,1,0,0,0,0,0,6
102126,1,1,0,1,1,1,1,1,0,1,0,0,9
102127,1,1,1,0,0,0,0,0,0,0,0,0,2
102128,1,1,0,0,0,0,0,0,0,0,0,0,1
102129,1,1,0,0,0,0,0,0,0,0,0,0,1
102130,1,0,0,0,1,0,0,0,0,0,0,0,4
102131,1,0,0,0,0,0,0,0,0,0,0,0,0
102132,1,0,0,0,0,0,0,0,0,0,0,0,0
102133,1,0,0,0,1,0,0,0,0,0,0,0,4
102134,1,1,0,0,0,0,0,0,0,0,0,0,1
102135,1,0,0,1,0,0,1,0,0,0,0,0,6
102136,1,0,1,0,0,0,0,0,0,0,0,0,2
102137,1,0,1,0,1,0,0,1,1,1,1,1,10
102138,1,1,0,0,0,0,0,0,0,0,0,0,1
102139,1,1,1,0,0,0,0,0,0,0,0,0,2
102140,1,0,0,0,0,0,0,0,0,0,0,0,0
102141,1,0,0,0,0,0,0,0,0,0,0,0,0
102142,1,0,0,0,0,0,0,0,0,0,0,0,0
102143,1,0,0,0,0,0,0,0,0,0,0,0,0
102144,1,0,0,0,0,0,0,0,0,0,0,0,0
102145,1,0,0,0,0,0,0,0,0,0,0,0,0
102146,1,0,0,0,0,0,0,0,0,0,0,0,0
102147,1,1,0,0,0,0,0,0,0,0,0,0,1
102148,1,0,0,1,1,1,0,0,0,0,0,1,5
102149,1,1,0,0,0,0,0,0,0,0,0,0,1
102150,1,1,0,0,1,1,0,0,1,0,1,0,10
102151,1,1,1,1,1,0,0,0,0,0,0,0,4
102152,1,1,1,0,1,0,0,0,0,0,0,0,4
102153,1,0,0,0,0,0,0,0,0,0,0,0,0
102154,1,1,1,0,1,0,0,0,0,0,0,0,4
102155,1,0,0,0,0,0,0,0,0,0,0,0,0
102156,1,0,0,0,0,0,0,0,0,0,0,0,0
102157,1,0,0,0,0,0,0,0,0,0,0,0,0
102158,1,1,0,0,0,0,0,0,0,0,0,1,1
102159,1,0,0,0,0,0,0,0,0,0,0,0,0
102160,1,1,0,1,1,1,1,1,1,1,1,1,10
102161,1,0,0,0,0,0,0,0,0,0,0,0,0
102162,1,0,0,0,0,0,0,0,0,0,0,0,0
102163,1,0,0,0,0,0,0,0,0,0,0,0,0
102164,1,0,1,0,0,0,0,0,0,0,0,0,2
102165,1,1,1,0,1,0,0,0,0,0,0,0,4
102166,1,0,0,1,1,1,0,1,0,1,0,0,9
102167,1,0,0,0,0,0,0,0,0,0,0,0,0
102168,1,0,0,0,0,0,0,0,0,0,0,0,0
102169,1,0,1,0,0,0,1,0,0,0,0,0,6
102170,1,0,0,0,0,0,0,0,0,0,0,0,0
102171,1,1,1,0,1,0,0,0,0,0,0,0,4
102172,1,0,0,0,0,0,1,1,1,1,1,1,10
102173,1,0,1,0,0,0,0,0,0,0,0,0,2
102174,1,0,0,0,0,0,0,0,0,0,0,0,0
102175,1,0,0,0,0,0,0,0,0,0,0,0,0
102176,1,1,0,0,0,0,0,0,0,1,0,0,9
102177,1,0,0,0,0,0,0,0,0,0,0,0,0
102178,1,0,0,0,0,0,0,0,0,0,0,0,0
102179,1,0,0,0,0,0,0,0,0,0,0,0,0
102180,1,0,0,0,0,0,0,0,0,0,0,0,0
102181,1,0,0,0,0,0,0,0,0,0,0,0,0
102182,1,0,0,0,0,0,0,0,0,0,0,0,0
102183,1,0,0,0,0,0,0,0,0,0,0,0,0
102184,1,0,1,0,0,0,0,0,0,0,0,0,2
102185,1,1,1,1,1,0,0,0,0,0,0,0,4
102186,1,0,0,0,1,0,0,0,0,0,0,0,4
102187,1,1,1,0,0,0,0,0,0,0,0,0,2
102188,1,1,0,0,0,0,0,0,0,0,0,0,1
102189,1,0,1,1,0,0,0,0,0,0,0,0,3
102190,1,0,0,0,0,0,0,0,0,0,0,0,0
102191,1,0,0,0,0,0,0,0,0,0,0,0,0
102192,1,0,0,0,0,0,0,0,0,0,0,0,0
102193,1,0,0,0,0,0,0,0,0,0,0,0,0
102194,1,0,0,0,0,0,0,0,0,0,0,0,0
102195,1,0,0,0,0,0,0,0,0,0,0,0,0
102196,1,0,0,0,0,0,0,0,0,0,0,0,0
102197,1,0,0,0,0,0,0,0,0,0,0,0,0
102198,1,1,1,1,1,1,1,1,1,1,0,0,9
102199,1,1,0,1,1,1,1,1,1,1,1,1,10
102200,1,1,1,1,1,1,1,1,1,0,0,0,8
102201,1,0,0,0,0,0,0,0,0,0,0,0,0
102202,1,1,1,0,0,0,0,0,0,0,0,0,2
102203,1,0,0,0,0,0,0,0,0,0,0,0,0
102204,1,0,0,0,0,0,0,0,0,0,0,0,0
102205,1,1,1,0,0,0,0,0,0,0,0,0,2
102206,1,0,0,0,0,1,0,0,0,0,0,0,5
102207,1,0,0,0,0,0,0,0,0,0,0,0,0
102208,1,0,0,0,0,0,0,0,0,0,0,0,0
102209,1,0,0,0,1,0,1,1,1,1,1,0,10
102210,1,0,1,1,0,0,0,0,0,0,0,0,3
102211,1,1,0,0,0,0,0,0,0,1,0,0,9
102212,1,1,0,0,0,0,0,0,0,0,0,0,1
102213,1,0,1,1,0,0,0,0,0,0,0,0,3
102214,1,0,0,0,0,0,0,0,0,0,0,0,0
102215,1,1,0,0,0,0,0,0,1,0,0,0,8
102216,1,1,1,1,1,1,1,1,1,1,1,1,10
102217,1,0,0,0,0,0,0,0,0,0,0,0,0
102218,1,1,0,0,0,0,0,0,0,0,0,0,1
102219,1,1,1,1,1,1,1,1,0,0,0,1,7
102220,1,1,1,1,1,1,1,1,1,1,1,0,10
102221,1,1,0,0,0,0,0,0,0,0,0,0,1
102222,1,1,1,1,1,1,1,1,1,1,1,0,10
102223,1,1,1,1,1,1,1,1,0,1,1,1,10
102224,1,1,1,1,1,1,1,1,1,1,1,1,10
102225,1,1,0,0,0,1,1,1,1,1,1,0,10
102226,1,1,1,0,1,0,1,0,1,1,0,0,9
102227,1,1,1,0,0,0,0,0,0,0,0,0,2
102228,1,1,1,1,1,1,1,1,1,1,1,1,10
102229,1,1,1,1,1,1,1,1,0,0,0,0,7
102230,1,1,0,0,1,1,0,1,1,1,1,0,10
102231,1,1,1,1,1,0,1,0,0,0,0,0,6
102232,1,1,1,1,0,0,0,0,0,0,0,0,3
102233,1,0,0,1,0,0,1,0,0,0,1,0,10
102234,1,0,1,1,1,1,1,0,1,1,1,0,10
102235,1,0,1,1,1,0,1,1,1,1,1,1,10
102236,1,1,1,1,1,1,1,1,1,0,0,0,8
102237,1,1,0,1,0,1,0,0,0,0,0,0,5
102238,1,1,1,1,1,1,1,1,1,1,1,1,10
102239,1,0,0,0,0,0,0,0,0,0,0,0,0
102240,1,1,1,1,1,1,1,1,0,0,0,0,7
102241,1,1,1,1,0,1,1,1,1,0,0,0,8
102242,1,1,1,1,1,1,1,1,1,1,1,1,10
102243,1,0,1,1,0,0,0,0,0,0,0,0,3
102244,1,0,0,0,0,0,0,0,0,0,0,0,0
102245,1,0,0,0,0,0,0,0,0,0,0,0,0
102246,1,0,0,0,1,0,0,0,0,0,0,0,4
102247,1,0,1,1,1,1,1,1,1,1,1,0,10
102248,1,1,1,1,1,1,1,1,1,1,0,1,9
102249,1,1,1,1,1,1,0,1,1,0,0,1,8
102250,1,1,1,1,1,1,1,1,1,1,1,1,10
102251,1,0,0,0,0,0,0,0,0,0,0,0,0
102252,1,0,0,0,0,0,0,0,0,0,0,0,0
102253,1,1,0,0,0,0,0,0,0,0,0,0,1
102254,1,1,0,0,0,0,0,0,0,0,0,0,1
102255,1,1,1,1,1,0,1,1,0,0,0,0,7
102256,1,1,0,0,0,0,0,0,0,0,0,0,1
102257,1,0,0,1,0,0,0,0,0,0,0,0,3
102258,1,0,0,0,0,0,0,0,0,0,0,0,0
102259,1,1,1,1,1,1,1,1,1,1,1,1,10
102260,1,1,0,1,0,0,0,1,1,1,0,0,9
102261,1,1,1,1,1,1,0,1,0,0,0,0,7
102262,1,1,0,0,0,0,0,0,0,0,0,0,1
102263,1,0,0,1,0,1,1,0,1,1,1,1,10
102264,1,0,0,0,0,0,0,0,0,0,0,0,0
102265,1,0,1,0,1,0,0,0,1,1,1,1,10
102266,1,0,0,0,0,0,0,0,0,0,0,0,0
102267,1,0,0,0,0,0,0,0,0,0,0,0,0
102268,1,1,0,0,0,0,0,0,0,0,0,0,1
102269,1,1,1,1,1,1,0,0,0,0,0,0,5
102270,1,1,0,1,1,0,1,1,1,0,1,0,10
102271,1,0,0,0,1,0,1,0,0,0,0,0,6
102272,1,1,0,0,0,0,0,0,0,0,0,0,1
102273,1,1,1,1,1,1,1,1,1,0,1,0,10
102274,1,1,1,1,0,1,0,0,1,1,1,0,10
102275,1,1,1,1,1,0,0,0,0,0,0,0,4
102276,1,1,1,1,1,0,1,1,1,1,1,1,10
102277,1,0,0,0,0,0,0,0,0,0,0,0,0
102278,1,1,0,0,0,1,0,0,0,0,0,1,5
102279,1,1,0,1,0,0,0,1,0,0,0,0,7
102280,1,1,0,1,1,1,0,1,0,1,1,0,10
102281,1,1,0,0,0,0,0,0,0,0,0,0,1
102282,1,1,1,1,1,1,1,1,1,0,1,1,10
102283,1,1,1,1,1,1,1,1,1,1,1,0,10
102284,1,0,0,0,0,0,0,0,0,0,0,0,0
102285,1,1,1,1,1,1,1,1,1,0,0,0,8
102286,1,0,0,0,0,0,0,0,0,0,0,0,0
102287,1,1,1,0,0,0,0,1,0,0,0,0,7
102288,1,1,1,1,1,1,1,0,0,0,0,0,6
102289,1,1,0,1,0,0,0,0,0,0,0,0,3
102290,1,1,1,0,0,0,0,0,0,0,0,0,2
102291,1,1,1,1,1,1,1,1,1,1,1,0,10
102292,1,1,0,0,0,0,0,0,0,0,0,0,1
102293,1,1,0,0,0,0,0,0,0,0,0,0,1
102294,1,0,0,0,0,0,0,0,0,0,0,0,0
102295,1,1,1,1,1,1,0,0,0,0,0,0,5
102296,1,0,0,0,0,0,0,0,0,0,0,0,0
102297,1,0,1,1,0,0,0,0,0,0,0,0,3
102298,1,0,0,0,0,0,0,0,0,1,1,1,10
102299,1,0,1,0,0,0,0,0,0,0,0,0,2
102300,1,0,0,0,0,0,0,0,0,0,0,0,0
102301,1,1,1,1,0,0,0,0,0,0,0,0,3
102302,1,1,1,1,1,0,0,0,0,0,0,0,4
102303,1,1,1,0,1,0,0,0,0,0,0,0,4
102304,1,0,1,0,0,0,0,0,0,0,0,0,2
102305,1,1,1,1,1,1,1,1,0,0,0,0,7
102306,1,0,0,0,0,0,0,0,0,0,0,0,0
102307,1,1,1,0,0,0,0,0,0,0,0,0,2
102308,1,0,0,0,0,0,0,0,0,0,0,0,0
102309,1,1,0,1,0,1,1,1,1,1,1,1,10
102310,1,1,1,1,1,1,1,1,0,0,0,0,7
102311,1,0,0,1,0,0,0,1,0,1,0,1,9
102312,1,1,1,1,1,1,1,1,0,1,1,1,10
102313,1,1,1,0,1,0,0,0,0,0,0,0,4
102314,1,1,1,1,1,0,1,1,0,0,0,0,7
102315,1,0,1,1,1,0,0,0,0,0,0,0,4
102316,1,0,0,0,0,1,1,0,0,0,0,1,6
102317,1,0,0,0,0,0,0,0,0,0,0,0,0
102318,1,1,1,1,1,1,1,0,1,0,1,1,10
102319,1,1,1,0,0,0,0,0,0,0,0,0,2
102320,1,0,0,0,0,0,1,0,1,1,0,0,9
102321,1,1,1,1,0,1,0,0,0,0,0,0,5
102322,1,0,1,0,1,1,1,1,1,1,0,1,9
102323,1,1,1,1,0,1,1,1,1,1,1,1,10
102324,1,1,1,1,1,1,1,1,1,1,1,0,10
102325,1,0,0,0,0,0,0,1,0,0,0,0,7
102326,1,0,0,1,1,0,1,0,1,1,0,0,9
102327,1,0,0,0,0,0,0,0,0,0,0,0,0
102328,1,1,1,1,1,1,1,0,1,1,1,1,10
102329,1,1,0,0,0,0,0,0,0,0,0,0,1
102330,1,0,0,0,0,1,1,1,1,0,1,0,10
102331,1,0,1,1,0,0,0,0,0,0,0,0,3
102332,1,1,0,0,0,0,0,0,0,0,0,0,1
102333,1,0,0,0,0,0,0,0,0,0,0,0,0
102334,1,1,1,1,1,1,1,1,1,1,1,1,10
102335,1,0,1,0,0,0,0,0,0,0,0,0,2
102336,1,0,0,0,0,0,0,0,0,0,0,0,0
102337,1,1,1,0,0,0,0,0,0,0,0,0,2
102338,1,1,1,1,1,1,1,1,1,1,1,0,10
102339,1,1,1,1,1,1,0,1,0,0,0,0,7
102340,1,0,0,0,0,0,0,0,0,0,0,0,0
102341,1,0,0,0,0,0,0,0,0,0,0,0,0
102342,1,0,0,0,0,0,0,0,0,0,0,0,0
102343,1,0,0,0,0,0,0,0,0,0,0,0,0
102344,1,0,0,0,0,0,0,0,0,0,0,0,0
102345,1,0,0,0,0,0,0,0,0,0,0,0,0
102346,1,0,1,1,1,1,1,1,1,1,0,1,9
102347,1,1,1,1,1,1,0,1,1,1,1,1,10
102348,1,0,1,0,0,0,0,0,0,0,0,0,2
102349,1,1,0,0,0,0,0,1,1,1,0,1,9
102350,1,0,0,0,0,0,0,0,0,0,0,0,0
102351,1,0,1,0,0,0,0,0,0,0,0,0,2
102352,1,1,1,1,1,0,0,0,0,0,0,1,4
102353,1,0,0,0,0,0,0,0,0,0,0,0,0
102354,1,0,0,0,1,0,1,0,0,0,0,0,6
102355,1,1,1,1,1,1,0,0,1,0,0,0,8
102356,1,1,1,1,0,0,0,0,0,0,0,0,3
102357,1,0,0,0,0,0,0,0,0,0,0,0,0
102358,1,1,0,1,1,1,0,0,0,0,0,0,5
102359,1,1,1,1,1,1,1,1,1,1,0,1,9
102360,1,0,0,0,0,0,0,0,0,0,0,0,0
102361,1,1,1,1,1,1,1,1,1,1,1,1,10
102362,1,1,1,1,0,0,0,1,0,1,1,0,10
102363,1,0,0,0,0,0,0,0,0,0,0,0,0
102364,1,0,0,0,0,0,0,0,0,0,0,0,0
102365,1,1,0,1,1,1,0,0,1,0,0,0,8
102366,1,0,0,0,0,0,0,0,0,0,0,0,0
102367,1,0,0,0,0,1,0,0,0,0,0,0,5
102368,1,1,1,0,1,0,1,0,0,1,1,0,10
102369,1,0,0,0,0,0,0,0,0,0,0,0,0
102370,1,0,0,0,0,0,0,0,0,0,0,0,0
102371,1,1,1,1,1,1,1,1,1,0,1,0,10
102372,1,0,0,0,0,0,0,0,0,0,0,0,0
102373,1,1,1,0,0,0,0,0,0,0,0,0,2
102374,1,0,0,0,0,0,0,0,0,0,0,0,0
102375,1,1,1,1,1,1,1,1,0,0,0,0,7
102376,1,1,0,0,0,0,0,0,0,0,0,0,1
102377,1,0,0,0,0,0,0,0,0,0,0,0,0
102378,1,1,0,0,0,0,0,0,0,0,0,0,1
102379,1,1,1,1,1,1,1,1,1,1,1,1,10
102380,1,1,1,0,0,1,0,0,0,0,0,0,5
102381,1,1,1,1,0,0,1,1,1,1,1,1,10
102382,1,1,1,1,1,1,0,1,0,0,0,0,7
102383,1,1,1,1,1,1,1,1,1,1,1,1,10
102384,1,1,1,1,0,1,1,1,1,0,1,0,10
102385,1,0,0,0,0,0,0,0,0,0,0,0,0
102386,1,1,0,0,0,0,0,0,0,0,0,0,1
102387,1,0,0,0,0,0,0,0,0,0,0,0,0
102388,1,1,1,1,1,1,1,1,0,0,0,0,7
102389,1,1,0,0,0,0,0,0,0,0,0,0,1
102390,1,1,1,1,0,0,0,0,0,0,0,0,3
102391,1,0,0,0,0,0,0,0,0,0,0,0,0
102392,1,0,0,0,0,0,0,0,0,0,0,0,0
102393,1,0,1,1,1,1,0,0,0,1,1,1,10
102394,1,0,0,0,0,0,0,0,0,0,0,0,0
102395,1,1,0,1,0,0,0,0,0,0,0,0,3
102396,1,1,0,1,1,1,1,1,1,1,0,1,9
102397,1,0,0,0,0,0,0,0,0,0,0,0,0
102398,1,0,0,0,0,0,1,1,1,0,0,0,8
102399,1,1,1,1,0,0,0,0,0,0,0,0,3
102400,1,1,0,0,0,0,0,0,0,0,0,0,1
102401,1,1,1,1,0,0,0,0,0,0,0,0,3
102402,1,0,1,0,0,0,0,0,0,0,0,0,2
102403,1,1,1,1,1,1,0,1,1,0,0,0,8
102404,1,1,1,1,1,1,0,0,0,0,0,0,5
102405,1,0,0,0,0,0,0,0,0,0,0,0,0
102406,1,0,0,0,0,0,0,0,0,0,0,0,0
102407,1,1,0,1,1,0,0,0,0,0,0,0,4
102408,1,0,0,1,0,0,0,0,0,0,0,0,3
102409,1,1,1,0,0,0,0,0,0,0,1,1,10
102410,1,0,0,1,0,0,0,0,0,0,0,0,3
102411,1,1,1,0,0,0,0,0,1,0,0,0,8
102412,1,0,0,0,0,0,0,0,0,0,0,0,0
102413,1,1,0,0,0,0,0,0,0,0,0,0,1
102414,1,0,0,0,0,0,0,0,0,0,0,0,0
102415,1,0,0,0,0,0,0,0,0,0,0,0,0
102416,1,1,1,1,1,1,1,1,1,0,1,0,10
102417,1,0,0,1,1,1,0,0,0,0,0,0,5
102418,1,1,1,1,0,0,0,0,0,0,0,0,3
102419,1,0,1,0,0,0,0,0,0,0,0,0,2
102420,1,1,1,1,1,1,1,1,1,0,1,1,10
102421,1,0,0,0,1,1,1,1,0,0,0,0,7
102422,1,0,0,0,0,0,0,0,0,0,0,0,0
102423,1,1,0,1,0,0,0,0,0,0,0,0,3
102424,1,0,0,0,0,0,0,0,0,0,0,0,0
102425,1,1,1,1,0,1,1,1,1,1,1,0,10
102426,1,1,1,1,1,0,1,1,1,0,0,0,8
102427,1,1,1,0,1,0,1,1,0,0,1,1,10
102428,1,1,0,1,1,0,0,0,0,0,0,0,4
102429,1,0,0,0,0,0,0,0,0,0,0,0,0
102430,1,0,0,0,0,0,0,0,0,0,0,0,0
102431,1,0,0,0,0,0,0,0,0,0,0,0,0
102432,1,1,1,0,0,0,0,0,0,0,0,0,2
102433,1,1,1,0,0,0,0,0,0,0,1,1,10
102434,1,1,1,1,0,1,1,0,0,0,0,0,6
102435,1,0,0,1,0,1,0,0,1,1,0,1,9
102436,1,1,0,0,0,0,0,0,0,0,0,0,1
102437,1,0,0,0,0,0,0,0,0,0,0,0,0
102438,1,0,0,0,1,0,0,0,0,0,0,0,4
102439,1,0,0,0,0,0,0,0,0,0,0,0,0
102440,1,1,1,1,1,1,1,1,1,1,1,0,10
102441,1,1,1,0,0,0,0,0,0,0,0,0,2
102442,1,0,1,1,1,1,0,1,1,1,1,1,10
102443,1,1,0,1,0,0,0,0,1,1,0,0,9
102444,1,0,0,0,0,0,0,0,0,0,0,0,0
102445,1,1,1,1,1,1,1,1,1,1,1,1,10
102446,1,1,1,1,1,1,1,1,1,1,0,0,9
102447,1,1,0,0,1,0,0,0,0,0,0,0,4
102448,1,0,0,0,0,0,0,0,0,0,0,0,0
102449,1,0,0,0,0,0,0,0,0,0,0,0,0
102450,1,0,0,1,0,0,1,0,0,0,0,0,6
102451,1,0,1,1,1,1,0,0,0,1,0,0,9
102452,1,0,0,0,0,0,0,0,0,0,0,0,0
102453,1,0,0,0,0,0,1,0,1,1,1,0,10
102454,1,0,1,0,0,0,1,0,1,1,1,1,10
102455,1,0,0,0,1,0,0,1,0,0,0,0,7
102456,1,0,0,0,0,0,0,0,0,0,0,0,0
102457,1,1,0,0,0,0,0,0,0,0,0,0,1
102458,1,0,0,0,0,0,0,0,0,0,0,0,0
102459,1,0,0,0,0,0,0,0,0,0,0,0,0
102460,1,0,0,0,0,0,0,0,0,0,0,0,0
102461,1,1,1,1,1,1,0,1,1,1,1,0,10
102462,1,0,0,0,0,0,0,0,0,0,0,0,0
102463,1,0,1,1,0,1,1,1,1,1,0,1,9
102464,1,0,0,1,0,0,0,0,0,0,0,0,3
102465,1,0,0,0,0,0,0,0,0,1,0,0,9
102466,1,1,1,1,1,1,1,1,1,1,1,0,10
102467,1,1,1,1,1,1,0,1,1,1,1,0,10
102468,1,1,1,1,1,1,1,1,1,1,1,0,10
102469,1,1,0,0,0,0,0,0,0,0,0,0,1
102470,1,0,1,0,0,0,0,0,0,0,0,0,2
102471,1,0,0,0,0,0,0,0,0,0,0,0,0
102472,1,0,0,0,0,0,0,0,0,0,0,0,0
102473,1,0,0,0,0,0,0,0,0,0,0,0,0
102474,1,0,1,0,1,0,0,0,0,0,0,0,4
102475,1,1,0,0,1,1,1,0,0,0,0,0,6
102476,1,1,1,1,1,1,1,1,1,1,0,1,9
102477,1,0,0,0,0,1,1,0,0,0,0,0,6
102478,1,1,1,0,0,0,0,0,0,0,0,0,2
102479,1,0,1,1,0,1,0,1,0,1,1,0,10
102480,1,0,0,0,0,0,0,1,1,1,0,0,9
102481,1,0,0,1,1,0,0,0,0,0,0,0,4
102482,1,1,1,1,1,1,1,0,0,0,1,1,10
102483,1,0,0,1,1,1,0,1,0,0,0,0,7
102484,1,0,1,1,1,1,1,1,1,1,1,0,10
102485,1,1,0,0,0,1,0,1,1,0,0,0,8
102486,1,0,0,0,0,0,0,0,0,0,0,0,0
102487,1,0,0,0,0,1,1,1,1,0,0,0,8
102488,1,0,1,1,1,1,0,0,0,1,0,1,9
102489,1,0,0,0,0,0,0,1,0,0,0,0,7
102490,1,0,0,0,0,0,0,0,0,0,0,0,0
102491,1,1,0,0,0,0,0,0,0,0,0,0,1
102492,1,1,1,1,1,0,1,1,1,0,0,0,8
102493,1,1,0,0,0,0,0,0,0,0,0,0,1
102494,1,0,0,0,0,0,0,0,0,0,0,0,0
102495,1,1,1,0,0,0,1,1,0,1,1,0,10
102496,1,1,1,1,0,0,0,0,0,0,0,0,3
102497,1,0,0,0,0,0,0,0,0,0,0,0,0
102498,1,0,0,0,0,0,0,0,0,0,0,0,0
102499,1,0,0,0,0,0,0,0,0,0,0,0,0
102500,1,0,0,0,0,0,0,0,0,0,0,0,0
102501,1,0,0,0,0,0,0,0,0,0,0,0,0
102502,1,0,0,0,0,0,0,0,0,0,0,0,0
102503,1,1,0,0,0,0,0,0,0,0,0,0,1
102504,1,1,0,0,1,1,1,1,1,1,1,1,10
102505,1,1,0,1,1,1,1,1,0,0,0,0,7
102506,1,1,0,0,0,0,0,0,0,0,0,0,1
102507,1,0,0,0,0,0,0,0,0,0,0,0,0
102508,1,1,1,1,1,1,0,1,0,1,0,0,9
102509,1,0,0,1,0,0,0,0,0,0,0,0,3
102510,1,1,1,0,0,0,0,0,0,0,0,0,2
102511,1,0,0,0,0,0,0,0,0,0,0,0,0
102512,1,1,1,0,0,0,0,0,0,0,0,0,2
102513,1,0,0,0,0,0,0,1,0,0,0,0,7
102514,1,0,0,0,0,0,0,0,0,0,0,0,0
102515,1,0,0,0,0,0,0,0,0,0,0,0,0
102516,1,0,0,0,0,0,0,0,0,0,0,0,0
102517,1,0,0,0,0,0,0,0,0,0,0,0,0
102518,1,0,0,0,0,0,0,0,0,0,0,0,0
102519,1,0,0,0,0,0,0,0,0,0,0,0,0
102520,1,0,0,0,0,0,0,0,0,0,0,0,0
102521,1,1,1,1,1,1,1,1,1,1,1,0,10
102522,1,0,0,0,0,0,0,0,0,0,0,0,0
102523,1,1,1,1,0,0,0,1,1,0,1,1,10
102524,1,0,0,0,0,0,0,0,0,0,0,0,0
102525,1,1,0,1,0,0,0,0,0,0,0,0,3
102526,1,0,0,0,0,0,0,0,0,0,0,0,0
102527,1,1,1,1,1,0,0,0,1,1,0,1,9
102528,1,0,0,0,0,0,1,1,1,0,0,1,8
102529,1,0,0,0,0,0,0,0,0,0,0,0,0
102530,1,1,1,1,1,1,0,1,0,1,0,1,9
102531,1,0,0,0,0,0,0,0,0,0,0,0,0
102532,1,1,1,1,0,0,0,0,0,0,0,0,3
102533,1,1,0,1,1,1,1,1,1,1,1,1,10
102534,1,1,1,1,0,0,1,1,1,0,0,0,8
102535,1,1,0,0,0,0,0,0,0,0,0,0,1
102536,1,0,0,0,0,0,0,0,0,0,0,0,0
102537,1,0,0,0,0,0,0,0,0,0,0,0,0
102538,1,1,0,0,1,0,0,0,0,0,0,0,4
102539,1,1,0,0,0,0,0,0,0,0,0,0,1
102540,1,0,0,0,0,0,0,0,0,0,0,0,0
102541,1,0,0,0,0,0,0,0,0,0,0,0,0
102542,1,0,0,0,0,0,0,0,0,0,0,0,0
102543,1,0,0,0,0,0,0,0,0,0,0,0,0
102544,1,0,1,0,0,0,0,0,0,0,0,0,2
102545,1,1,0,0,0,0,0,0,0,0,0,0,1
102546,1,1,1,0,0,0,0,0,0,0,0,0,2
102547,1,0,0,0,0,0,0,0,0,0,0,0,0
102548,1,0,0,0,0,0,0,0,0,0,0,0,0
102549,1,1,1,1,0,1,1,1,1,1,1,1,10
102550,1,1,1,1,0,1,0,0,0,0,0,1,5
102551,1,1,1,1,0,0,0,0,0,0,0,0,3
102552,1,0,0,0,0,0,0,0,0,0,0,0,0
102553,1,1,1,1,0,0,0,0,0,0,0,0,3
102554,1,1,1,1,0,0,1,1,1,1,0,0,9
102555,1,0,0,0,0,0,0,0,0,0,0,0,0
102556,1,0,0,0,0,0,0,0,0,0,0,0,0
102557,1,0,0,0,0,0,0,0,0,0,0,0,0
102558,1,1,1,0,0,0,0,0,0,0,0,0,2
102559,1,0,0,0,0,0,0,0,0,0,0,0,0
102560,1,0,0,1,1,0,0,0,0,0,0,0,4
102561,1,1,0,0,0,0,0,0,0,0,0,0,1
102562,1,1,1,1,1,1,0,0,0,0,0,0,5
102563,1,1,1,1,1,1,1,1,1,1,1,1,10
102564,1,1,1,0,0,0,0,0,0,0,0,0,2
102565,1,1,0,0,0,0,0,0,0,0,0,0,1
102566,1,1,1,1,0,0,0,0,0,0,0,0,3
102567,1,1,1,1,1,1,1,0,0,0,0,0,6
102568,1,1,1,1,1,1,1,1,1,1,1,1,10
102569,1,1,1,1,1,1,1,1,1,1,1,1,10
102570,1,0,0,0,0,0,0,0,0,0,0,0,0
102571,1,1,1,1,1,0,0,0,0,0,0,0,4
102572,1,0,1,1,1,0,1,0,0,0,0,0,6
102573,1,0,0,1,1,0,1,1,1,1,0,0,9
102574,1,1,1,1,1,1,1,1,1,1,1,1,10
102575,1,1,1,1,1,1,1,0,0,1,0,1,9
102576,1,1,1,1,0,0,0,0,0,0,0,0,3
102577,1,0,0,0,0,0,0,0,0,0,0,0,0
102578,1,0,0,0,0,0,0,0,0,0,0,0,0
102579,1,0,0,0,0,0,0,0,0,0,0,0,0
102580,1,1,0,0,0,0,0,0,0,0,0,0,1
102581,1,1,0,0,0,0,0,0,0,1,0,1,9
102582,1,0,0,0,0,0,1,0,1,1,1,0,10
102583,1,0,0,1,0,0,0,0,0,0,0,0,3
102584,1,1,0,1,0,0,0,0,0,0,0,0,3
102585,1,1,1,0,1,0,0,0,0,0,0,0,4
102586,1,1,1,0,0,1,0,1,1,0,1,1,10
102587,1,0,0,0,0,0,0,0,0,0,0,0,0
102588,1,1,1,1,1,0,0,0,0,0,0,0,4
102589,1,0,1,1,0,1,0,0,0,0,0,0,5
102590,1,0,0,0,0,0,0,0,0,0,0,0,0
102591,1,0,0,0,1,1,1,0,0,0,0,0,6
102592,1,0,0,0,0,0,0,0,0,0,0,0,0
102593,1,1,0,1,1,1,0,1,0,1,1,0,10
102594,1,0,0,0,0,0,0,0,0,0,0,0,0
102595,1,1,1,1,1,1,0,0,0,0,0,0,5
102596,1,1,0,0,0,0,0,0,0,0,0,0,1
102597,1,0,0,0,0,0,0,0,0,0,0,0,0
102598,1,0,0,0,0,0,0,0,0,0,0,0,0
102599,1,1,1,0,0,0,0,0,0,0,0,0,2
102600,1,1,0,0,0,0,0,0,0,0,0,0,1
102601,1,0,0,0,0,0,0,0,0,0,0,0,0
102602,1,1,0,0,0,0,0,0,0,0,0,0,1
102603,1,1,1,0,0,0,0,0,0,0,0,0,2
102604,1,0,0,0,0,0,0,0,0,0,0,0,0
102605,1,0,1,0,1,1,1,0,1,1,0,1,9
102606,1,0,0,0,0,0,0,0,0,0,0,0,0
102607,1,0,0,0,0,0,0,0,0,0,0,0,0
102608,1,1,0,0,0,0,0,0,0,0,0,0,1
102609,1,1,1,1,1,1,1,1,1,1,1,0,10
102610,1,0,0,0,0,0,0,0,0,0,0,0,0
102611,1,1,0,0,0,0,0,0,0,0,0,0,1
102612,1,1,1,1,1,1,1,1,1,1,0,1,9
102613,1,0,0,0,0,0,0,0,0,0,0,0,0
102614,1,0,1,1,1,1,1,0,0,0,0,0,6
102615,1,1,1,0,0,0,0,0,0,0,0,0,2
102616,1,1,1,1,1,0,1,1,1,1,1,0,10
102617,1,0,0,0,0,0,0,0,0,0,0,0,0
102618,1,0,0,0,0,0,0,0,0,0,0,0,0
102619,1,0,0,0,0,0,0,1,0,0,0,0,7
102620,1,1,1,1,1,1,0,1,1,1,1,0,10
102621,1,1,1,1,1,1,1,1,1,0,0,0,8
102622,1,0,0,0,0,0,0,0,0,0,0,0,0
102623,1,1,1,1,0,1,0,1,1,1,1,1,10
102624,1,0,1,1,1,0,0,0,1,1,0,0,9
102625,1,1,1,1,1,1,0,0,0,1,0,1,9
102626,1,0,0,0,0,0,0,0,0,0,0,0,0
102627,1,0,0,0,0,1,0,1,1,1,1,1,10
102628,1,1,1,1,1,1,1,1,1,1,1,0,10
102629,1,1,1,1,1,1,1,1,1,0,0,0,8
102630,1,1,1,0,1,1,1,1,1,0,1,0,10
102631,1,0,0,0,0,0,0,0,0,0,0,0,0
102632,1,0,0,0,1,1,0,0,0,0,1,0,10
102633,1,1,1,1,1,1,1,1,1,1,1,1,10
102634,1,0,0,0,0,0,0,0,0,0,0,0,0
102635,1,0,0,0,0,0,0,0,0,1,0,0,9
102636,1,0,0,0,0,0,0,0,0,0,0,0,0
102637,1,0,0,0,1,0,1,0,0,0,0,1,6
102638,1,0,1,0,0,0,0,0,0,0,0,0,2
102639,1,1,1,1,0,0,0,0,0,0,0,0,3
102640,1,1,0,0,1,0,0,0,0,0,0,0,4
102641,1,1,0,0,0,0,0,0,0,0,0,0,1
102642,1,0,0,0,0,0,0,0,0,0,0,0,0
102643,1,1,1,1,0,1,1,1,0,1,1,0,10
102644,1,0,0,0,0,0,0,0,1,0,1,0,10
102645,1,1,1,1,1,1,0,1,1,1,1,0,10
102646,1,1,1,1,1,1,1,1,1,1,0,1,9
102647,1,1,0,0,0,0,0,0,0,0,0,0,1
102648,1,0,0,1,0,0,0,0,0,0,0,0,3
102649,1,0,0,0,0,0,0,0,0,0,0,0,0
102650,1,1,0,0,0,0,0,0,0,0,0,0,1
102651,1,1,0,1,1,1,1,1,1,0,0,0,8
102652,1,1,1,1,1,1,1,1,1,0,1,1,10
102653,1,0,0,0,0,0,0,0,0,0,0,0,0
102654,1,0,0,0,1,0,0,0,0,0,0,0,4
102655,1,1,0,1,1,0,0,0,0,0,0,0,4
102656,1,1,1,0,0,0,0,0,0,0,0,0,2
102657,1,1,0,1,0,0,0,0,0,0,0,0,3
102658,1,1,0,0,0,0,0,0,0,0,0,0,1
102659,1,0,1,1,1,1,0,0,0,0,0,0,5
102660,1,0,0,0,0,0,0,0,0,0,0,0,0
102661,1,1,0,0,0,0,0,0,0,0,0,0,1
102662,1,0,0,0,0,0,0,0,0,0,0,0,0
102663,1,1,0,0,1,1,1,1,1,1,1,0,10
102664,1,0,0,0,0,1,0,1,1,0,0,0,8
102665,1,0,0,0,0,0,0,0,0,0,0,0,0
102666,1,0,0,0,0,0,0,0,0,0,0,0,0
102667,1,1,0,1,0,1,1,0,1,1,0,0,9
102668,1,1,1,0,1,1,1,1,1,1,1,0,10
102669,1,0,0,0,1,1,1,1,1,0,0,1,8
102670,1,1,1,1,1,0,1,1,0,1,0,0,9
102671,1,0,0,0,0,0,0,1,1,1,1,1,10
102672,1,0,0,0,0,0,0,0,0,0,0,0,0
102673,1,0,0,1,1,1,1,1,0,0,0,0,7
102674,1,1,0,0,1,0,0,0,0,0,0,0,4
102675,1,1,0,0,0,0,0,0,1,0,0,0,8
102676,1,1,1,1,1,1,1,0,1,0,1,0,10
102677,1,0,0,0,0,0,0,0,0,0,0,0,0
102678,1,1,0,0,0,0,0,0,0,0,0,0,1
102679,1,0,0,0,0,1,0,1,1,1,1,0,10
102680,1,0,1,0,0,0,0,0,0,0,0,0,2
102681,1,1,1,0,0,0,0,0,0,0,0,0,2
102682,1,1,1,1,1,1,0,1,1,0,0,1,8
102683,1,0,0,0,0,0,0,0,0,0,0,0,0
102684,1,1,0,0,0,1,0,1,0,0,1,1,10
102685,1,0,0,0,0,0,0,0,0,0,0,0,0
102686,1,0,0,0,0,0,0,0,0,0,0,0,0
102687,1,0,0,0,0,0,0,1,0,0,0,0,7
102688,1,0,0,1,0,0,0,0,0,0,0,0,3
102689,1,1,1,1,1,1,0,1,0,0,0,1,7
102690,1,1,0,0,0,0,0,0,0,0,0,0,1
102691,1,1,1,0,0,0,0,0,0,0,0,0,2
102692,1,0,0,0,0,0,0,0,0,0,0,0,0
102693,1,1,1,1,0,0,1,1,1,1,1,1,10
102694,1,1,0,0,0,0,1,1,1,0,1,0,10
102695,1,0,0,0,0,0,0,0,0,0,0,0,0
102696,1,1,0,0,0,0,0,0,1,0,0,0,8
102697,1,0,0,0,0,0,0,0,0,0,0,0,0
102698,1,1,1,0,0,0,0,0,0,0,0,0,2
102699,1,0,0,0,0,0,0,0,0,0,0,0,0
102700,1,0,0,0,0,0,0,0,0,0,0,0,0
102701,1,0,0,0,0,0,0,0,0,0,0,0,0
102702,1,0,0,0,0,0,0,0,0,0,0,0,0
102703,1,0,0,0,0,0,0,0,0,0,0,0,0
102704,1,0,0,0,0,0,0,0,0,0,0,0,0
102705,1,1,0,0,0,0,0,0,0,0,0,0,1
102706,1,0,0,0,0,0,0,0,0,0,0,0,0
102707,1,1,1,1,1,1,1,1,1,1,1,1,10
102708,1,1,0,0,0,1,0,0,0,0,0,0,5
102709,1,1,1,1,1,1,0,0,1,0,0,1,8
102710,1,1,1,1,1,0,1,0,0,0,0,0,6
102711,1,1,1,1,1,1,1,1,1,1,1,0,10
102712,1,0,1,0,0,0,0,1,1,1,0,1,9
102713,1,0,0,0,0,0,0,0,0,0,0,0,0
102714,1,0,0,0,0,0,0,0,0,0,0,0,0
102715,1,1,1,0,0,0,0,0,0,0,0,0,2
102716,1,1,1,1,1,1,1,1,1,1,1,1,10
102717,1,0,0,0,0,0,0,0,0,0,0,0,0
102718,1,1,0,0,0,0,0,0,0,0,0,0,1
102719,1,0,0,0,0,0,0,0,0,0,0,0,0
102720,1,1,1,1,1,0,0,0,0,0,0,0,4
102721,1,0,0,0,0,0,0,0,0,0,0,0,0
102722,1,1,1,1,0,0,0,0,0,0,0,0,3
102723,1,0,0,0,0,0,0,0,0,0,0,0,0
102724,1,0,0,0,0,0,0,0,0,0,0,0,0
102725,1,0,1,1,1,1,0,1,1,1,1,1,10
102726,1,0,0,0,0,0,0,0,0,0,0,0,0
102727,1,1,1,1,1,1,0,1,1,1,1,0,10
102728,1,1,0,1,1,1,1,1,0,1,0,1,9
102729,1,1,0,1,0,1,0,1,0,0,1,0,10
102730,1,1,1,1,0,0,0,0,0,0,0,0,3
102731,1,0,0,0,0,0,0,0,0,0,0,0,0
102732,1,1,1,1,1,0,1,1,1,1,1,1,10
102733,1,0,1,1,1,1,1,1,1,1,1,0,10
102734,1,1,0,1,0,1,0,0,0,0,0,0,5
102735,1,0,0,0,0,0,0,0,0,0,0,0,0
102736,1,1,0,0,0,0,0,0,0,0,0,0,1
102737,1,1,1,1,0,1,0,0,0,0,0,0,5
102738,1,1,0,0,0,0,0,0,0,0,0,0,1
102739,1,0,0,0,0,0,0,0,0,0,0,0,0
102740,1,1,0,0,0,0,0,0,0,0,0,0,1
102741,1,0,0,0,0,0,0,0,0,0,0,0,0
102742,1,1,0,0,0,0,0,0,0,0,0,0,1
102743,1,0,0,0,0,0,0,0,0,0,0,0,0
102744,1,0,0,0,0,0,0,0,0,0,0,0,0
102745,1,0,0,0,0,0,0,0,0,0,0,0,0
102746,1,1,1,1,1,1,1,1,1,1,1,0,10
102747,1,0,0,0,0,0,0,0,0,0,0,0,0
102748,1,1,1,1,1,1,1,1,0,0,0,0,7
102749,1,1,1,1,0,0,0,0,0,0,0,0,3
102750,1,0,0,0,0,0,0,0,0,0,0,0,0
102751,1,0,0,0,0,0,0,0,0,0,0,0,0
102752,1,1,1,1,0,0,0,0,0,0,0,0,3
102753,1,0,0,0,0,0,0,0,0,0,0,0,0
102754,1,1,1,0,0,0,0,0,0,0,0,0,2
102755,1,0,0,0,0,0,0,0,0,0,0,0,0
102756,1,0,0,0,0,0,0,0,0,0,0,0,0
102757,1,0,0,0,0,0,0,0,0,0,0,0,0
102758,1,0,0,0,0,0,0,0,0,0,0,0,0
102759,1,0,0,1,1,1,1,1,1,1,1,1,10
102760,1,1,0,0,1,1,0,0,0,0,0,0,5
102761,1,0,0,0,0,0,0,0,0,0,0,0,0
102762,1,1,1,0,0,0,0,0,0,0,0,0,2
102763,1,1,0,0,0,0,0,0,0,0,0,0,1
102764,1,0,0,0,0,0,0,0,0,0,0,0,0
102765,1,0,0,0,0,0,0,0,0,0,0,0,0
102766,1,0,0,0,0,0,0,0,0,0,0,0,0
102767,1,1,1,1,1,1,1,1,1,0,0,0,8
102768,1,0,1,0,0,0,0,0,0,0,0,0,2
102769,1,0,0,0,0,0,0,0,0,0,0,0,0
102770,1,0,0,0,0,0,0,0,0,0,0,0,0
102771,1,1,1,0,0,0,0,0,0,0,0,0,2
102772,1,0,0,0,0,0,0,0,0,0,0,0,0
102773,1,1,1,0,1,0,0,0,0,0,0,0,4
102774,1,1,0,1,0,1,0,1,1,0,1,0,10
102775,1,1,0,0,0,0,0,0,1,0,0,0,8
102776,1,0,0,0,0,0,0,0,0,0,0,0,0
102777,1,0,0,0,0,0,0,0,0,0,0,0,0
102778,1,1,1,0,1,1,0,0,0,0,0,0,5
102779,1,1,1,1,1,1,1,1,1,1,1,1,10
102780,1,0,0,0,0,0,0,0,0,0,0,0,0
102781,1,0,0,0,0,1,0,0,0,1,1,0,10
102782,1,0,0,0,0,0,0,0,0,0,0,0,0
102783,1,1,0,0,0,0,0,1,0,0,0,0,7
102784,1,1,1,1,1,1,1,1,1,1,1,0,10
102785,1,0,0,0,0,0,0,1,1,0,0,1,8
102786,1,0,0,0,0,0,0,0,0,0,0,0,0
102787,1,0,0,1,0,0,0,0,0,0,0,0,3
102788,1,0,0,0,0,0,0,0,0,0,0,0,0
102789,1,1,1,0,1,0,0,1,1,1,1,1,10
102790,1,0,1,0,0,0,0,1,1,0,0,0,8
102791,1,1,1,1,1,1,1,0,1,0,0,0,8
102792,1,0,0,0,0,0,0,0,0,0,0,0,0
102793,1,0,0,0,0,0,0,0,0,0,0,0,0
102794,1,0,0,0,0,0,0,0,0,0,0,0,0
102795,1,1,1,1,1,1,0,0,0,0,0,0,5
102796,1,1,1,1,1,1,0,0,0,0,0,0,5
102797,1,0,1,1,0,0,0,1,1,0,1,1,10
102798,1,0,0,0,0,0,0,0,0,0,0,0,0
102799,1,1,0,0,0,0,0,0,0,0,0,0,1
102800,1,0,0,0,0,0,0,0,0,0,0,0,0
102801,1,0,1,0,0,0,0,0,0,0,0,0,2
102802,1,1,1,0,1,1,1,1,1,1,0,0,9
102803,1,1,1,1,1,0,0,0,0,0,0,0,4
102804,1,0,0,0,0,0,0,0,0,0,0,0,0
102805,1,0,0,0,0,0,0,0,0,0,0,0,0
102806,1,0,0,0,0,0,0,0,0,1,0,0,9
102807,1,0,1,1,1,1,0,1,1,1,1,0,10
102808,1,0,0,0,0,0,0,0,0,0,0,0,0
102809,1,0,0,0,0,0,0,0,0,0,0,0,0
102810,1,0,0,0,0,0,0,0,0,0,0,0,0
102811,1,0,0,0,0,0,0,0,0,0,0,0,0
102812,1,0,0,0,0,1,1,1,1,1,1,1,10
102813,1,0,0,0,0,0,0,0,0,0,0,0,0
102814,1,0,0,0,0,0,0,0,0,0,0,0,0
102815,1,0,0,0,1,0,0,0,0,0,0,0,4
102816,1,1,1,0,0,0,0,0,0,0,0,0,2
102817,1,0,0,0,0,0,0,0,0,0,0,0,0
102818,1,0,0,0,0,0,0,0,0,0,0,0,0
102819,1,0,0,0,0,0,0,0,0,0,0,0,0
102820,1,0,0,0,0,1,1,1,0,0,0,0,7
102821,1,1,0,0,0,0,0,0,0,0,0,0,1
102822,1,1,1,0,0,0,0,0,0,0,0,0,2
102823,1,0,0,0,0,0,0,0,0,0,0,0,0
102824,1,1,0,0,0,0,0,0,1,1,1,1,10
102825,1,1,1,1,1,1,0,0,1,1,1,1,10
102826,1,0,0,0,0,1,0,0,1,0,0,0,8
102827,1,1,1,1,1,1,1,1,1,1,1,1,10
102828,1,0,0,0,0,0,0,0,0,0,0,0,0
102829,1,1,1,0,0,0,0,0,0,0,0,0,2
102830,1,0,0,0,0,0,0,0,0,1,1,1,10
102831,1,0,0,0,0,0,0,0,0,0,0,0,0
102832,1,0,1,1,1,0,0,0,0,0,0,0,4
102833,1,1,1,1,1,1,1,1,1,0,1,1,10
102834,1,0,0,0,0,0,0,0,0,0,0,0,0
102835,1,1,0,0,1,0,0,0,0,0,0,0,4
102836,1,0,0,0,0,0,0,0,1,1,0,0,9
102837,1,0,0,0,0,0,0,0,0,0,0,0,0
102838,1,0,0,0,0,0,0,0,0,0,0,0,0
102839,1,1,0,0,0,0,0,0,0,0,0,0,1
102840,1,0,0,0,0,0,0,0,0,0,0,0,0
102841,1,0,0,0,0,1,1,1,1,0,1,0,10
102842,1,0,1,1,1,1,1,0,0,0,0,0,6
102843,1,1,1,1,1,1,1,1,1,1,1,1,10
102844,1,0,0,0,0,0,0,0,0,0,0,0,0
102845,1,0,0,0,0,0,0,0,0,0,0,0,0
102846,1,0,1,0,1,0,0,0,0,0,0,0,4
102847,1,1,1,1,1,1,1,1,0,0,0,1,7
102848,1,0,0,0,0,0,0,0,0,0,0,0,0
102849,1,1,1,1,1,1,1,1,1,1,1,1,10
102850,1,1,1,0,0,0,0,0,0,0,0,0,2
102851,1,1,0,0,0,0,1,1,0,0,0,0,7
102852,1,1,0,0,0,0,0,0,0,0,0,0,1
102853,1,1,0,0,0,0,0,0,0,0,0,0,1
102854,1,1,0,0,0,0,0,0,0,0,0,0,1
102855,1,0,1,1,0,1,0,0,0,0,0,0,5
102856,1,0,0,0,0,0,1,0,0,0,0,0,6
102857,1,1,0,0,0,0,0,0,0,0,0,0,1
102858,1,0,0,0,0,0,0,0,0,0,0,0,0
102859,1,0,0,0,0,0,1,0,0,0,0,0,6
102860,1,1,0,1,1,0,1,1,1,1,1,0,10
102861,1,1,1,0,1,1,0,1,1,0,1,0,10
102862,1,1,1,1,0,0,0,0,0,0,0,0,3
102863,1,0,0,0,0,0,0,0,1,0,0,0,8
102864,1,1,0,1,0,0,0,0,0,0,0,0,3
102865,1,1,1,1,1,1,1,1,1,1,1,1,10
102866,1,0,0,0,0,0,0,0,0,0,0,0,0
102867,1,0,0,0,0,0,0,0,0,0,0,0,0
102868,1,0,0,0,0,1,1,0,0,0,0,0,6
102869,1,0,0,0,1,1,0,0,0,0,0,0,5
102870,1,0,1,0,0,1,1,0,1,1,1,1,10
102871,1,0,0,0,1,1,1,1,1,1,0,0,9
102872,1,0,0,0,0,0,0,0,0,0,0,0,0
102873,1,1,1,1,1,1,0,0,0,0,0,0,5
102874,1,1,1,1,1,1,1,0,0,0,1,1,10
102875,1,1,1,0,0,0,0,0,0,0,0,0,2
102876,1,1,1,1,1,1,1,1,1,0,1,1,10
102877,1,1,1,1,0,0,0,0,0,0,0,0,3
102878,1,1,0,0,0,0,0,0,0,0,0,0,1
102879,1,1,1,0,0,0,0,0,0,0,0,0,2
102880,1,0,0,0,1,1,0,0,1,1,1,1,10
102881,1,1,1,1,1,1,1,1,1,1,0,0,9
102882,1,1,1,1,1,0,0,0,0,0,0,0,4
102883,1,0,0,0,0,0,0,0,0,0,0,0,0
102884,1,1,1,0,1,0,0,0,0,0,0,0,4
102885,1,0,0,0,0,0,0,0,0,0,0,0,0
102886,1,1,1,0,0,0,0,0,0,0,0,0,2
102887,1,1,1,1,1,1,1,1,0,1,1,1,10
102888,1,1,1,0,1,1,0,0,0,0,0,0,5
102889,1,0,0,0,0,0,0,0,0,0,0,0,0
102890,1,1,0,0,0,0,0,0,0,0,0,0,1
102891,1,0,0,0,0,0,0,0,0,0,0,0,0
102892,1,0,0,0,0,0,0,0,0,0,0,0,0
102893,1,1,1,0,1,0,0,0,0,0,0,0,4
102894,1,0,1,0,1,0,0,0,0,0,0,0,4
102895,1,1,0,0,0,0,0,0,0,0,0,0,1
102896,1,1,1,0,0,0,0,0,0,0,0,0,2
102897,1,1,1,1,1,1,1,1,1,1,0,0,9
102898,1,0,0,0,0,0,0,0,0,0,0,0,0
102899,1,1,1,0,0,1,0,0,0,0,0,0,5
102900,1,1,0,0,1,1,0,0,0,0,0,0,5
102901,1,1,1,0,0,0,0,0,0,0,0,0,2
102902,1,0,1,1,1,1,1,0,1,0,1,1,10
102903,1,0,1,1,1,1,1,1,1,1,1,1,10
102904,1,1,0,0,0,0,0,0,0,0,0,0,1
102905,1,0,0,0,0,0,0,0,0,0,0,0,0
102906,1,1,0,0,0,0,0,0,0,0,0,0,1
102907,1,1,1,0,0,0,0,0,0,0,0,0,2
102908,1,0,0,0,0,0,0,0,0,0,0,0,0
102909,1,1,1,0,0,1,1,1,1,1,1,0,10
102910,1,1,0,0,0,0,0,0,0,0,0,0,1
102911,1,0,0,0,0,0,0,0,0,0,0,0,0
102912,1,1,1,1,1,1,0,0,0,0,0,0,5
102913,1,0,1,1,0,0,0,0,0,0,0,1,3
102914,1,0,0,0,1,1,1,0,1,1,1,1,10
102915,1,1,0,1,1,0,0,1,0,1,1,0,10
102916,1,1,0,1,1,1,1,1,1,0,0,0,8
102917,1,0,0,0,0,0,0,0,0,0,0,0,0
102918,1,1,1,1,1,0,1,1,1,0,0,0,8
102919,1,1,0,1,0,0,0,0,0,0,0,0,3
102920,1,1,0,0,0,0,0,0,1,0,0,0,8
102921,1,0,1,0,1,1,0,0,0,0,0,0,5
102922,1,0,1,1,0,1,0,0,0,0,0,0,5
102923,1,0,0,1,0,1,0,0,0,0,0,0,5
102924,1,1,1,0,0,0,0,0,0,0,0,0,2
102925,1,1,1,1,1,1,1,1,1,1,1,1,10
102926,1,0,1,1,0,0,0,0,0,0,0,0,3
102927,1,0,0,0,0,0,0,0,0,0,0,0,0
102928,1,0,1,1,1,1,1,1,1,0,0,0,8
102929,1,0,0,0,0,0,0,0,0,0,0,0,0
102930,1,1,0,1,1,0,0,1,1,1,1,1,10
102931,1,1,1,1,0,1,1,1,0,0,0,0,7
102932,1,0,0,0,0,0,0,0,0,0,0,0,0
102933,1,1,0,0,0,0,0,0,0,0,0,0,1
102934,1,1,1,1,1,0,0,0,1,1,0,0,9
102935,1,0,0,0,0,0,0,0,0,0,0,0,0
102936,1,0,0,0,0,0,0,0,0,0,0,0,0
102937,1,1,1,1,1,1,1,1,1,1,1,1,10
102938,1,1,1,1,1,1,1,1,1,1,1,1,10
102939,1,0,0,1,0,0,0,0,0,0,0,0,3
102940,1,0,0,0,0,0,0,0,0,0,0,0,0
102941,1,1,1,1,1,0,1,0,0,0,0,0,6
102942,1,1,0,0,1,0,1,1,1,1,0,0,9
102943,1,0,0,0,0,0,0,0,0,0,0,0,0
102944,1,1,1,1,1,1,1,1,1,0,1,1,10
102945,1,1,1,0,0,0,0,0,0,0,0,0,2
102946,1,0,0,0,0,0,0,0,0,0,0,0,0
102947,1,0,0,0,0,0,0,0,0,0,0,0,0
102948,1,0,0,0,0,0,0,0,0,0,0,0,0
102949,1,1,1,1,1,0,1,1,1,0,1,0,10
102950,1,1,0,0,0,0,0,0,0,0,0,0,1
102951,1,1,1,1,1,1,1,1,1,0,1,1,10
102952,1,1,1,1,1,0,1,0,1,0,1,0,10
102953,1,0,0,0,0,0,0,0,0,0,0,0,0
102954,1,0,0,0,0,0,0,0,0,0,0,0,0
102955,1,0,0,0,0,0,0,0,0,0,0,0,0
102956,1,0,0,0,0,0,0,0,0,0,0,0,0
102957,1,1,1,1,1,0,1,0,0,0,0,0,6
102958,1,1,0,0,0,0,0,0,0,0,1,0,10
102959,1,0,0,0,0,0,0,0,0,0,0,0,0
102960,1,0,0,1,0,1,1,1,1,1,1,1,10
102961,1,0,0,0,0,0,0,0,0,0,0,0,0
102962,1,0,1,0,0,0,0,0,0,0,0,0,2
102963,1,1,1,1,1,1,1,1,1,1,1,1,10
102964,1,0,0,0,0,0,0,0,0,0,0,0,0
102965,1,1,0,0,0,0,0,0,0,0,0,0,1
102966,1,1,1,1,1,1,1,1,1,1,0,0,9
102967,1,1,1,1,1,1,1,0,0,1,0,0,9
102968,1,0,0,0,0,0,0,0,0,0,0,0,0
102969,1,0,0,0,0,0,0,0,0,0,0,0,0
102970,1,1,1,1,0,1,1,1,0,0,1,1,10
102971,1,0,0,0,0,0,0,0,0,0,0,0,0
102972,1,1,1,1,1,0,0,0,0,0,0,0,4
102973,1,0,0,0,0,0,0,0,0,0,0,0,0
102974,1,0,0,0,0,0,0,0,0,0,0,0,0
102975,1,1,1,1,1,1,1,0,0,0,0,0,6
102976,1,1,0,1,0,0,0,0,0,0,0,0,3
102977,1,1,0,1,0,1,1,1,1,1,1,0,10
102978,1,1,0,0,0,0,0,0,0,0,0,0,1
102979,1,1,0,0,1,1,1,1,0,0,0,0,7
102980,1,1,0,0,0,0,0,0,0,0,1,0,10
102981,1,0,0,0,0,0,0,0,0,0,0,0,0
102982,1,0,0,0,0,0,0,0,0,0,0,0,0
102983,1,1,1,1,1,0,0,1,0,0,1,0,10
102984,1,1,1,1,0,0,1,0,0,0,0,0,6
102985,1,0,0,0,0,0,0,0,0,0,0,0,0
102986,1,0,0,0,0,0,0,0,0,0,0,0,0
102987,1,0,0,0,0,0,0,0,0,0,0,0,0
102988,1,0,0,0,0,0,0,0,0,0,0,0,0
102989,1,0,0,1,1,0,0,0,0,0,0,0,4
102990,1,1,0,1,0,1,1,0,0,0,0,0,6
102991,1,0,0,0,0,0,0,0,0,0,0,0,0
102992,1,1,1,0,0,0,0,0,0,0,0,0,2
102993,1,0,1,0,0,0,0,0,1,0,0,0,8
102994,1,1,1,1,1,1,1,1,1,1,1,1,10
102995,1,0,0,0,0,0,0,0,0,0,0,0,0
102996,1,1,1,1,1,0,1,0,0,0,0,0,6
102997,1,1,0,1,1,0,1,0,0,0,0,0,6
102998,1,1,1,1,0,0,1,0,1,0,1,1,10
102999,1,1,1,1,1,1,1,1,1,1,1,1,10
103000,1,0,0,0,0,0,0,0,0,1,0,0,9
103001,1,1,0,0,0,0,0,0,0,0,0,0,1
103002,1,1,1,0,0,0,0,0,0,0,0,0,2
103003,1,1,1,0,0,0,0,0,0,0,0,0,2
103004,1,0,0,0,0,0,0,0,0,0,0,0,0
103005,1,1,1,0,0,0,0,1,1,0,0,0,8
103006,1,0,0,1,0,0,0,0,0,0,0,0,3
103007,1,1,1,1,1,1,1,1,1,1,1,1,10
103008,1,0,0,0,0,0,0,0,0,0,0,0,0
103009,1,0,1,0,0,0,0,0,0,0,0,0,2
103010,1,1,0,0,0,0,0,0,0,0,0,0,1
103011,1,0,0,0,0,0,0,0,0,0,0,0,0
103012,1,1,0,0,0,0,0,0,0,0,0,0,1
103013,1,0,0,0,0,0,0,0,0,0,0,0,0
103014,1,0,1,0,0,0,0,0,0,0,0,0,2
103015,1,1,1,1,1,1,1,1,1,1,1,1,10
103016,1,1,1,1,0,0,0,0,0,0,0,0,3
103017,1,0,0,0,0,0,0,0,0,0,0,0,0
103018,1,1,1,1,1,1,1,0,0,0,1,0,10
103019,1,0,1,0,0,0,0,0,0,1,0,0,9
103020,1,1,1,1,1,1,1,1,1,0,0,0,8
103021,1,0,0,0,0,0,0,0,0,0,0,0,0
103022,1,0,0,0,0,0,0,0,0,0,0,0,0
103023,1,1,1,1,1,0,0,1,1,1,1,0,10
103024,1,0,0,0,0,0,0,0,0,0,0,0,0
103025,1,0,0,0,0,0,0,0,0,0,0,0,0
103026,1,0,0,0,0,1,0,0,1,0,0,0,8
103027,1,0,0,0,0,0,0,0,0,0,0,0,0
103028,1,0,0,0,0,0,0,0,0,0,0,0,0
103029,1,1,0,0,0,0,0,0,0,0,0,0,1
103030,1,0,0,0,0,0,0,0,0,0,0,0,0
103031,1,1,0,1,1,1,1,1,1,1,1,1,10
103032,1,0,0,0,0,0,0,0,0,0,0,0,0
103033,1,0,0,0,0,0,0,0,0,0,0,0,0
103034,1,0,0,0,0,0,0,0,0,0,0,0,0
103035,1,1,1,0,0,1,1,1,1,1,1,1,10
103036,1,0,0,0,0,0,0,0,0,0,0,0,0
103037,1,0,0,0,0,0,0,0,0,0,0,0,0
103038,1,1,1,1,1,1,1,1,1,1,1,1,10
103039,1,0,0,0,0,0,0,0,0,0,0,0,0
103040,1,0,0,0,0,0,0,0,0,0,0,0,0
103041,1,0,0,0,0,0,0,0,0,0,0,0,0
103042,1,1,0,0,0,0,0,0,0,0,0,0,1
103043,1,0,0,0,0,0,0,0,0,0,0,0,0
103044,1,0,1,0,0,0,0,0,0,0,0,0,2
103045,1,1,1,1,0,1,1,1,0,0,0,0,7
103046,1,0,1,1,0,1,0,0,0,1,0,0,9
103047,1,0,0,0,0,0,0,0,0,0,0,0,0
103048,1,0,0,0,0,0,0,0,0,0,0,0,0
103049,1,1,0,0,0,0,0,0,0,0,0,0,1
103050,1,1,0,0,0,1,1,1,1,1,0,0,9
103051,1,1,1,0,1,0,1,0,1,1,1,1,10
103052,1,0,0,1,0,0,1,0,0,0,0,0,6
103053,1,0,1,0,0,0,1,0,1,0,1,0,10
103054,1,0,0,0,0,0,0,0,0,0,0,0,0
103055,1,0,1,1,0,0,0,0,0,0,0,1,3
103056,1,0,0,0,0,0,0,0,0,0,0,0,0
103057,1,0,0,0,0,0,0,0,0,0,0,0,0
103058,1,1,1,1,0,0,0,1,1,0,0,0,8
103059,1,1,1,1,0,1,0,1,0,0,0,0,7
103060,1,0,0,0,0,0,0,0,0,0,0,0,0
103061,1,1,1,1,1,1,1,0,0,0,0,0,6
103062,1,1,0,1,0,1,0,0,0,0,0,0,5
103063,1,0,0,1,1,0,0,0,1,0,0,0,8
103064,1,0,0,0,0,0,1,0,0,0,0,0,6
103065,1,1,0,0,0,0,0,0,0,0,0,0,1
103066,1,1,1,1,1,1,1,1,0,1,1,0,10
103067,1,1,1,1,1,1,0,0,0,1,0,0,9
103068,1,0,0,0,0,0,0,0,0,0,0,0,0
103069,1,1,1,1,1,1,0,0,0,0,0,1,5
103070,1,0,0,0,0,0,0,0,0,0,0,0,0
103071,1,1,1,1,1,1,1,0,0,0,0,0,6
103072,1,0,0,0,0,0,0,0,0,0,0,0,0
103073,1,1,1,0,1,0,1,1,1,0,0,0,8
103074,1,1,0,1,1,1,1,1,1,1,1,1,10
103075,1,0,0,0,0,0,0,0,0,0,0,0,0
103076,1,1,0,0,0,0,0,0,0,0,0,0,1
103077,1,1,1,1,1,1,1,1,1,1,0,1,9
103078,1,0,0,0,0,0,0,0,0,0,0,0,0
103079,1,1,1,1,0,0,0,0,0,0,0,0,3
103080,1,1,1,0,1,0,0,0,0,1,1,0,10
103081,1,1,1,0,0,0,0,0,0,0,0,0,2
103082,1,1,0,0,0,0,0,0,0,0,0,0,1
103083,1,0,0,0,0,0,0,0,0,0,0,0,0
103084,1,0,0,0,0,0,0,0,0,0,0,0,0
103085,1,0,0,0,0,0,0,0,0,0,0,0,0
103086,1,0,0,0,0,0,0,0,0,0,0,0,0
103087,1,0,0,0,0,0,0,0,0,0,0,1,0
103088,1,1,1,0,1,0,0,1,1,0,0,0,8
103089,1,0,0,0,0,0,0,0,0,0,0,0,0
103090,1,1,0,0,0,0,0,0,0,0,0,0,1
103091,1,1,0,1,1,0,1,1,1,0,0,0,8
103092,1,0,0,0,0,0,0,0,0,0,0,0,0
103093,1,1,0,0,0,0,0,0,0,0,0,0,1
103094,1,0,0,0,1,0,1,1,0,0,0,0,7
103095,1,0,1,1,0,0,1,0,0,0,0,0,6
103096,1,1,1,1,1,0,0,0,0,0,0,0,4
103097,1,1,0,0,1,1,1,1,1,0,0,0,8
103098,1,1,0,0,0,0,0,0,0,0,0,0,1
103099,1,1,1,1,1,0,1,1,0,0,0,1,7
103100,1,1,1,1,1,1,1,1,1,1,1,1,10
103101,1,0,1,1,1,0,1,1,1,1,1,1,10
103102,1,0,0,0,0,0,0,0,0,0,0,0,0
103103,1,0,0,0,0,0,0,0,0,0,0,0,0
103104,1,1,1,1,1,1,1,1,1,1,1,1,10
103105,1,0,0,1,0,0,1,1,0,0,0,0,7
103106,1,1,1,1,0,1,1,1,1,1,1,1,10
103107,1,1,1,1,0,0,0,0,0,0,0,0,3
103108,1,0,0,0,0,0,0,0,0,0,0,0,0
103109,1,1,1,1,0,0,0,0,0,0,0,0,3
103110,1,1,0,0,0,0,0,0,0,0,0,0,1
103111,1,0,0,0,0,0,0,0,0,0,0,0,0
103112,1,0,0,0,0,0,0,0,0,0,0,0,0
103113,1,1,0,0,0,0,0,0,0,0,0,0,1
103114,1,0,0,1,1,1,1,0,0,0,0,0,6
103115,1,0,0,0,0,0,0,0,0,0,0,0,0
103116,1,1,1,0,0,0,0,0,0,0,0,0,2
103117,1,1,0,0,0,0,0,0,0,0,0,0,1
103118,1,0,1,0,0,0,0,0,0,0,0,0,2
103119,1,0,0,0,0,0,0,0,0,0,0,0,0
103120,1,1,0,0,1,0,0,0,0,0,0,0,4
103121,1,0,0,0,0,0,0,0,0,0,0,0,0
103122,1,0,0,0,0,0,0,0,0,0,0,0,0
103123,1,0,0,0,0,0,0,0,0,0,0,0,0
103124,1,0,0,0,0,0,0,0,0,0,0,0,0
103125,1,0,0,0,0,1,1,1,1,0,0,0,8
103126,1,1,1,1,0,0,0,0,0,0,0,0,3
103127,1,0,0,0,0,0,0,0,0,0,0,0,0
103128,1,0,0,0,0,0,0,0,0,0,0,0,0
103129,1,0,0,0,0,0,0,0,0,0,0,0,0
103130,1,1,0,1,0,0,0,0,0,0,1,1,10
103131,1,0,1,0,0,0,0,0,0,0,0,0,2
103132,1,0,0,0,0,0,0,0,1,0,0,0,8
103133,1,0,0,0,0,0,0,0,0,0,0,0,0
103134,1,0,0,0,0,0,0,0,0,0,0,0,0
103135,1,1,0,0,0,0,0,0,0,1,0,0,9
103136,1,0,0,0,0,0,0,0,0,0,0,0,0
103137,1,1,0,0,0,0,0,0,0,0,0,0,1
103138,1,0,1,0,1,0,0,0,0,0,0,0,4
103139,1,1,1,1,0,0,0,0,0,0,0,0,3
103140,1,1,0,0,0,0,0,0,0,0,0,0,1
103141,1,0,0,0,0,0,0,0,0,0,0,0,0
103142,1,1,0,0,0,0,0,0,0,0,0,0,1
103143,1,1,0,1,1,0,0,0,0,1,1,0,10
103144,1,1,1,1,1,0,1,0,1,0,1,1,10
103145,1,1,1,1,0,0,1,0,0,0,0,0,6
103146,1,0,0,0,0,0,0,0,0,0,0,0,0
103147,1,0,1,0,0,0,0,0,0,0,0,0,2
103148,1,1,1,1,1,1,1,1,1,1,1,1,10
103149,1,0,0,1,0,0,0,0,0,0,0,0,3
103150,1,0,0,0,0,0,0,0,0,0,0,0,0
103151,1,0,0,0,0,0,0,1,1,1,1,0,10
103152,1,0,0,0,0,0,0,0,0,0,0,0,0
103153,1,1,1,0,0,0,0,0,0,0,0,0,2
103154,1,0,0,0,0,0,0,0,0,0,0,0,0
103155,1,0,0,0,0,0,0,0,0,0,0,0,0
103156,1,1,0,0,0,0,0,0,0,0,0,0,1
103157,1,1,1,1,1,1,1,1,0,0,0,0,7
103158,1,1,1,1,0,1,1,1,1,1,1,1,10
103159,1,0,1,0,0,0,0,0,0,0,0,0,2
103160,1,0,0,0,0,0,0,0,0,0,0,0,0
103161,1,0,1,0,0,0,0,0,0,0,0,0,2
103162,1,1,0,0,0,0,0,0,0,0,0,0,1
103163,1,1,0,1,1,0,0,0,0,0,0,0,4
103164,1,1,0,1,1,1,1,1,1,1,1,1,10
103165,1,1,1,1,1,1,1,0,0,1,0,1,9
103166,1,0,0,1,0,0,0,0,0,0,0,0,3
103167,1,1,1,0,1,1,0,1,1,1,1,0,10
103168,1,0,0,0,0,0,0,0,1,0,0,0,8
103169,1,0,0,0,0,1,0,0,0,0,0,0,5
103170,1,0,0,0,0,0,0,0,0,0,0,0,0
103171,1,1,1,0,0,0,0,0,0,0,0,0,2
103172,1,1,0,1,0,0,0,0,0,0,0,0,3
103173,1,1,1,0,0,0,0,0,0,0,0,0,2
103174,1,0,0,0,0,0,0,0,0,0,0,0,0
103175,1,1,1,1,1,1,0,1,1,1,1,1,10
103176,1,0,0,0,0,0,0,1,1,1,0,0,9
103177,1,1,0,0,0,0,0,0,0,0,0,0,1
103178,1,0,0,0,0,1,0,0,0,1,0,0,9
103179,1,0,0,0,0,0,0,0,0,0,0,0,0
103180,1,0,0,0,0,0,0,0,0,0,0,0,0
103181,1,1,0,0,0,0,0,0,0,0,0,0,1
103182,1,0,0,1,1,0,0,1,1,0,1,1,10
103183,1,1,0,0,0,0,0,0,0,0,0,0,1
103184,1,1,0,0,0,0,0,0,0,0,0,0,1
103185,1,0,0,0,0,0,0,0,0,0,0,0,0
103186,1,1,1,1,1,0,0,0,0,0,0,0,4
103187,1,0,0,0,0,0,0,0,0,0,0,0,0
103188,1,1,1,1,1,0,0,0,0,0,0,0,4
103189,1,0,0,0,0,0,0,0,0,0,0,0,0
103190,1,1,1,1,1,1,1,1,0,0,0,0,7
103191,1,0,0,0,0,0,0,0,0,0,0,0,0
103192,1,1,1,1,0,0,0,0,0,0,0,0,3
103193,1,0,0,0,1,1,1,1,0,0,0,0,7
103194,1,0,1,1,1,1,1,1,1,1,1,0,10
103195,1,1,1,1,1,1,1,1,1,0,0,1,8
103196,1,0,0,0,0,0,0,0,0,0,0,0,0
103197,1,0,1,0,0,0,0,0,0,0,0,0,2
103198,1,0,0,0,0,0,0,0,0,0,0,0,0
103199,1,0,0,1,1,1,1,1,1,1,0,0,9
103200,1,0,0,0,0,0,1,0,0,0,0,0,6
103201,1,0,1,1,1,1,0,0,0,0,1,0,10
103202,1,0,0,0,0,0,0,0,0,0,0,0,0
103203,1,1,0,0,0,0,0,0,0,0,0,0,1
103204,1,1,1,1,1,0,0,0,0,0,0,0,4
103205,1,1,0,0,0,0,0,0,0,0,0,0,1
103206,1,1,1,1,0,0,0,0,0,1,0,0,9
103207,1,1,1,1,1,1,1,1,1,1,1,0,10
103208,1,1,0,0,0,0,0,0,0,0,0,0,1
103209,1,1,1,0,0,0,0,0,0,0,0,0,2
103210,1,1,1,1,1,1,1,1,1,1,1,1,10
103211,1,1,1,0,1,1,1,0,1,1,1,1,10
103212,1,1,1,1,0,1,1,1,1,1,1,1,10
103213,1,1,0,0,0,0,0,0,0,0,0,0,1
103214,1,1,1,0,0,0,1,0,0,0,0,0,6
103215,1,1,0,1,0,1,0,0,0,0,0,0,5
103216,1,0,0,0,0,0,0,0,0,0,0,0,0
103217,1,1,0,0,0,0,0,0,0,0,0,0,1
103218,1,0,0,0,0,0,0,0,0,0,0,0,0
103219,1,1,1,1,1,1,1,1,1,0,1,1,10
103220,1,0,0,0,0,0,0,0,0,0,0,0,0
103221,1,1,1,1,1,1,1,1,1,1,0,0,9
103222,1,1,1,0,0,0,0,0,0,0,0,0,2
103223,1,1,0,0,0,0,0,0,0,0,0,0,1
103224,1,1,0,0,0,0,0,0,0,0,0,0,1
103225,1,0,1,1,0,0,0,0,0,0,0,0,3
103226,1,1,0,1,1,0,1,0,0,0,1,0,10
103227,1,0,0,0,0,0,0,0,0,0,0,0,0
103228,1,1,0,0,0,0,1,0,0,1,0,1,9
103229,1,0,0,0,0,0,0,0,0,0,0,0,0
103230,1,1,1,1,1,1,1,1,1,1,1,1,10
103231,1,1,0,0,0,0,0,0,0,0,0,0,1
103232,1,0,0,0,0,0,0,0,1,1,0,0,9
103233,1,1,0,1,1,1,1,1,1,1,1,1,10
103234,1,1,1,1,1,0,0,0,0,0,0,0,4
103235,1,0,0,0,0,0,0,0,0,0,0,0,0
103236,1,1,0,0,0,0,0,0,0,0,0,0,1
103237,1,1,0,1,0,0,0,0,0,0,0,0,3
103238,1,1,1,0,0,0,0,0,1,1,0,0,9
103239,1,1,1,0,0,0,0,0,0,0,0,0,2
103240,1,0,0,0,0,0,0,0,0,0,0,0,0
103241,1,0,0,0,0,0,0,0,0,0,0,0,0
103242,1,0,0,0,0,0,0,0,0,0,0,0,0
103243,1,1,0,0,0,0,0,0,0,0,0,0,1
103244,1,0,0,0,0,0,0,0,0,0,0,0,0
103245,1,0,0,0,0,0,0,0,0,0,0,0,0
103246,1,1,1,0,0,0,0,0,0,0,0,0,2
103247,1,0,0,0,0,0,0,0,0,0,0,0,0
103248,1,0,0,0,0,0,0,0,0,0,0,0,0
103249,1,0,0,0,0,0,0,0,0,0,0,0,0
103250,1,1,0,0,0,0,0,0,0,0,0,0,1
103251,1,1,1,0,0,0,0,0,0,0,0,0,2
103252,1,0,0,0,0,0,0,0,0,0,0,0,0
103253,1,0,1,1,1,1,1,1,1,1,1,1,10
103254,1,1,1,0,0,1,1,1,1,1,1,1,10
103255,1,1,0,1,1,1,1,1,1,1,1,1,10
103256,1,0,0,0,0,0,0,0,0,0,0,0,0
103257,1,1,0,0,0,0,0,0,0,0,0,0,1
103258,1,0,0,1,1,1,1,1,1,1,1,1,10
103259,1,1,0,0,0,0,0,0,0,0,0,0,1
103260,1,0,0,0,0,0,0,0,0,0,0,0,0
103261,1,0,0,1,1,0,0,0,0,0,0,0,4
103262,1,1,0,1,1,0,0,0,0,0,0,0,4
103263,1,1,0,0,0,1,1,1,1,1,0,0,9
103264,1,0,0,0,0,0,0,0,0,0,0,0,0
103265,1,0,0,0,0,0,0,0,0,0,0,0,0
103266,1,0,0,0,0,0,0,0,0,0,0,0,0
103267,1,1,0,0,0,0,0,1,0,0,0,0,7
103268,1,0,0,0,0,0,0,0,0,0,0,0,0
103269,1,0,0,0,0,0,0,0,0,0,0,0,0
103270,1,1,1,1,1,0,1,1,1,1,0,0,9
103271,1,1,1,1,1,1,1,1,1,1,1,1,10
103272,1,1,1,0,0,0,0,1,1,1,1,1,10
103273,1,1,1,0,0,0,0,0,0,0,0,0,2
103274,1,0,0,0,0,0,0,0,0,0,0,0,0
103275,1,1,1,0,1,0,0,0,0,0,0,0,4
103276,1,0,0,0,0,0,0,0,0,0,0,0,0
103277,1,1,1,1,0,1,0,0,0,0,0,0,5
103278,1,1,1,1,0,1,0,0,0,1,1,0,10
103279,1,1,0,0,1,0,1,0,1,1,1,1,10
103280,1,0,0,0,0,0,0,0,0,0,0,0,0
103281,1,1,1,0,0,1,0,1,0,0,0,0,7
103282,1,0,0,0,1,0,1,1,1,1,1,1,10
103283,1,1,1,1,1,1,1,1,1,0,0,0,8
103284,1,0,0,0,0,0,0,0,0,0,0,0,0
103285,1,0,0,0,0,0,0,0,0,0,0,0,0
103286,1,0,1,0,1,1,0,0,0,0,0,0,5
103287,1,0,0,0,0,0,0,0,0,0,0,0,0
103288,1,0,0,0,0,0,0,0,0,0,0,0,0
103289,1,1,1,1,1,0,0,0,0,0,0,0,4
103290,1,0,0,0,0,0,0,0,0,0,0,0,0
103291,1,1,1,1,1,0,0,0,1,0,1,0,10
103292,1,1,1,1,1,1,1,1,1,1,1,1,10
103293,1,1,1,1,0,1,0,1,1,1,1,1,10
103294,1,1,1,0,0,0,0,0,0,0,0,0,2
103295,1,1,1,1,0,0,0,1,1,0,0,0,8
103296,1,0,1,1,1,0,0,0,0,0,0,0,4
103297,1,0,0,0,0,0,0,0,0,0,0,0,0
103298,1,1,1,1,1,0,1,0,1,1,1,1,10
103299,1,0,1,1,1,1,1,1,0,0,1,1,10
103300,1,0,0,0,0,0,0,0,0,0,0,0,0
103301,1,1,1,1,1,1,1,1,0,1,1,1,10
103302,1,0,0,0,0,0,0,0,0,0,0,0,0
103303,1,1,1,1,1,1,1,0,1,1,1,1,10
103304,1,0,0,0,0,0,0,0,0,0,0,0,0
103305,1,0,0,0,0,0,0,0,0,0,0,0,0
103306,1,1,1,1,1,0,0,1,0,1,0,0,9
103307,1,1,0,1,0,1,0,0,0,0,0,0,5
103308,1,1,0,1,1,1,1,1,1,1,0,0,9
103309,1,0,0,0,1,1,0,0,1,1,0,0,9
103310,1,0,1,1,1,1,1,1,1,1,1,1,10
103311,1,1,1,1,1,1,1,0,1,1,0,0,9
103312,1,0,0,0,0,0,0,0,0,0,0,0,0
103313,1,1,1,0,0,0,0,0,0,0,1,0,10
103314,1,1,1,1,1,0,0,0,0,0,0,0,4
103315,1,1,1,1,1,1,1,1,1,1,1,0,10
103316,1,0,1,1,0,0,0,0,0,0,0,0,3
103317,1,1,1,0,0,0,0,0,0,0,0,0,2
103318,1,1,0,0,0,0,0,0,0,0,0,0,1
103319,1,0,0,0,0,0,0,0,0,0,0,0,0
103320,1,0,0,0,0,0,0,0,0,0,0,0,0
103321,1,1,0,1,0,1,0,1,1,0,1,0,10
103322,1,1,1,1,1,1,1,1,0,0,0,0,7
103323,1,0,0,0,0,0,1,1,1,0,1,0,10
103324,1,1,1,0,0,1,1,1,1,0,0,0,8
103325,1,0,0,0,0,0,0,0,0,0,0,0,0
103326,1,0,0,0,0,0,0,1,0,0,1,1,10
103327,1,0,0,0,0,0,0,0,0,0,0,0,0
103328,1,0,0,0,0,0,0,0,0,0,0,0,0
103329,1,1,1,0,0,1,1,0,0,0,0,0,6
103330,1,1,1,0,0,0,0,0,0,1,0,0,9
103331,1,0,0,0,0,0,0,0,0,0,0,0,0
103332,1,1,1,1,0,0,0,0,0,0,0,0,3
103333,1,1,1,0,0,0,0,0,1,0,0,0,8
103334,1,0,0,1,1,0,0,1,1,0,1,0,10
103335,1,1,0,0,0,0,0,1,1,0,0,1,8
103336,1,1,1,0,1,0,1,1,0,1,0,0,9
103337,1,1,0,0,0,0,0,0,0,0,1,0,10
103338,1,0,0,0,0,0,0,0,0,0,0,0,0
103339,1,0,0,1,0,1,0,0,0,0,0,0,5
103340,1,0,1,0,1,1,1,1,1,1,1,0,10
103341,1,0,0,0,0,0,0,0,0,0,0,0,0
103342,1,0,0,0,0,0,0,0,0,0,0,0,0
103343,1,0,0,0,0,1,0,1,1,0,0,1,8
103344,1,0,0,0,0,0,0,0,0,0,0,0,0
103345,1,0,0,0,1,1,0,1,1,1,1,1,10
103346,1,1,0,1,0,1,0,0,0,0,0,0,5
103347,1,0,0,0,0,0,0,0,0,0,0,0,0
103348,1,0,0,0,0,0,0,0,0,0,0,0,0
103349,1,1,1,1,1,1,1,1,1,0,1,0,10
103350,1,0,0,0,0,0,0,0,0,0,0,0,0
103351,1,1,0,0,0,1,0,0,0,0,0,0,5
103352,1,1,1,1,1,0,0,0,0,0,1,1,10
103353,1,0,0,0,0,0,0,0,0,0,0,0,0
103354,1,1,1,0,0,0,0,0,0,0,0,0,2
103355,1,0,1,0,1,0,0,0,0,0,0,0,4
103356,1,1,1,1,1,0,0,0,0,0,0,0,4
103357,1,0,0,0,0,0,0,0,0,0,0,0,0
103358,1,0,0,0,0,0,0,0,0,0,0,0,0
103359,1,0,0,0,0,0,0,0,0,0,0,0,0
103360,1,0,0,0,0,0,0,0,0,0,0,0,0
103361,1,0,0,0,0,0,0,0,0,0,0,0,0
103362,1,0,0,0,0,0,0,1,1,1,1,0,10
103363,1,1,1,0,1,0,1,0,0,0,0,0,6
103364,1,0,1,1,0,0,1,0,0,1,0,0,9
103365,1,1,1,1,1,1,1,1,1,1,1,1,10
103366,1,0,0,0,0,0,0,0,0,0,0,0,0
103367,1,0,0,0,0,0,0,0,0,0,0,1,0
103368,1,1,1,1,1,1,1,0,1,0,0,0,8
103369,1,0,0,0,0,0,0,0,0,0,0,0,0
103370,1,0,0,0,0,0,0,0,0,0,0,0,0
103371,1,0,0,0,0,0,0,0,0,0,0,0,0
103372,1,1,0,0,0,0,0,0,0,0,0,0,1
103373,1,1,0,0,0,0,0,0,0,0,0,0,1
103374,1,1,0,0,0,0,0,0,0,0,0,0,1
103375,1,0,0,1,0,1,0,1,1,0,0,0,8
103376,1,0,0,0,0,0,0,0,0,0,0,0,0
103377,1,1,0,1,1,1,1,1,1,1,1,1,10
103378,1,0,0,0,0,0,0,0,0,0,0,0,0
103379,1,0,0,0,0,0,0,0,0,0,0,0,0
103380,1,0,0,0,0,0,1,0,0,0,0,0,6
103381,1,0,0,0,0,0,0,0,0,0,0,0,0
103382,1,1,0,0,0,0,0,0,0,0,0,0,1
103383,1,0,0,0,0,0,0,0,0,0,0,0,0
103384,1,1,1,1,1,0,0,0,0,0,0,0,4
103385,1,0,0,0,0,0,0,0,0,0,0,0,0
103386,1,1,0,0,0,0,0,0,0,0,0,0,1
103387,1,1,1,1,1,1,1,1,1,1,1,1,10
103388,1,0,0,0,0,0,0,0,0,0,0,0,0
103389,1,0,0,1,1,1,1,1,1,1,1,1,10
103390,1,0,0,0,0,1,0,0,0,0,0,0,5
103391,1,0,0,0,0,0,0,0,0,0,0,0,0
103392,1,1,1,1,1,0,1,1,1,0,1,0,10
103393,1,1,1,1,1,1,1,0,0,0,0,0,6
103394,1,0,0,0,0,0,0,0,0,0,0,0,0
103395,1,1,1,0,1,1,0,0,0,0,0,0,5
103396,1,1,1,1,1,1,0,0,0,0,0,0,5
103397,1,0,0,0,0,0,0,0,0,0,0,0,0
103398,1,0,0,0,0,0,0,1,0,0,0,0,7
103399,1,1,1,1,1,1,1,1,1,1,0,1,9
103400,1,1,0,0,0,0,0,0,0,0,0,0,1
103401,1,1,1,1,1,0,1,1,1,1,1,1,10
103402,1,0,0,0,0,0,0,0,0,0,0,0,0
103403,1,1,1,1,1,1,1,1,1,1,0,0,9
103404,1,0,0,0,0,0,0,0,0,0,0,0,0
103405,1,1,0,1,1,1,1,0,0,0,0,0,6
103406,1,1,1,0,0,0,1,1,1,1,1,1,10
103407,1,1,1,0,0,0,0,0,0,0,0,0,2
103408,1,0,0,0,0,0,0,0,0,0,0,0,0
103409,1,1,0,0,0,0,0,0,0,0,0,0,1
103410,1,1,1,1,1,0,0,0,0,0,0,0,4
103411,1,1,1,0,0,0,0,0,0,0,0,0,2
103412,1,0,0,0,0,0,0,0,0,0,0,0,0
103413,1,1,1,0,0,0,0,0,0,0,0,0,2
103414,1,0,0,0,0,0,0,0,0,0,0,0,0
103415,1,1,1,0,1,1,1,1,1,1,1,1,10
103416,1,1,1,1,1,0,0,1,1,1,0,0,9
103417,1,0,0,0,0,0,0,0,0,0,0,0,0
103418,1,0,1,0,0,0,0,0,0,0,0,0,2
103419,1,1,0,0,0,0,0,1,0,0,0,0,7
103420,1,0,0,0,0,0,0,0,0,0,0,0,0
103421,1,0,0,0,0,0,0,0,0,0,0,0,0
103422,1,0,0,0,0,0,0,0,0,1,1,0,10
103423,1,0,0,0,0,0,0,0,0,0,0,0,0
103424,1,0,0,0,0,0,0,0,0,0,0,0,0
103425,1,0,0,0,0,0,1,0,0,0,0,0,6
103426,1,0,1,1,0,0,0,0,0,0,0,0,3
103427,1,0,0,0,0,0,0,0,0,0,0,0,0
103428,1,0,0,0,0,0,0,0,0,0,0,0,0
103429,1,1,1,1,1,1,1,1,1,1,1,1,10
103430,1,1,0,0,0,0,0,0,0,0,0,0,1
103431,1,0,0,0,0,0,0,0,0,0,0,0,0
103432,1,0,0,0,0,0,0,0,0,0,0,0,0
103433,1,1,1,0,1,0,1,1,1,1,1,0,10
103434,1,0,1,0,0,1,1,0,0,1,0,0,9
103435,1,0,0,1,1,1,1,1,1,1,1,1,10
103436,1,1,1,0,1,1,1,0,1,1,1,1,10
103437,1,0,0,0,0,0,0,0,0,0,0,0,0
103438,1,1,1,0,1,1,1,1,1,1,0,1,9
103439,1,0,0,0,0,0,0,0,0,0,0,0,0
103440,1,0,0,0,0,0,0,0,0,0,0,0,0
103441,1,0,1,1,0,1,1,0,0,0,1,0,10
103442,1,1,0,0,0,1,1,1,1,0,1,1,10
103443,1,0,0,1,1,0,0,0,0,0,0,0,4
103444,1,1,0,0,0,1,0,1,1,0,0,0,8
103445,1,1,0,0,0,0,0,0,0,0,0,0,1
103446,1,1,0,1,1,0,0,1,0,0,0,1,7
103447,1,0,0,0,0,0,0,0,0,0,0,0,0
103448,1,0,0,0,0,0,0,0,0,0,0,0,0
103449,1,1,0,0,0,0,0,0,0,0,0,0,1
103450,1,0,0,0,0,0,0,0,0,0,0,0,0
103451,1,0,0,1,0,0,0,0,0,0,0,0,3
103452,1,0,0,0,1,1,0,0,0,0,0,0,5
103453,1,1,1,0,0,1,0,1,1,0,0,0,8
103454,1,1,1,1,1,1,1,1,1,1,1,0,10
103455,1,0,0,0,0,1,1,1,1,1,0,0,9
103456,1,1,1,1,0,0,0,0,0,0,0,0,3
103457,1,1,1,0,0,0,0,1,0,0,0,0,7
103458,1,1,0,0,0,0,0,0,0,0,0,0,1
103459,1,0,0,0,0,0,0,0,0,0,0,0,0
103460,1,0,0,0,0,0,0,0,0,0,0,0,0
103461,1,1,0,0,0,0,0,0,0,0,0,0,1
103462,1,0,1,1,1,0,0,0,0,0,0,0,4
103463,1,0,0,0,0,0,0,0,0,0,0,0,0
103464,1,1,0,1,0,0,0,0,0,0,0,0,3
103465,1,0,0,0,0,0,0,0,0,0,0,0,0
103466,1,1,1,1,0,0,0,0,0,0,0,0,3
103467,1,0,0,1,0,1,1,0,0,0,1,0,10
103468,1,1,1,1,1,1,0,0,0,0,0,0,5
103469,1,0,0,0,0,0,0,0,0,0,0,0,0
103470,1,0,1,1,0,1,0,0,1,1,0,0,9
103471,1,1,0,0,0,0,0,1,1,0,0,0,8
103472,1,1,1,0,0,0,0,0,0,0,0,0,2
103473,1,1,1,1,1,0,0,1,1,1,1,0,10
103474,1,0,1,1,0,1,1,1,1,1,1,1,10
103475,1,0,0,0,0,0,0,0,0,0,0,0,0
103476,1,0,0,0,0,0,0,0,0,0,0,0,0
103477,1,0,0,0,0,0,0,0,0,0,0,0,0
103478,1,0,1,1,1,1,1,1,1,1,1,1,10
103479,1,1,1,1,1,1,0,1,0,0,0,0,7
103480,1,0,0,0,0,0,0,0,0,0,0,0,0
103481,1,0,0,0,0,0,0,0,0,0,0,0,0
103482,1,1,1,0,0,1,1,0,0,0,0,0,6
103483,1,1,1,0,0,0,0,0,0,0,0,0,2
103484,1,1,1,1,1,0,0,0,0,0,0,0,4
103485,1,1,1,0,0,0,0,0,0,0,0,0,2
103486,1,0,0,0,0,0,0,0,0,0,0,0,0
103487,1,0,0,0,0,0,0,1,0,0,0,0,7
103488,1,1,1,0,1,1,0,0,0,0,0,0,5
103489,1,1,1,1,1,1,1,1,1,1,1,1,10
103490,1,0,0,0,0,0,0,0,0,0,0,0,0
103491,1,1,1,1,1,1,1,1,1,0,0,0,8
103492,1,1,0,0,0,1,1,1,1,1,1,1,10
103493,1,0,0,0,0,0,0,0,0,0,0,0,0
103494,1,0,0,0,0,0,0,0,0,0,0,0,0
103495,1,0,0,0,0,0,0,0,0,0,0,0,0
103496,1,0,0,0,0,0,0,0,0,0,0,0,0
103497,1,0,0,0,0,0,0,0,0,0,0,0,0
103498,1,0,0,0,0,0,0,0,0,1,1,1,10
103499,1,1,0,0,0,0,0,0,0,0,0,0,1
103500,1,1,1,0,1,1,1,1,1,1,1,0,10
103501,1,1,0,0,0,1,0,1,1,0,1,1,10
103502,1,1,1,0,1,1,1,1,1,1,1,1,10
103503,1,0,1,1,1,1,1,1,0,1,1,1,10
103504,1,1,1,1,0,1,0,1,0,0,0,0,7
103505,1,0,0,0,0,0,0,0,0,0,0,0,0
103506,1,0,0,0,0,0,0,0,0,0,0,0,0
103507,1,1,1,1,1,0,1,1,0,0,1,0,10
103508,1,1,1,0,0,0,0,1,1,0,0,0,8
103509,1,1,1,1,1,1,1,0,0,0,0,0,6
103510,1,1,1,0,1,1,1,1,1,0,1,1,10
103511,1,1,0,1,1,1,1,1,1,1,0,1,9
103512,1,0,0,0,0,0,0,0,0,0,0,0,0
103513,1,0,0,0,0,0,0,0,0,0,0,0,0
103514,1,0,1,0,1,1,1,1,1,1,1,0,10
103515,1,1,0,1,0,0,0,0,0,0,0,0,3
103516,1,1,1,1,1,1,1,1,1,1,1,1,10
103517,1,1,1,1,1,0,0,0,0,0,0,0,4
103518,1,1,0,0,0,0,0,0,0,0,0,0,1
103519,1,0,0,0,0,1,1,1,1,1,1,1,10
103520,1,0,0,0,0,0,0,0,0,0,0,0,0
103521,1,1,0,0,0,0,0,0,0,0,0,0,1
103522,1,0,0,0,0,0,0,0,0,0,0,0,0
103523,1,1,1,1,0,0,0,0,0,0,0,0,3
103524,1,1,0,0,0,0,0,0,0,0,0,0,1
103525,1,0,0,0,0,0,0,0,0,0,0,0,0
103526,1,0,0,0,0,0,0,0,0,0,0,0,0
103527,1,0,0,0,0,0,0,0,0,0,0,0,0
103528,1,1,0,0,0,0,0,0,0,0,0,0,1
103529,1,1,1,0,0,0,0,0,0,0,0,0,2
103530,1,0,0,0,0,0,0,0,0,0,0,0,0
103531,1,0,0,0,0,0,0,0,0,0,0,0,0
103532,1,0,0,0,0,0,0,0,0,0,0,0,0
103533,1,0,0,1,0,0,0,0,0,0,0,0,3
103534,1,1,0,0,0,0,0,0,0,0,0,0,1
103535,1,1,1,1,1,1,1,1,1,1,1,1,10
103536,1,0,1,1,1,1,1,1,1,0,1,0,10
103537,1,0,0,0,0,0,0,0,0,0,0,0,0
103538,1,1,1,1,1,1,1,1,1,1,1,0,10
103539,1,0,0,0,0,0,0,0,0,0,0,0,0
103540,1,1,1,1,0,1,1,1,1,1,1,1,10
103541,1,1,0,0,1,0,0,0,0,0,0,0,4
103542,1,0,0,0,0,0,0,0,0,0,0,0,0
103543,1,0,0,0,1,1,0,1,1,1,1,1,10
103544,1,0,0,0,0,0,0,0,0,0,0,0,0
103545,1,1,1,1,1,0,0,1,0,0,0,0,7
103546,1,1,0,0,0,0,0,0,0,0,0,0,1
103547,1,1,1,0,1,0,1,1,1,0,1,1,10
103548,1,1,1,1,1,1,1,1,1,0,0,0,8
103549,1,0,0,0,0,0,0,0,0,0,0,0,0
103550,1,1,0,0,0,0,0,0,0,0,0,0,1
103551,1,0,0,0,0,1,1,1,1,1,1,1,10
103552,1,1,0,0,0,0,0,0,0,0,0,0,1
103553,1,0,0,0,0,0,0,0,0,0,0,0,0
103554,1,0,1,0,0,0,0,0,0,1,0,0,9
103555,1,0,0,0,0,0,0,0,0,0,0,0,0
103556,1,1,0,1,0,0,0,0,0,0,0,0,3
103557,1,0,0,0,0,0,0,0,0,0,0,0,0
103558,1,0,1,0,0,0,0,0,0,0,0,0,2
103559,1,0,0,0,0,0,0,0,0,0,0,0,0
103560,1,1,0,1,1,1,1,0,1,0,1,0,10
103561,1,0,0,0,0,0,0,0,0,0,0,0,0
103562,1,0,0,0,0,0,0,0,0,0,0,0,0
103563,1,0,1,0,1,1,1,1,1,0,0,0,8
103564,1,0,0,0,0,0,0,0,0,0,0,0,0
103565,1,1,0,0,0,1,0,1,0,1,0,1,9
103566,1,0,0,0,0,0,0,0,0,0,0,0,0
103567,1,1,1,0,1,0,0,0,0,0,0,0,4
103568,1,1,0,0,0,0,0,0,0,0,0,0,1
103569,1,1,0,0,0,0,0,0,0,0,0,0,1
103570,1,1,1,0,1,1,1,1,1,1,1,0,10
103571,1,1,0,1,1,1,0,0,0,0,0,0,5
103572,1,0,1,1,0,0,0,0,1,0,0,0,8
103573,1,1,0,1,1,1,1,1,1,1,1,1,10
103574,1,1,1,1,1,0,1,0,0,0,0,0,6
103575,1,0,0,0,0,0,1,1,1,0,0,0,8
103576,1,1,1,1,1,1,1,1,1,1,1,1,10
103577,1,0,0,0,0,0,0,0,0,0,0,0,0
103578,1,1,0,0,0,0,0,0,0,0,0,0,1
103579,1,1,1,1,1,1,1,1,0,1,1,1,10
103580,1,0,0,0,0,0,0,0,0,0,0,0,0
103581,1,0,0,1,1,1,1,0,1,0,0,0,8
103582,1,0,0,0,0,0,0,0,0,0,0,0,0
103583,1,1,1,1,1,0,0,0,0,0,0,0,4
103584,1,1,1,1,1,0,1,0,0,0,1,1,10
103585,1,0,0,0,0,0,0,0,0,0,0,0,0
103586,1,1,1,1,0,0,0,0,0,0,0,0,3
103587,1,0,0,0,0,0,0,0,0,0,0,0,0
103588,1,1,1,1,1,1,1,1,1,1,1,0,10
103589,1,0,0,0,0,0,0,0,0,0,0,0,0
103590,1,1,1,0,0,1,1,1,1,0,1,0,10
103591,1,1,0,1,0,0,0,0,0,0,0,0,3
103592,1,0,0,1,1,1,1,1,0,0,1,1,10
103593,1,0,0,0,0,0,0,0,0,0,0,0,0
103594,1,0,0,0,0,0,0,0,0,0,0,0,0
103595,1,0,0,0,0,0,0,0,0,0,0,0,0
103596,1,1,0,1,0,0,0,0,0,0,0,0,3
103597,1,0,0,0,0,0,0,0,0,0,0,0,0
103598,1,0,0,0,0,0,0,0,0,0,0,0,0
103599,1,1,1,0,0,0,0,0,0,0,1,1,10
103600,1,1,1,1,1,0,0,1,1,1,1,1,10
103601,1,1,1,1,1,0,0,0,0,1,1,1,10
103602,1,0,0,0,0,0,0,0,0,0,0,0,0
103603,1,1,1,0,0,0,0,0,0,0,0,0,2
103604,1,0,0,0,0,0,0,1,1,0,0,0,8
103605,1,0,0,0,0,0,0,0,0,0,0,0,0
103606,1,0,0,0,0,0,0,0,0,0,0,0,0
103607,1,1,1,1,0,1,0,1,1,1,1,1,10
103608,1,0,0,0,0,0,0,0,0,0,0,0,0
103609,1,1,0,0,0,0,0,0,0,0,0,0,1
103610,1,0,0,0,0,0,0,0,0,0,0,0,0
103611,1,1,1,1,0,1,0,0,0,0,0,0,5
103612,1,1,0,0,1,1,0,0,0,0,0,1,5
103613,1,0,0,0,0,0,0,0,0,0,0,0,0
103614,1,0,0,0,0,0,0,0,0,0,0,0,0
103615,1,1,0,0,0,0,0,0,0,0,0,0,1
103616,1,0,0,0,0,0,0,0,1,0,1,1,10
103617,1,0,0,0,0,0,0,0,0,0,0,0,0
103618,1,0,0,0,0,0,0,0,0,0,0,0,0
103619,1,0,0,0,0,0,0,0,0,0,0,0,0
103620,1,1,1,0,0,0,0,0,0,0,0,0,2
103621,1,0,0,0,0,0,0,0,0,0,0,0,0
103622,1,0,0,0,0,0,0,1,0,1,1,1,10
103623,1,1,0,1,1,1,1,1,1,1,1,1,10
103624,1,1,1,0,0,0,0,0,0,0,0,0,2
103625,1,0,1,0,0,0,1,0,0,0,0,0,6
103626,1,0,0,0,0,0,0,0,0,0,0,0,0
103627,1,0,0,0,0,0,0,0,0,0,0,0,0
103628,1,1,1,0,0,0,0,0,0,0,0,0,2
103629,1,1,0,0,0,0,0,0,0,0,0,0,1
103630,1,0,0,0,0,0,1,0,0,0,0,0,6
103631,1,0,0,0,0,0,0,0,0,0,0,0,0
103632,1,1,0,1,1,1,1,1,1,1,1,0,10
103633,1,1,0,0,0,0,0,0,0,0,0,0,1
103634,1,0,0,0,0,0,0,0,0,0,0,0,0
103635,1,0,0,0,0,0,0,0,0,0,0,1,0
103636,1,1,0,0,0,0,0,0,0,0,0,0,1
103637,1,1,1,0,1,1,1,1,1,1,1,0,10
103638,1,0,0,0,0,0,0,0,0,0,0,0,0
103639,1,1,1,0,0,0,0,0,0,0,0,0,2
103640,1,1,1,0,0,1,0,0,0,0,0,0,5
103641,1,0,0,1,1,1,1,1,1,0,1,1,10
103642,1,0,1,0,0,0,1,1,1,1,1,1,10
103643,1,1,1,1,0,0,0,0,0,0,0,0,3
103644,1,0,0,0,0,0,0,0,0,0,0,0,0
103645,1,0,0,0,0,0,0,0,0,0,0,0,0
103646,1,0,0,0,0,0,0,0,0,0,0,0,0
103647,1,0,0,0,0,0,0,0,0,0,0,0,0
103648,1,1,1,1,0,0,0,0,0,0,0,0,3
103649,1,1,1,1,1,1,1,0,1,1,1,1,10
103650,1,0,0,0,0,0,0,0,0,0,0,0,0
103651,1,0,0,0,0,0,0,0,0,0,0,0,0
103652,1,1,1,1,1,1,0,1,0,0,0,0,7
103653,1,1,0,0,1,1,0,0,0,0,0,0,5
103654,1,1,1,0,1,1,0,0,0,0,0,0,5
103655,1,0,0,0,0,0,0,0,0,0,0,0,0
103656,1,0,0,0,0,0,0,0,0,0,0,0,0
103657,1,1,0,0,1,1,0,0,0,0,0,0,5
103658,1,0,0,0,0,0,0,0,0,0,0,0,0
103659,1,0,1,0,0,0,0,0,1,1,0,0,9
103660,1,1,1,1,1,1,0,0,0,0,0,1,5
103661,1,0,0,0,1,0,1,1,1,1,1,0,10
103662,1,1,0,0,0,1,1,1,1,0,0,0,8
103663,1,1,0,1,1,1,1,1,0,1,1,1,10
103664,1,0,1,1,1,1,1,1,1,1,0,1,9
103665,1,1,1,0,0,0,0,0,0,0,0,0,2
103666,1,0,0,0,0,0,0,0,0,0,0,0,0
103667,1,1,1,1,1,1,1,1,1,0,0,0,8
103668,1,1,1,1,0,1,0,1,1,0,0,0,8
103669,1,1,0,1,0,1,1,1,1,1,0,0,9
103670,1,0,0,0,0,1,0,1,1,1,0,0,9
103671,1,1,1,1,1,1,0,0,0,0,0,0,5
103672,1,1,1,0,1,0,0,1,0,0,0,1,7
103673,1,1,1,0,0,0,0,0,1,0,0,1,8
103674,1,1,0,0,0,0,0,0,0,0,0,0,1
103675,1,0,0,0,0,0,1,1,1,0,0,0,8
103676,1,0,0,0,0,0,0,0,0,0,0,0,0
103677,1,0,1,1,0,0,0,0,0,0,0,0,3
103678,1,0,0,1,0,0,0,0,0,0,0,0,3
103679,1,1,1,1,1,1,0,1,1,0,0,0,8
103680,1,0,0,0,0,0,0,0,0,0,0,0,0
103681,1,1,1,1,1,0,0,0,0,0,0,0,4
103682,1,0,0,0,0,0,0,0,0,0,0,0,0
103683,1,0,0,0,0,0,0,0,0,0,0,0,0
103684,1,0,0,0,0,0,0,0,0,0,0,0,0
103685,1,0,0,0,0,0,0,0,0,0,0,0,0
103686,1,0,0,0,0,0,0,0,0,0,0,0,0
103687,1,0,0,0,0,0,0,0,0,0,0,0,0
103688,1,0,0,0,0,0,0,0,0,0,0,0,0
103689,1,0,0,0,0,0,0,0,0,0,0,0,0
103690,1,1,1,1,0,0,0,0,0,0,0,0,3
103691,1,0,0,0,0,0,0,0,0,0,0,0,0
103692,1,1,0,1,1,1,0,0,0,0,0,0,5
103693,1,0,0,1,1,1,0,0,0,0,0,1,5
103694,1,0,1,1,0,0,0,0,0,0,0,0,3
103695,1,0,0,0,0,0,0,0,0,0,0,0,0
103696,1,1,1,1,1,1,1,0,0,0,1,0,10
103697,1,1,1,1,0,0,0,0,0,0,0,0,3
103698,1,0,0,0,0,0,0,0,0,0,0,0,0
103699,1,1,1,1,0,0,0,0,0,0,0,0,3
103700,1,1,1,1,1,1,0,0,0,0,0,0,5
103701,1,1,1,1,1,1,0,1,1,0,1,1,10
103702,1,1,0,1,1,0,1,1,0,0,0,0,7
103703,1,1,1,1,0,1,0,0,0,0,0,0,5
103704,1,1,1,0,0,0,0,0,0,0,0,0,2
103705,1,0,0,0,0,0,0,0,0,0,0,0,0
103706,1,0,0,0,0,0,0,0,0,0,0,0,0
103707,1,0,0,1,0,0,0,0,0,0,0,1,3
103708,1,0,0,0,0,0,0,0,0,0,0,0,0
103709,1,0,0,0,1,1,0,0,0,0,0,0,5
103710,1,1,0,0,0,0,0,0,0,0,0,0,1
103711,1,1,0,1,1,1,1,0,0,0,0,0,6
103712,1,1,0,0,0,0,0,0,0,0,0,0,1
103713,1,0,0,0,0,0,0,0,0,0,0,0,0
103714,1,1,1,0,0,1,1,1,1,0,0,0,8
103715,1,0,0,0,1,1,0,1,1,1,0,0,9
103716,1,0,0,0,0,0,0,0,0,0,0,0,0
103717,1,0,1,1,1,0,1,1,1,1,0,0,9
103718,1,0,0,0,0,0,0,0,0,0,0,0,0
103719,1,1,0,1,1,0,0,0,0,0,0,0,4
103720,1,0,1,0,0,0,0,0,0,0,0,0,2
103721,1,0,1,0,0,0,0,0,0,0,0,0,2
103722,1,0,0,0,0,0,0,0,0,0,0,0,0
103723,1,1,0,0,0,0,0,0,0,0,0,0,1
103724,1,1,1,1,1,1,1,1,0,1,0,0,9
103725,1,1,1,1,0,0,1,1,0,1,1,1,10
103726,1,1,1,1,1,1,0,1,1,1,1,1,10
103727,1,0,0,0,0,0,0,0,0,0,0,0,0
103728,1,0,0,0,0,0,0,0,0,0,0,0,0
103729,1,1,1,0,0,0,1,0,1,0,1,0,10
103730,1,1,1,0,0,0,0,0,0,0,0,0,2
103731,1,1,1,1,1,1,1,1,1,1,1,1,10
103732,1,1,0,0,0,0,0,0,0,0,0,0,1
103733,1,1,0,0,0,1,1,0,1,1,0,0,9
103734,1,0,0,0,0,0,0,0,0,0,0,0,0
103735,1,1,0,1,1,0,0,0,0,0,0,0,4
103736,1,0,0,0,0,0,0,0,0,0,0,0,0
103737,1,1,1,1,1,1,0,1,1,0,0,0,8
103738,1,1,1,1,0,1,1,1,1,0,0,0,8
103739,1,0,0,0,0,0,0,0,0,0,0,0,0
103740,1,1,0,0,0,0,0,1,0,0,0,0,7
103741,1,0,0,0,0,0,0,0,0,0,0,0,0
103742,1,0,0,0,0,0,0,0,0,0,0,0,0
103743,1,0,0,0,0,0,0,0,0,0,0,0,0
103744,1,0,0,0,0,0,0,0,0,0,0,0,0
103745,1,0,0,0,0,0,0,0,0,0,0,1,0
103746,1,1,1,1,1,1,1,1,1,1,1,0,10
103747,1,0,0,1,0,1,1,0,0,0,0,0,6
103748,1,0,0,0,0,0,0,1,0,0,1,0,10
103749,1,1,1,1,1,1,1,1,1,1,1,1,10
103750,1,1,1,0,0,0,0,0,1,0,0,0,8
103751,1,1,1,1,0,0,1,1,1,1,0,0,9
103752,1,1,0,1,0,0,0,0,0,0,0,0,3
103753,1,0,0,0,1,1,0,0,0,0,0,0,5
103754,1,0,0,0,0,0,0,1,1,1,1,1,10
103755,1,1,1,1,0,1,0,0,0,0,0,0,5
103756,1,0,0,0,0,0,0,0,0,0,0,0,0
103757,1,1,0,0,0,1,1,0,1,1,0,0,9
103758,1,1,0,0,1,1,0,0,0,0,0,0,5
103759,1,0,0,0,0,0,0,0,0,0,0,0,0
103760,1,0,0,0,0,0,0,0,0,0,0,0,0
103761,1,0,0,0,0,0,0,0,0,0,0,0,0
103762,1,1,1,0,0,0,0,0,0,0,0,0,2
103763,1,0,1,0,1,0,0,0,0,0,0,0,4
103764,1,0,1,1,1,0,0,0,0,0,0,0,4
103765,1,1,1,1,1,1,1,1,1,1,0,0,9
103766,1,0,0,0,0,0,0,0,0,0,0,0,0
103767,1,1,0,0,0,0,1,0,0,0,0,0,6
103768,1,0,0,1,0,0,0,0,0,0,0,0,3
103769,1,0,0,0,0,0,0,0,0,0,0,0,0
103770,1,0,0,0,0,1,0,0,0,0,0,0,5
103771,1,0,1,1,1,0,0,0,1,1,0,0,9
103772,1,1,1,0,1,1,1,1,0,0,0,0,7
103773,1,1,1,1,0,0,1,1,1,1,1,1,10
103774,1,0,0,0,0,0,0,0,0,0,0,0,0
103775,1,0,1,1,0,0,1,0,0,0,0,0,6
103776,1,0,1,1,1,1,1,1,1,1,1,1,10
103777,1,0,0,0,0,0,0,0,0,0,0,0,0
103778,1,0,0,1,1,0,1,1,1,0,0,0,8
103779,1,1,1,1,0,1,1,1,0,1,1,1,10
103780,1,0,0,0,0,0,0,0,0,0,0,0,0
103781,1,1,0,0,0,0,1,0,0,0,0,0,6
103782,1,1,1,1,1,0,1,1,1,1,1,1,10
103783,1,0,0,0,0,0,0,0,0,0,0,0,0
103784,1,0,1,0,1,1,1,1,1,1,1,1,10
103785,1,0,0,0,0,0,0,0,0,0,0,0,0
103786,1,1,0,1,1,1,0,0,0,0,0,0,5
103787,1,0,0,0,1,1,1,1,0,1,0,0,9
103788,1,0,0,0,0,0,0,0,0,0,0,0,0
103789,1,1,0,0,0,0,0,0,0,0,0,0,1
103790,1,1,1,0,0,0,0,0,1,1,1,1,10
103791,1,0,1,1,1,1,1,1,0,0,0,0,7
103792,1,1,0,0,0,0,0,0,0,0,0,0,1
103793,1,0,1,0,1,0,0,0,0,0,0,0,4
103794,1,1,1,1,0,0,0,0,0,0,0,0,3
103795,1,1,1,0,0,0,0,0,0,0,0,0,2
103796,1,1,1,0,0,1,0,0,0,0,1,1,10
103797,1,0,0,0,0,0,0,0,0,0,0,0,0
103798,1,1,0,0,0,0,0,0,0,1,0,0,9
103799,1,0,1,0,0,0,0,0,0,0,0,0,2
103800,1,1,1,0,0,1,0,1,1,1,1,1,10
103801,1,0,0,0,0,0,0,0,0,0,0,0,0
103802,1,1,0,0,0,0,0,0,0,0,0,0,1
103803,1,0,0,0,0,0,0,0,0,0,0,0,0
103804,1,1,0,0,0,0,0,0,0,0,0,0,1
103805,1,1,1,1,1,1,0,0,1,1,1,1,10
103806,1,0,0,0,0,0,0,0,0,0,0,0,0
103807,1,0,0,0,0,0,0,0,0,0,0,0,0
103808,1,0,0,0,1,1,1,1,1,1,1,1,10
103809,1,0,0,0,0,0,0,0,0,0,0,0,0
103810,1,0,0,0,0,0,0,0,0,0,0,0,0
103811,1,1,0,1,0,1,1,1,1,1,0,1,9
103812,1,0,0,0,0,0,0,0,0,0,0,0,0
103813,1,0,0,0,0,0,0,0,0,0,0,0,0
103814,1,0,0,0,0,0,1,0,0,0,1,0,10
103815,1,0,0,0,0,0,0,0,0,0,0,0,0
103816,1,1,1,0,0,0,0,0,0,0,0,0,2
103817,1,0,0,0,1,1,1,1,1,1,1,0,10
103818,1,1,1,0,1,1,1,1,1,1,1,1,10
103819,1,0,0,0,0,0,0,0,0,0,0,0,0
103820,1,0,0,0,0,0,0,0,0,0,0,0,0
103821,1,0,0,0,0,0,0,0,0,0,0,0,0
103822,1,0,0,0,0,0,0,0,0,0,0,0,0
103823,1,0,0,0,0,0,0,0,0,0,0,0,0
103824,1,1,0,0,0,0,1,0,1,1,1,0,10
103825,1,0,0,0,0,0,0,0,0,0,0,0,0
103826,1,0,0,0,0,0,0,0,0,0,0,0,0
103827,1,0,1,0,0,0,0,0,0,0,0,0,2
103828,1,1,1,1,1,0,0,0,0,0,0,0,4
103829,1,1,0,0,0,0,0,0,0,0,0,0,1
103830,1,1,1,1,1,1,1,1,1,1,1,0,10
103831,1,0,0,0,1,0,0,0,0,0,0,0,4
103832,1,1,1,1,0,0,0,0,0,0,0,0,3
103833,1,1,1,1,1,1,1,1,1,1,1,1,10
103834,1,0,0,0,0,1,1,1,1,1,1,0,10
103835,1,0,0,0,0,0,0,0,0,0,0,0,0
103836,1,0,0,0,0,0,0,0,0,0,0,0,0
103837,1,0,0,0,0,0,0,0,0,0,0,0,0
103838,1,0,0,0,0,0,0,0,0,0,0,0,0
103839,1,0,0,0,0,0,0,0,0,0,0,0,0
103840,1,0,0,0,0,0,0,0,0,0,0,0,0
103841,1,0,0,0,0,0,0,0,0,0,0,0,0
103842,1,0,0,0,0,0,0,0,0,0,0,0,0
103843,1,1,0,1,1,1,1,1,1,1,1,0,10
103844,1,0,0,0,0,0,0,0,0,0,0,0,0
103845,1,1,1,0,0,1,0,1,0,0,0,0,7
103846,1,0,0,0,1,1,1,0,0,0,0,0,6
103847,1,0,0,0,0,0,0,0,0,0,0,0,0
103848,1,0,0,0,0,0,0,0,0,0,0,0,0
103849,1,0,0,0,0,0,0,0,0,0,0,0,0
103850,1,0,0,0,0,0,0,0,0,0,0,0,0
103851,1,1,1,1,0,1,1,1,1,0,1,0,10
103852,1,0,0,0,0,0,0,0,0,0,0,0,0
103853,1,0,0,0,0,0,0,0,0,0,0,0,0
103854,1,1,0,0,0,0,0,0,0,0,0,0,1
103855,1,1,1,1,0,1,1,1,1,1,1,1,10
103856,1,1,1,1,1,0,0,0,0,0,0,0,4
103857,1,1,1,1,0,1,1,0,1,0,0,0,8
103858,1,1,1,1,0,1,1,0,1,0,0,0,8
103859,1,1,1,0,0,0,0,0,0,0,0,0,2
103860,1,0,0,0,0,0,0,0,0,0,0,0,0
103861,1,0,0,0,0,0,0,0,0,0,0,0,0
103862,1,0,0,0,0,0,0,0,0,0,0,0,0
103863,1,0,0,0,0,0,0,0,0,0,0,0,0
103864,1,0,0,0,0,0,0,0,0,0,0,0,0
103865,1,0,0,0,0,0,0,0,0,0,0,0,0
103866,1,1,0,1,0,0,0,0,0,0,0,0,3
103867,1,0,1,1,1,1,1,1,1,1,1,1,10
103868,1,1,1,0,0,0,0,0,1,0,0,0,8
103869,1,1,0,0,0,0,0,0,0,0,0,0,1
103870,1,1,0,0,0,0,0,0,0,0,0,0,1
103871,1,0,0,0,0,1,0,1,1,1,0,1,9
103872,1,0,0,0,0,0,0,0,0,0,0,0,0
103873,1,0,0,0,0,0,0,0,0,0,0,0,0
103874,1,0,0,0,0,1,1,0,1,0,0,1,8
103875,1,0,0,0,0,0,0,0,0,0,0,0,0
103876,1,0,0,0,0,0,0,0,0,0,0,0,0
103877,1,0,0,0,1,0,0,0,0,0,0,0,4
103878,1,0,1,0,0,0,0,0,0,0,0,0,2
103879,1,1,1,0,0,0,0,0,0,0,0,0,2
103880,1,0,0,0,0,0,0,0,0,0,0,0,0
103881,1,0,0,0,0,0,1,1,0,0,0,0,7
103882,1,1,0,0,0,0,0,0,0,0,0,0,1
103883,1,0,0,0,0,0,0,0,0,0,0,0,0
103884,1,0,0,1,0,1,0,0,0,0,0,0,5
103885,1,0,0,0,0,0,0,0,0,0,0,0,0
103886,1,0,0,0,0,0,0,0,0,0,0,0,0
103887,1,0,0,0,0,0,0,0,0,0,0,0,0
103888,1,1,0,0,0,0,0,0,0,0,0,0,1
103889,1,0,0,0,0,0,1,1,1,1,0,0,9
103890,1,1,1,1,1,1,1,1,1,1,1,0,10
103891,1,1,0,1,1,1,1,1,1,1,0,1,9
103892,1,0,0,1,0,0,1,0,0,0,0,0,6
103893,1,0,0,0,0,0,0,0,0,0,0,0,0
103894,1,1,1,0,1,1,1,1,1,1,0,0,9
103895,1,1,1,1,1,1,1,1,1,1,0,0,9
103896,1,1,0,1,0,0,0,0,0,0,0,0,3
103897,1,1,1,0,0,0,0,0,0,0,0,0,2
103898,1,1,0,0,0,0,0,0,0,0,0,0,1
103899,1,0,0,0,0,0,0,0,0,0,0,0,0
103900,1,1,0,1,1,0,1,0,0,0,0,0,6
103901,1,1,1,1,1,0,0,0,0,0,0,0,4
103902,1,0,1,1,0,0,0,1,0,1,1,1,10
103903,1,1,0,0,0,1,0,0,0,0,0,0,5
103904,1,0,1,0,0,0,0,0,0,0,0,0,2
103905,1,0,0,0,0,0,0,0,0,0,0,0,0
103906,1,1,1,1,1,1,1,1,1,0,0,0,8
103907,1,1,1,1,1,1,1,1,0,1,1,0,10
103908,1,0,0,0,0,0,0,0,0,0,1,0,10
103909,1,0,0,1,1,1,1,1,0,0,0,0,7
103910,1,0,0,0,0,0,0,0,0,0,0,0,0
103911,1,1,1,1,1,1,1,0,0,1,1,0,10
103912,1,1,1,1,0,0,0,0,0,0,0,0,3
103913,1,0,0,0,0,0,0,0,0,0,0,0,0
103914,1,0,0,0,0,0,0,0,0,0,0,0,0
103915,1,0,0,0,0,0,0,0,0,0,0,0,0
103916,1,0,1,0,0,0,0,0,0,0,0,0,2
103917,1,0,1,1,0,0,0,0,0,0,0,0,3
103918,1,0,0,0,0,0,0,0,0,0,0,0,0
103919,1,0,0,0,0,0,0,0,0,0,0,0,0
103920,1,0,0,0,0,0,0,0,0,0,0,0,0
103921,1,0,0,0,0,0,0,0,0,0,0,0,0
103922,1,0,0,0,0,0,0,0,0,0,0,0,0
103923,1,0,0,0,0,0,0,0,0,0,0,0,0
103924,1,0,0,0,0,0,0,0,0,0,0,0,0
103925,1,0,0,0,0,0,0,0,0,0,0,0,0
103926,1,1,1,1,0,0,0,0,0,0,0,0,3
103927,1,1,0,0,0,0,0,0,0,0,0,0,1
103928,1,0,0,0,0,0,0,0,0,0,0,0,0
103929,1,0,0,0,0,0,0,0,0,0,0,0,0
103930,1,0,0,0,0,0,0,0,0,0,0,0,0
103931,1,1,0,0,1,0,0,0,1,0,1,1,10
103932,1,1,1,1,1,1,1,0,1,1,1,1,10
103933,1,0,0,1,1,0,1,1,0,0,0,0,7
103934,1,1,0,1,1,1,1,1,1,1,1,1,10
103935,1,0,0,0,0,0,0,0,0,0,0,0,0
103936,1,0,0,0,0,1,0,0,0,0,0,0,5
103937,1,0,1,0,0,0,0,0,0,0,0,0,2
103938,1,1,0,1,0,0,0,0,0,0,0,0,3
103939,1,1,0,1,1,1,1,1,0,0,0,0,7
103940,1,0,0,0,0,0,0,0,0,0,0,0,0
103941,1,1,1,1,1,1,0,0,0,0,0,0,5
103942,1,0,0,0,0,0,0,0,0,0,0,0,0
103943,1,1,1,1,1,1,1,1,1,1,1,0,10
103944,1,0,0,0,0,0,0,0,0,0,0,0,0
103945,1,0,0,0,1,0,1,0,0,1,1,1,10
103946,1,0,0,0,0,0,1,0,0,0,0,0,6
103947,1,0,0,0,0,0,0,0,0,0,0,0,0
103948,1,0,0,1,1,1,1,0,1,1,1,1,10
103949,1,1,0,0,0,0,1,1,0,1,1,0,10
103950,1,1,0,0,0,0,0,0,0,0,0,0,1
103951,1,1,1,0,0,0,0,1,1,0,0,0,8
103952,1,0,0,0,1,0,1,0,1,1,0,1,9
103953,1,0,0,0,1,1,1,0,0,0,0,0,6
103954,1,0,0,0,0,0,0,0,0,0,0,0,0
103955,1,1,0,1,0,0,0,0,0,0,0,0,3
103956,1,0,0,0,0,0,0,0,0,0,0,0,0
103957,1,1,1,0,0,0,0,1,1,1,1,1,10
103958,1,0,1,0,0,0,0,0,0,0,0,0,2
103959,1,0,0,0,0,0,0,0,0,0,0,0,0
103960,1,0,1,0,0,0,0,1,0,0,0,0,7
103961,1,0,0,0,0,0,0,0,0,0,0,0,0
103962,1,0,0,0,0,0,0,0,0,0,0,0,0
103963,1,0,0,0,0,0,0,0,0,0,0,0,0
103964,1,0,0,0,0,0,0,0,0,0,0,0,0
103965,1,1,1,1,1,1,1,1,0,0,0,0,7
103966,1,0,0,1,1,1,1,1,1,1,0,0,9
103967,1,0,0,1,1,0,0,0,1,1,1,0,10
103968,1,0,1,0,0,1,0,1,0,1,0,1,9
103969,1,0,0,0,0,0,0,0,0,0,0,0,0
103970,1,1,1,0,0,1,1,1,1,0,0,0,8
103971,1,1,1,1,1,1,1,1,0,1,1,1,10
103972,1,1,1,1,1,1,1,1,1,1,1,1,10
103973,1,1,0,0,0,0,0,0,0,0,0,0,1
103974,1,0,0,0,0,0,0,0,0,0,0,0,0
103975,1,1,1,1,1,1,1,1,1,1,1,0,10
103976,1,1,1,1,1,1,1,1,1,1,1,1,10
103977,1,0,0,0,0,0,0,0,0,0,0,0,0
103978,1,1,0,1,1,1,1,1,1,0,0,0,8
103979,1,1,1,1,1,0,0,1,1,0,0,0,8
103980,1,0,1,1,1,1,1,1,1,1,0,0,9
103981,1,1,0,0,0,0,0,0,0,0,0,0,1
103982,1,1,1,1,1,1,1,1,1,0,0,0,8
103983,1,1,1,1,0,1,1,0,1,1,1,1,10
103984,1,1,0,0,0,0,0,0,0,0,0,0,1
103985,1,1,0,0,0,0,0,0,0,0,0,0,1
103986,1,1,1,1,0,0,0,0,0,0,0,0,3
103987,1,0,0,0,0,0,0,0,0,0,0,0,0
103988,1,1,0,0,0,1,1,1,1,1,1,1,10
103989,1,1,0,0,0,0,0,0,0,0,0,0,1
103990,1,0,0,0,0,0,0,0,0,0,0,0,0
103991,1,0,1,0,0,0,0,0,0,0,1,0,10
103992,1,0,1,0,0,0,0,0,0,0,0,0,2
103993,1,0,0,0,0,1,0,0,0,0,0,0,5
103994,1,0,0,0,0,0,0,0,0,0,0,0,0
103995,1,0,0,0,0,0,0,0,0,0,0,0,0
103996,1,1,1,0,1,1,1,1,1,1,0,1,9
103997,1,0,0,0,0,0,0,0,0,0,0,0,0
103998,1,1,0,0,0,0,0,0,0,0,0,0,1
103999,1,1,0,0,0,0,0,0,0,0,0,0,1
104000,1,0,0,0,0,0,0,0,0,0,0,0,0
104001,1,0,0,0,0,0,0,0,0,0,0,0,0
104002,1,0,0,0,0,0,0,0,0,0,0,0,0
104003,1,1,1,1,0,1,0,0,0,0,0,0,5
104004,1,0,0,0,0,0,0,0,0,0,0,0,0
104005,1,1,0,1,1,1,1,1,1,0,0,0,8
104006,1,0,0,0,0,0,0,0,0,0,0,0,0
104007,1,0,0,0,0,0,0,0,0,0,0,0,0
104008,1,0,0,0,0,0,0,0,0,0,0,0,0
104009,1,0,0,0,0,0,0,0,0,0,0,0,0
104010,1,0,0,0,0,0,0,0,0,0,0,0,0
104011,1,0,0,0,0,0,0,0,0,0,0,0,0
104012,1,0,0,0,0,0,0,0,0,0,0,0,0
104013,1,1,0,1,1,0,0,0,0,0,0,0,4
104014,1,1,0,0,0,1,0,1,0,0,0,0,7
104015,1,1,0,0,0,0,0,0,0,0,0,0,1
104016,1,0,0,0,0,0,0,0,0,0,0,0,0
104017,1,0,0,0,0,0,0,0,0,0,0,0,0
104018,1,1,1,1,0,0,0,0,0,0,0,0,3
104019,1,0,1,1,0,1,0,1,1,1,1,1,10
104020,1,0,0,0,0,0,0,0,0,0,0,0,0
104021,1,0,0,0,0,0,0,0,0,0,0,0,0
104022,1,0,0,0,0,0,0,0,0,0,0,0,0
104023,1,0,1,1,1,1,1,1,0,0,1,0,10
104024,1,0,0,0,0,0,0,0,0,0,0,0,0
104025,1,1,1,1,0,0,0,0,0,0,0,0,3
104026,1,1,1,1,0,0,0,0,0,0,0,0,3
104027,1,0,0,0,0,0,0,0,0,0,0,0,0
104028,1,0,0,0,0,0,0,0,0,0,0,0,0
104029,1,0,1,1,0,0,1,0,0,0,0,0,6
104030,1,0,0,0,0,0,0,0,0,0,0,0,0
104031,1,0,0,0,0,0,0,0,0,0,0,0,0
104032,1,0,0,0,0,0,0,0,0,0,0,0,0
104033,1,1,1,0,0,0,0,0,0,0,0,0,2
104034,1,0,0,0,0,0,0,0,0,0,0,0,0
104035,1,0,0,0,1,0,1,0,1,1,1,1,10
104036,1,0,1,0,0,0,0,0,0,0,0,0,2
104037,1,0,0,0,0,0,0,0,0,0,0,0,0
104038,1,1,0,0,0,0,1,1,1,0,1,0,10
104039,1,0,0,0,0,0,0,1,0,1,1,1,10
104040,1,0,0,0,0,0,0,0,0,0,0,0,0
104041,1,0,0,0,0,0,0,0,0,0,0,0,0
104042,1,1,1,0,0,0,0,0,0,0,0,0,2
104043,1,0,0,1,1,0,1,0,0,0,0,0,6
104044,1,0,0,0,0,0,0,0,0,0,0,0,0
104045,1,1,0,0,0,0,0,0,0,0,0,0,1
104046,1,1,0,0,0,0,0,1,0,1,0,0,9
104047,1,0,0,0,0,0,0,0,0,0,0,0,0
104048,1,1,1,0,0,0,0,0,0,0,0,0,2
104049,1,0,0,0,0,0,0,0,0,0,0,0,0
104050,1,1,0,1,0,0,0,0,0,0,0,0,3
104051,1,0,0,0,0,0,0,0,0,0,0,0,0
104052,1,1,1,1,0,1,0,0,1,1,1,0,10
104053,1,1,0,0,0,0,0,0,0,0,0,0,1
104054,1,1,1,0,0,0,0,0,0,0,0,0,2
104055,1,0,0,0,0,0,0,0,0,0,0,0,0
104056,1,0,0,0,0,0,0,0,0,0,0,0,0
104057,1,1,0,0,0,0,0,0,0,0,0,0,1
104058,1,0,0,0,0,0,0,0,0,0,0,0,0
104059,1,1,1,1,0,1,1,1,0,0,0,1,7
104060,1,0,0,0,0,0,0,0,0,0,0,0,0
104061,1,1,1,1,0,0,0,0,0,1,0,1,9
104062,1,1,1,1,1,1,1,1,1,1,1,0,10
104063,1,0,0,0,0,1,0,0,0,0,0,0,5
104064,1,1,0,0,0,0,0,0,0,0,0,0,1
104065,1,0,0,0,0,0,0,0,0,0,0,0,0
104066,1,0,0,0,0,0,0,0,0,0,0,0,0
104067,1,0,1,0,0,0,0,0,1,1,0,0,9
104068,1,0,0,0,0,0,0,0,0,0,0,0,0
104069,1,0,0,0,0,0,0,0,0,0,0,0,0
104070,1,0,0,0,0,0,0,0,0,0,0,0,0
104071,1,1,1,0,0,1,1,1,0,0,0,0,7
104072,1,1,0,0,0,0,0,0,0,0,0,0,1
104073,1,0,0,0,0,0,0,0,0,0,0,0,0
104074,1,1,0,0,0,0,0,0,0,0,0,0,1
104075,1,0,0,0,1,0,0,0,0,0,0,0,4
104076,1,0,0,0,0,0,0,0,0,0,0,0,0
104077,1,0,0,0,0,0,0,0,0,0,0,0,0
104078,1,1,1,1,1,1,1,1,1,1,1,1,10
104079,1,1,1,1,0,0,1,1,1,0,1,0,10
104080,1,1,1,0,0,0,0,0,0,0,0,0,2
104081,1,1,1,0,0,0,0,0,0,0,0,0,2
104082,1,1,1,0,1,0,0,0,0,0,0,0,4
104083,1,1,0,1,1,0,0,0,0,0,0,0,4
104084,1,1,1,1,1,1,1,1,1,1,0,1,9
104085,1,0,0,0,0,0,0,1,1,0,1,0,10
104086,1,0,0,1,1,0,0,0,0,0,0,0,4
104087,1,1,1,1,1,1,1,1,1,0,1,1,10
104088,1,0,0,0,0,0,0,0,0,0,0,0,0
104089,1,0,0,0,0,0,0,0,0,0,0,0,0
104090,1,1,0,1,1,1,0,1,0,0,0,0,7
104091,1,1,1,0,0,0,0,0,0,0,0,0,2
104092,1,0,0,0,0,0,0,0,0,0,0,0,0
104093,1,0,0,0,0,0,0,0,0,0,0,0,0
104094,1,1,1,0,1,0,0,0,0,0,0,0,4
104095,1,0,0,0,0,0,0,0,0,0,0,0,0
104096,1,0,0,0,1,1,1,1,0,1,1,0,10
104097,1,1,1,1,1,0,0,0,0,0,0,0,4
104098,1,0,0,0,0,0,0,0,0,0,0,0,0
104099,1,0,0,0,0,0,0,0,0,0,0,0,0
104100,1,0,0,0,1,0,0,0,1,1,0,0,9
104101,1,1,1,1,1,1,1,1,0,0,0,0,7
104102,1,1,0,1,0,1,1,1,0,0,0,0,7
104103,1,1,0,0,0,0,0,0,0,0,0,0,1
104104,1,1,1,1,1,1,1,1,1,1,1,1,10
104105,1,0,0,0,0,0,0,0,0,0,0,0,0
104106,1,1,0,1,0,1,1,1,1,1,1,1,10
104107,1,0,0,0,0,1,1,1,1,1,1,0,10
104108,1,0,0,0,0,0,0,0,0,0,0,0,0
104109,1,1,0,0,0,0,0,0,0,0,0,0,1
104110,1,1,1,0,1,1,0,1,1,1,1,1,10
104111,1,0,0,0,0,0,0,0,0,0,0,0,0
104112,1,1,0,0,0,0,0,0,0,0,0,0,1
104113,1,1,1,0,1,1,1,1,1,1,1,0,10
104114,1,0,0,0,0,0,1,0,0,0,0,0,6
104115,1,0,0,0,0,0,0,0,0,0,0,0,0
104116,1,1,1,1,1,1,1,1,1,1,1,1,10
104117,1,1,0,0,0,0,0,0,0,0,0,0,1
104118,1,1,1,0,0,0,0,0,0,0,0,0,2
104119,1,0,0,0,0,0,0,0,0,0,0,0,0
104120,1,0,0,0,0,0,0,0,0,0,0,0,0
104121,1,1,0,0,0,0,0,0,0,0,0,0,1
104122,1,0,0,0,0,0,0,1,0,0,0,0,7
104123,1,0,0,0,0,0,0,0,1,0,1,0,10
104124,1,1,1,1,1,1,1,1,1,1,1,1,10
104125,1,1,1,1,0,0,0,0,0,1,0,0,9
104126,1,1,1,1,1,0,0,0,0,0,0,0,4
104127,1,1,1,1,0,0,1,1,0,1,1,1,10
104128,1,0,0,1,0,0,0,0,0,0,0,0,3
104129,1,0,1,1,1,1,1,0,1,0,1,1,10
104130,1,1,0,0,0,0,0,1,1,1,0,0,9
104131,1,1,0,1,1,1,0,1,1,1,0,0,9
104132,1,0,0,0,0,0,0,0,0,0,0,0,0
104133,1,1,1,1,1,0,0,0,1,1,1,1,10
104134,1,0,0,0,0,0,0,0,0,0,0,0,0
104135,1,0,0,0,0,0,0,0,0,0,0,0,0
104136,1,1,0,0,0,0,0,0,0,1,0,0,9
104137,1,0,0,0,0,0,0,0,0,0,0,0,0
104138,1,1,0,0,0,1,0,0,0,0,0,0,5
104139,1,1,0,0,0,0,0,0,0,1,0,0,9
104140,1,1,0,0,0,1,1,1,0,1,1,1,10
104141,1,1,0,0,0,0,0,0,0,0,0,0,1
104142,1,1,1,0,0,0,0,0,1,0,1,0,10
104143,1,1,0,0,0,1,0,0,1,0,0,0,8
104144,1,0,0,0,0,0,0,0,0,0,0,0,0
104145,1,0,0,0,0,0,0,0,0,0,0,0,0
104146,1,1,0,0,0,0,0,0,0,0,0,0,1
104147,1,1,1,0,0,0,0,0,0,0,0,0,2
104148,1,1,0,0,0,0,0,0,0,1,0,0,9
104149,1,1,0,0,0,0,0,0,0,0,0,0,1
104150,1,1,0,0,0,0,0,0,0,0,0,0,1
104151,1,1,0,0,0,0,0,0,0,0,0,0,1
104152,1,0,0,0,0,0,0,0,0,0,1,0,10
104153,1,1,0,0,0,0,0,0,0,0,0,0,1
104154,1,1,1,1,0,1,1,0,1,1,0,0,9
104155,1,1,1,1,1,1,1,1,0,1,0,0,9
104156,1,0,0,0,0,0,0,0,0,0,0,0,0
104157,1,1,0,0,0,0,1,1,0,1,0,0,9
104158,1,0,0,0,0,0,0,0,0,0,0,0,0
104159,1,1,1,1,1,0,0,1,1,0,1,0,10
104160,1,0,0,0,0,0,0,0,0,0,0,0,0
104161,1,0,0,1,0,0,0,0,0,0,0,0,3
104162,1,1,1,0,0,0,0,0,0,0,0,0,2
104163,1,1,1,0,1,1,0,1,0,0,0,0,7
104164,1,0,0,0,0,0,0,0,0,0,0,0,0
104165,1,1,0,0,0,0,0,0,0,0,0,0,1
104166,1,1,1,1,1,1,1,1,1,1,0,0,9
104167,1,0,0,0,0,0,0,0,0,0,0,0,0
104168,1,0,1,0,0,0,0,0,0,0,0,0,2
104169,1,1,1,1,1,1,0,1,1,1,1,1,10
104170,1,0,0,0,0,0,0,0,0,0,0,0,0
104171,1,1,1,1,1,1,0,0,0,0,0,0,5
104172,1,1,0,1,1,1,1,0,0,0,0,0,6
104173,1,1,0,0,0,1,1,1,1,0,1,0,10
104174,1,0,0,0,0,0,0,0,0,0,1,0,10
104175,1,0,0,0,1,0,0,0,0,0,0,0,4
104176,1,0,0,0,0,0,0,0,0,0,0,0,0
104177,1,0,0,0,0,0,0,0,0,0,0,0,0
104178,1,0,0,0,0,0,0,0,0,0,0,0,0
104179,1,0,0,1,1,1,1,1,0,1,1,1,10
104180,1,1,1,0,1,0,0,0,0,1,0,1,9
104181,1,1,1,1,1,1,1,1,1,0,1,1,10
104182,1,1,1,0,0,1,1,0,0,0,0,0,6
104183,1,1,1,0,0,0,0,0,0,0,0,0,2
104184,1,0,0,0,0,0,0,0,0,0,0,0,0
104185,1,0,0,0,0,0,0,0,0,0,0,0,0
104186,1,1,1,1,1,1,0,0,0,0,0,0,5
104187,1,0,0,0,0,0,0,0,0,0,0,0,0
104188,1,1,1,1,1,1,1,1,1,1,0,0,9
104189,1,0,0,0,0,0,0,0,0,0,0,0,0
104190,1,0,0,0,0,0,0,0,0,0,0,0,0
104191,1,1,0,0,0,0,0,0,0,0,0,0,1
104192,1,1,1,0,0,0,0,0,0,0,0,0,2
104193,1,0,0,0,0,0,0,0,0,0,0,0,0
104194,1,1,0,0,0,0,0,0,0,0,0,0,1
104195,1,0,0,0,0,0,0,0,0,0,0,0,0
104196,1,1,0,0,0,0,0,0,0,0,0,0,1
104197,1,0,0,0,1,1,1,0,0,0,0,0,6
104198,1,1,0,0,0,0,0,0,0,0,0,0,1
104199,1,1,1,1,0,1,1,0,1,0,0,0,8
104200,1,0,0,0,0,0,0,0,0,0,1,0,10
104201,1,0,0,0,0,0,0,0,0,0,0,0,0
104202,1,0,1,0,0,0,0,0,0,0,0,0,2
104203,1,0,0,0,0,0,1,0,0,0,1,0,10
104204,1,1,1,0,0,0,0,0,0,0,0,1,2
104205,1,0,0,0,0,0,0,0,0,0,0,0,0
104206,1,1,1,1,0,0,0,0,0,0,0,0,3
104207,1,1,1,0,1,1,1,1,0,1,1,1,10
104208,1,1,0,0,0,0,0,0,0,0,0,0,1
104209,1,1,0,0,0,0,0,0,0,0,0,0,1
104210,1,1,0,0,0,0,0,0,0,0,0,0,1
104211,1,0,1,1,0,1,1,0,0,0,1,0,10
104212,1,0,0,0,0,0,0,0,0,0,0,0,0
104213,1,0,0,0,1,0,0,0,0,1,1,0,10
104214,1,0,0,0,0,0,0,0,0,0,0,0,0
104215,1,1,0,0,0,0,0,0,0,0,0,0,1
104216,1,0,0,0,0,0,1,1,0,1,1,0,10
104217,1,0,0,0,0,0,0,0,0,0,0,0,0
104218,1,0,0,0,0,0,1,0,0,0,0,0,6
104219,1,1,1,1,0,0,0,0,0,0,1,0,10
104220,1,1,0,0,0,0,0,0,0,0,0,0,1
104221,1,0,0,0,0,1,0,1,0,0,0,0,7
104222,1,0,0,0,0,0,0,0,0,0,0,0,0
104223,1,0,0,0,0,1,0,0,0,0,0,0,5
104224,1,1,0,0,0,1,0,0,0,0,0,0,5
104225,1,1,1,1,1,0,1,0,0,0,0,0,6
104226,1,1,1,1,1,0,0,0,0,0,0,0,4
104227,1,0,0,0,1,0,1,0,0,0,0,0,6
104228,1,0,0,0,0,0,0,0,0,0,0,0,0
104229,1,1,1,1,1,1,1,1,1,1,1,0,10
104230,1,1,0,0,0,0,0,0,0,0,0,0,1
104231,1,1,1,0,0,0,0,0,0,0,0,0,2
104232,1,0,0,0,0,0,0,0,0,0,0,0,0
104233,1,1,1,1,1,1,0,1,0,1,1,1,10
104234,1,1,1,0,0,0,0,0,0,0,0,0,2
104235,1,1,1,0,0,0,0,0,0,0,0,0,2
104236,1,1,1,0,0,0,0,0,0,0,0,0,2
104237,1,1,1,1,0,0,0,0,0,0,0,0,3
104238,1,0,0,0,0,0,0,0,0,0,0,0,0
104239,1,0,0,0,0,0,0,1,0,0,0,0,7
104240,1,1,1,0,1,0,1,0,1,0,0,0,8
104241,1,1,1,1,1,1,0,0,1,0,1,1,10
104242,1,0,0,0,0,0,0,0,0,0,0,0,0
104243,1,0,0,0,0,0,0,0,0,0,0,0,0
104244,1,1,0,0,0,0,0,0,0,0,0,0,1
104245,1,1,0,1,1,0,0,0,0,0,0,0,4
104246,1,1,1,0,0,1,1,1,1,1,1,1,10
104247,1,1,1,1,1,1,0,1,1,1,1,1,10
104248,1,0,0,0,0,0,0,0,0,0,0,0,0
104249,1,1,1,1,1,1,0,0,0,0,0,0,5
104250,1,0,0,0,0,0,0,0,0,0,0,0,0
104251,1,0,0,0,0,0,0,0,0,0,0,0,0
104252,1,0,0,0,0,0,0,0,1,0,1,1,10
104253,1,0,0,0,0,0,0,0,0,0,0,0,0
104254,1,0,0,0,0,0,0,0,0,0,0,0,0
104255,1,0,0,0,0,0,0,0,0,0,0,0,0
104256,1,0,0,0,0,0,0,0,0,0,0,0,0
104257,1,1,1,1,1,1,0,1,1,1,1,1,10
104258,1,0,0,0,0,0,0,0,0,0,0,0,0
104259,1,0,0,0,0,0,0,0,0,0,0,0,0
104260,1,0,0,1,1,0,0,0,0,0,0,0,4
104261,1,0,0,0,0,0,0,0,0,0,0,0,0
104262,1,0,0,0,0,0,0,0,0,0,0,0,0
104263,1,0,0,0,0,0,0,0,0,0,0,0,0
104264,1,0,0,0,0,0,0,0,0,0,0,0,0
104265,1,1,1,1,1,1,1,1,1,1,0,0,9
104266,1,1,0,0,1,1,1,0,0,1,1,0,10
104267,1,0,0,0,0,0,0,0,0,0,0,0,0
104268,1,1,1,1,1,1,1,1,0,1,0,0,9
104269,1,1,1,1,1,1,1,1,1,1,1,1,10
104270,1,0,0,1,1,0,1,0,1,1,1,0,10
104271,1,0,0,0,0,0,0,0,0,0,0,0,0
104272,1,1,0,0,0,0,1,0,1,0,1,0,10
104273,1,1,0,1,1,1,1,1,1,1,0,0,9
104274,1,0,1,1,0,1,1,0,0,1,1,1,10
104275,1,0,0,0,0,0,0,0,0,0,0,0,0
104276,1,1,1,1,0,1,1,1,1,1,1,1,10
104277,1,1,1,1,1,1,1,1,1,1,1,1,10
104278,1,0,1,1,1,0,1,0,1,1,1,0,10
104279,1,0,0,0,1,1,0,0,0,0,0,0,5
104280,1,1,0,0,0,0,0,0,0,0,0,0,1
104281,1,0,0,1,1,0,1,1,1,0,1,0,10
104282,1,1,0,0,0,0,0,0,0,0,0,0,1
104283,1,0,0,0,0,0,0,0,0,0,0,0,0
104284,1,1,1,1,1,1,1,1,1,1,1,1,10
104285,1,0,0,0,0,0,0,0,0,0,0,0,0
104286,1,0,1,1,1,1,0,0,0,0,0,0,5
104287,1,0,0,0,0,0,0,0,0,0,0,0,0
104288,1,1,0,1,1,1,1,1,1,1,1,1,10
104289,1,0,0,0,0,0,0,0,0,0,0,0,0
104290,1,1,1,1,1,0,0,0,0,0,0,0,4
104291,1,0,1,0,1,0,1,1,0,1,0,1,9
104292,1,1,1,1,1,1,0,0,0,0,0,0,5
104293,1,0,0,1,1,0,1,0,1,1,1,1,10
104294,1,0,0,0,0,0,0,0,0,0,0,0,0
104295,1,1,0,1,1,0,1,1,0,1,0,0,9
104296,1,1,1,1,1,0,0,1,1,1,1,1,10
104297,1,0,0,0,0,0,0,0,0,0,0,0,0
104298,1,1,1,1,1,0,1,0,1,0,1,1,10
104299,1,0,0,0,0,0,0,0,0,1,0,1,9
104300,1,1,1,1,1,0,0,0,0,0,0,0,4
104301,1,1,1,1,1,1,1,1,1,0,0,1,8
104302,1,1,0,0,0,0,0,0,0,0,0,0,1
104303,1,1,1,1,1,1,1,1,1,1,0,0,9
104304,1,1,1,1,0,0,0,0,0,0,0,0,3
104305,1,1,0,0,0,0,0,0,0,0,0,0,1
104306,1,1,1,1,1,1,1,1,1,1,1,0,10
104307,1,0,1,1,0,0,0,0,0,0,0,0,3
104308,1,1,0,0,0,0,0,0,0,0,0,0,1
104309,1,0,1,1,1,1,1,1,1,1,1,1,10
104310,1,0,0,0,0,0,0,0,0,0,0,0,0
104311,1,0,1,1,1,1,1,1,1,0,1,0,10
104312,1,0,1,0,0,0,0,0,0,0,0,0,2
104313,1,1,1,1,0,0,0,0,0,0,0,0,3
104314,1,1,1,0,0,0,0,0,0,0,0,0,2
104315,1,0,0,0,0,0,0,0,0,0,0,0,0
104316,1,1,1,1,1,0,1,1,1,1,1,1,10
104317,1,1,0,0,0,0,0,0,0,0,0,0,1
104318,1,0,0,0,0,0,0,0,0,0,0,0,0
104319,1,0,0,0,0,0,0,0,0,0,0,0,0
104320,1,1,0,0,0,0,0,0,0,0,0,0,1
104321,1,1,1,0,0,0,0,0,0,0,0,0,2
104322,1,0,0,0,0,0,0,0,0,0,0,0,0
104323,1,0,0,0,0,0,0,0,0,0,0,0,0
104324,1,0,0,1,1,1,1,0,0,1,1,1,10
104325,1,1,1,0,0,0,0,0,0,0,0,0,2
104326,1,1,1,1,1,0,0,0,0,0,0,0,4
104327,1,0,0,0,0,0,0,0,0,0,0,0,0
104328,1,0,0,0,0,0,0,0,0,0,0,0,0
104329,1,0,1,1,1,0,1,1,1,1,1,0,10
104330,1,0,0,0,1,1,0,1,1,1,1,0,10
104331,1,1,1,1,1,1,0,0,0,0,0,0,5
104332,1,1,0,0,0,0,0,0,0,0,0,0,1
104333,1,0,0,0,0,0,0,0,0,0,0,0,0
104334,1,0,0,0,0,0,0,0,0,0,0,0,0
104335,1,0,0,0,0,0,0,0,0,0,0,0,0
104336,1,1,1,1,1,1,1,1,1,0,1,1,10
104337,1,1,1,0,0,0,0,0,0,0,0,0,2
104338,1,0,0,0,0,0,0,0,0,0,0,0,0
104339,1,0,0,0,0,0,0,1,1,0,1,1,10
104340,1,0,0,1,0,1,0,0,0,0,0,0,5
104341,1,1,1,1,1,1,1,1,1,1,1,1,10
104342,1,1,0,0,0,0,0,1,1,0,0,0,8
104343,1,0,1,1,1,1,0,0,0,0,0,0,5
104344,1,1,0,0,0,0,0,0,0,0,0,0,1
104345,1,1,1,1,0,1,1,1,0,0,0,0,7
104346,1,1,1,1,1,1,1,1,0,0,0,0,7
104347,1,0,0,0,0,1,1,1,0,0,0,0,7
104348,1,0,0,0,0,0,0,0,0,0,0,0,0
104349,1,0,0,0,0,0,0,0,0,0,0,0,0
104350,1,1,1,1,1,1,1,1,1,1,1,0,10
104351,1,1,1,0,0,0,0,0,0,1,0,0,9
104352,1,0,0,0,0,0,0,0,0,0,0,0,0
104353,1,1,0,0,0,0,0,0,0,0,0,0,1
104354,1,0,0,0,0,0,0,0,0,0,0,0,0
104355,1,0,1,1,1,0,0,0,0,0,0,0,4
104356,1,1,1,0,0,0,1,0,0,1,0,1,9
104357,1,1,1,0,0,0,0,1,0,0,0,0,7
104358,1,0,0,0,0,1,0,0,0,0,0,0,5
104359,1,0,0,0,0,0,1,1,1,1,0,1,9
104360,1,0,1,0,0,0,0,0,0,0,0,0,2
104361,1,1,1,1,1,1,1,1,1,0,0,0,8
104362,1,0,0,0,0,0,0,0,0,0,0,0,0
104363,1,0,0,0,0,0,1,1,1,0,0,0,8
104364,1,1,1,1,0,1,1,1,1,1,1,0,10
104365,1,0,0,0,0,0,0,0,0,0,0,0,0
104366,1,1,1,1,0,1,1,1,1,1,1,0,10
104367,1,0,0,0,0,0,0,0,0,0,0,0,0
104368,1,0,0,0,0,0,0,0,0,0,0,0,0
104369,1,0,1,1,1,1,1,1,0,0,0,0,7
104370,1,0,1,1,0,1,0,0,0,0,0,0,5
104371,1,0,0,0,0,0,0,0,0,0,0,0,0
104372,1,0,0,0,0,0,0,0,0,0,0,0,0
104373,1,1,1,0,0,0,0,0,0,0,0,0,2
104374,1,0,0,0,0,0,0,0,0,0,0,0,0
104375,1,1,0,0,0,0,0,0,0,0,0,0,1
104376,1,0,0,0,0,0,0,0,0,0,0,0,0
104377,1,1,1,1,1,1,1,1,1,1,1,1,10
104378,1,1,1,0,0,0,0,0,0,0,0,0,2
104379,1,0,0,0,0,0,0,0,0,0,0,0,0
104380,1,0,0,0,0,0,0,0,0,0,0,0,0
104381,1,1,1,1,1,0,0,0,0,0,0,0,4
104382,1,0,0,0,1,0,0,0,1,0,0,0,8
104383,1,1,1,1,1,1,1,1,1,1,1,1,10
104384,1,1,1,1,1,1,1,1,1,1,1,1,10
104385,1,0,0,0,0,0,0,0,0,0,0,0,0
104386,1,0,1,1,1,1,1,0,0,1,1,1,10
104387,1,0,1,1,0,0,0,0,0,0,0,0,3
104388,1,0,0,0,0,0,0,0,0,0,0,0,0
104389,1,0,0,0,0,0,1,1,0,0,0,0,7
104390,1,1,0,0,1,1,1,1,1,1,1,1,10
104391,1,1,1,1,1,0,1,1,1,0,1,0,10
104392,1,0,0,0,0,0,0,0,0,0,0,0,0
104393,1,1,0,0,0,0,0,0,0,0,0,0,1
104394,1,1,1,1,1,1,1,1,1,1,0,0,9
104395,1,1,0,0,1,1,1,1,1,1,1,1,10
104396,1,1,1,0,0,0,0,1,0,0,0,0,7
104397,1,0,0,0,0,0,0,0,0,0,0,0,0
104398,1,1,0,0,0,0,0,0,0,0,0,0,1
104399,1,1,1,1,0,1,0,1,1,1,1,0,10
104400,1,1,0,1,1,1,1,1,1,1,1,0,10
104401,1,1,1,0,0,0,0,0,0,1,0,0,9
104402,1,1,1,1,1,1,0,0,1,0,1,0,10
104403,1,1,1,1,1,0,0,0,1,0,0,0,8
104404,1,1,1,0,1,1,1,1,1,0,0,0,8
104405,1,0,0,0,0,0,0,0,0,0,0,0,0
104406,1,0,1,1,1,1,1,1,1,1,1,1,10
104407,1,0,0,0,0,0,0,0,0,0,0,0,0
104408,1,1,1,0,0,0,0,0,0,0,0,0,2
104409,1,0,0,0,0,0,0,0,0,0,0,0,0
104410,1,0,1,1,0,0,0,0,0,0,0,0,3
104411,1,0,0,0,0,0,0,0,0,0,0,0,0
104412,1,0,0,0,0,0,0,0,0,0,0,0,0
104413,1,1,1,0,1,1,1,1,1,1,1,1,10
104414,1,0,0,0,0,0,0,0,0,0,0,0,0
104415,1,1,1,1,1,0,1,1,1,1,1,1,10
104416,1,0,0,0,0,0,0,0,0,0,0,0,0
104417,1,1,0,0,0,0,0,0,0,0,0,0,1
104418,1,0,0,0,0,0,0,0,0,0,0,0,0
104419,1,1,0,1,1,1,0,1,1,1,0,0,9
104420,1,0,0,0,0,0,0,0,0,0,0,0,0
104421,1,0,0,0,0,0,0,0,0,0,0,0,0
104422,1,1,0,0,0,0,0,1,0,0,0,0,7
104423,1,0,0,0,0,0,0,0,0,0,0,0,0
104424,1,1,1,1,1,1,1,1,1,1,1,1,10
104425,1,0,0,0,0,0,0,0,0,0,0,0,0
104426,1,1,0,0,0,1,1,1,1,1,1,0,10
104427,1,0,1,1,1,0,0,0,0,0,0,0,4
104428,1,1,1,1,1,1,1,1,1,1,1,1,10
104429,1,1,1,0,0,0,0,0,0,0,0,0,2
104430,1,1,0,1,1,0,1,0,0,0,0,0,6
104431,1,0,0,0,0,0,0,0,0,0,0,0,0
104432,1,0,0,0,0,0,0,0,0,0,0,0,0
104433,1,1,1,0,1,1,1,0,0,0,0,0,6
104434,1,1,1,1,1,1,1,1,1,1,1,0,10
104435,1,1,1,1,1,0,0,0,0,0,0,0,4
104436,1,0,1,0,0,0,0,0,0,0,0,0,2
104437,1,0,0,0,0,0,0,0,0,0,0,0,0
104438,1,0,1,0,0,0,0,0,0,0,0,0,2
104439,1,0,0,1,0,1,0,1,1,1,0,0,9
104440,1,1,0,0,0,0,0,0,0,0,0,0,1
104441,1,1,1,1,1,1,1,1,1,1,1,1,10
104442,1,0,0,1,1,1,1,1,1,1,1,1,10
104443,1,0,0,0,0,0,0,0,0,0,0,0,0
104444,1,0,0,0,0,0,0,0,0,0,0,0,0
104445,1,1,1,0,0,0,0,0,0,0,0,0,2
104446,1,1,0,0,0,0,0,0,0,0,0,0,1
104447,1,1,0,1,1,1,1,1,1,1,1,1,10
104448,1,0,0,0,0,0,0,0,0,0,0,0,0
104449,1,1,0,0,1,0,0,0,0,0,0,0,4
104450,1,1,0,0,0,0,0,0,0,0,0,0,1
104451,1,0,0,0,0,0,0,0,0,0,0,0,0
104452,1,1,1,1,1,1,0,0,0,0,0,0,5
104453,1,1,1,0,0,1,1,0,1,1,1,0,10
104454,1,0,1,1,1,0,0,0,0,0,0,0,4
104455,1,0,1,1,1,1,1,1,1,1,0,0,9
104456,1,0,1,1,1,1,1,1,1,0,0,0,8
104457,1,1,1,0,0,1,0,0,0,0,0,0,5
104458,1,1,1,1,1,1,1,0,0,1,0,0,9
104459,1,1,1,0,1,0,1,1,1,1,1,1,10
104460,1,1,0,0,0,0,0,0,0,0,0,0,1
104461,1,1,1,1,0,0,0,0,0,0,0,0,3
104462,1,1,1,1,0,0,0,0,0,0,0,0,3
104463,1,1,1,0,1,1,0,1,1,1,1,0,10
104464,1,1,1,1,1,0,0,0,0,0,0,0,4
104465,1,0,0,0,0,0,0,0,0,0,0,0,0
104466,1,1,1,1,1,0,1,0,1,0,0,1,8
104467,1,1,1,1,0,1,0,0,0,0,0,0,5
104468,1,1,1,1,1,1,1,1,1,0,0,0,8
104469,1,1,1,1,1,1,0,0,0,0,0,0,5
104470,1,0,0,0,0,0,0,1,1,1,0,0,9
104471,1,1,0,0,0,0,0,0,0,0,0,0,1
104472,1,0,0,0,0,0,0,0,0,0,0,0,0
104473,1,0,0,0,0,0,0,0,0,0,0,0,0
104474,1,0,0,0,0,0,0,0,0,0,0,0,0
104475,1,1,0,1,0,1,1,0,0,0,1,0,10
104476,1,1,0,0,0,0,0,0,0,0,0,0,1
104477,1,0,0,0,0,0,0,0,1,1,0,0,9
104478,1,1,1,0,0,1,0,0,0,0,0,0,5
104479,1,0,0,0,0,0,0,1,1,1,1,1,10
104480,1,1,0,0,0,0,0,0,0,0,0,0,1
104481,1,0,0,0,0,0,0,0,0,0,0,0,0
104482,1,0,0,0,0,0,0,0,0,0,0,0,0
104483,1,1,1,1,1,1,0,1,1,1,1,0,10
104484,1,1,0,0,0,0,0,0,0,0,0,0,1
104485,1,0,0,0,0,0,0,0,0,0,0,0,0
104486,1,0,0,0,0,0,0,0,0,0,0,0,0
104487,1,0,0,0,0,0,0,0,0,0,0,0,0
104488,1,0,0,0,0,0,0,0,0,0,0,0,0
104489,1,1,1,1,0,0,0,0,0,0,0,0,3
104490,1,1,1,1,1,1,1,1,0,1,1,0,10
104491,1,1,0,1,0,1,1,1,0,1,1,1,10
104492,1,0,0,0,0,1,0,0,0,0,0,0,5
104493,1,1,1,0,1,0,0,0,0,0,1,0,10
104494,1,0,0,0,0,0,0,0,0,0,0,0,0
104495,1,1,1,1,1,1,1,1,1,1,0,0,9
104496,1,0,0,0,0,0,0,0,0,0,0,0,0
104497,1,1,0,0,0,0,0,0,0,0,0,0,1
104498,1,1,1,0,0,0,0,0,1,1,1,0,10
104499,1,1,1,1,1,0,1,1,1,1,0,0,9
104500,1,0,1,1,0,0,0,0,0,0,0,0,3
104501,1,0,1,1,0,0,0,0,0,0,0,0,3
104502,1,1,1,1,1,1,0,1,1,1,1,0,10
104503,1,0,1,0,0,0,0,0,0,0,0,0,2
104504,1,0,0,0,0,0,0,0,0,0,0,0,0
104505,1,1,1,1,1,1,0,1,1,1,1,1,10
104506,1,1,0,0,0,0,0,0,0,0,0,0,1
104507,1,1,1,1,1,1,1,0,0,0,0,0,6
104508,1,0,0,0,0,0,0,0,0,0,0,0,0
104509,1,0,0,0,0,0,0,0,0,0,0,0,0
104510,1,1,1,1,1,1,1,1,0,1,1,0,10
104511,1,0,0,0,0,0,0,1,0,0,1,1,10
104512,1,0,1,0,0,0,0,0,0,0,0,0,2
104513,1,1,0,0,0,0,0,0,0,0,0,0,1
104514,1,0,0,1,0,0,0,0,0,0,0,0,3
104515,1,0,0,0,0,0,0,0,0,0,0,0,0
104516,1,0,0,0,0,0,0,0,0,0,0,0,0
104517,1,0,0,0,0,0,0,0,0,0,0,0,0
104518,1,0,1,1,0,1,1,1,1,0,0,0,8
104519,1,1,0,1,1,1,0,0,1,0,0,0,8
104520,1,1,1,1,0,1,1,0,0,0,0,0,6
104521,1,1,0,0,0,0,0,0,0,0,0,0,1
104522,1,0,0,0,0,0,0,0,0,0,0,0,0
104523,1,0,0,0,0,0,0,0,0,0,0,0,0
104524,1,1,1,0,1,0,0,0,1,1,0,0,9
104525,1,0,0,0,0,0,0,0,0,0,0,0,0
104526,1,1,0,0,0,0,0,0,0,0,0,0,1
104527,1,0,0,0,0,0,0,0,0,0,0,0,0
104528,1,0,0,0,1,1,1,1,0,0,0,0,7
104529,1,0,0,1,0,0,0,0,0,1,0,0,9
104530,1,0,0,0,0,0,0,0,0,0,0,0,0
104531,1,0,0,0,0,0,1,1,1,1,1,1,10
104532,1,1,0,1,0,0,1,0,0,0,0,0,6
104533,1,0,0,0,0,0,0,0,0,0,0,0,0
104534,1,1,1,0,0,1,0,0,1,1,0,0,9
104535,1,1,0,0,0,0,0,0,0,0,0,0,1
104536,1,1,0,0,0,0,0,0,0,0,0,0,1
104537,1,1,1,0,0,1,0,0,0,0,0,0,5
104538,1,0,0,1,0,1,1,0,0,0,0,1,6
104539,1,1,1,0,0,0,0,0,0,0,0,0,2
104540,1,0,0,0,0,0,0,1,0,1,1,1,10
104541,1,1,1,1,0,0,1,1,1,1,1,1,10
104542,1,0,1,1,1,1,0,1,1,1,0,0,9
104543,1,1,0,0,1,1,0,0,0,1,0,0,9
104544,1,1,0,0,0,0,0,0,0,0,0,0,1
104545,1,0,1,1,1,1,1,1,1,1,1,0,10
104546,1,0,0,0,0,0,0,0,0,0,0,0,0
104547,1,0,0,0,0,0,0,0,0,0,0,0,0
104548,1,1,1,0,1,1,0,0,0,0,0,0,5
104549,1,1,1,0,0,0,0,0,0,0,0,0,2
104550,1,1,0,0,0,0,0,1,1,0,1,0,10
104551,1,1,1,1,1,0,1,1,1,1,1,0,10
104552,1,0,0,0,0,0,0,0,0,0,0,0,0
104553,1,0,0,1,0,0,0,0,0,0,0,0,3
104554,1,1,0,0,0,0,1,0,0,0,0,0,6
104555,1,0,0,0,0,0,0,0,0,0,0,0,0
104556,1,0,0,0,0,0,0,0,0,0,0,0,0
104557,1,0,0,0,0,0,0,0,0,0,0,0,0
104558,1,1,1,1,1,1,1,1,1,0,0,0,8
104559,1,0,0,0,0,0,0,0,0,0,0,0,0
104560,1,0,0,0,0,0,0,0,0,0,0,0,0
104561,1,1,1,1,0,0,0,0,0,0,0,0,3
104562,1,1,1,1,1,1,1,1,1,1,1,1,10
104563,1,1,1,1,1,0,0,1,1,0,1,1,10
104564,1,0,0,1,0,0,1,1,1,1,1,1,10
104565,1,0,0,0,0,0,0,0,0,0,0,0,0
104566,1,0,0,0,0,0,0,0,0,0,0,0,0
104567,1,1,1,1,1,1,0,0,0,0,0,0,5
104568,1,1,1,1,0,1,0,1,0,0,1,1,10
104569,1,0,0,0,0,0,0,0,0,0,0,0,0
104570,1,0,0,0,0,0,0,0,0,0,0,0,0
104571,1,1,1,1,1,1,0,0,0,0,0,0,5
104572,1,1,0,1,0,1,0,0,0,0,0,0,5
104573,1,1,0,0,0,0,0,0,0,0,1,0,10
104574,1,0,0,0,0,0,0,0,0,0,0,0,0
104575,1,1,1,1,1,1,1,1,1,1,1,0,10
104576,1,1,0,0,0,0,0,0,0,0,0,0,1
104577,1,1,1,1,1,0,0,0,0,0,0,0,4
104578,1,0,0,0,0,0,0,0,0,0,0,0,0
104579,1,1,0,0,1,1,1,1,1,1,1,1,10
104580,1,1,0,0,1,0,1,0,0,0,0,0,6
104581,1,1,1,0,0,0,0,0,0,0,0,0,2
104582,1,0,0,0,0,0,0,0,0,0,0,0,0
104583,1,0,1,0,0,0,0,0,0,0,0,0,2
104584,1,1,1,1,1,1,1,1,0,0,0,0,7
104585,1,0,0,0,0,0,0,0,0,0,0,0,0
104586,1,1,0,0,0,0,0,0,0,0,0,0,1
104587,1,0,0,0,0,0,0,0,0,0,0,0,0
104588,1,1,1,0,1,1,1,1,1,1,1,0,10
104589,1,0,0,0,0,0,0,0,0,0,0,0,0
104590,1,1,1,0,1,1,1,0,0,0,0,0,6
104591,1,1,1,0,0,0,0,0,0,0,0,0,2
104592,1,0,0,0,0,0,0,0,0,0,0,0,0
104593,1,1,1,1,1,1,1,1,1,0,0,0,8
104594,1,1,1,0,0,0,0,0,0,0,0,0,2
104595,1,0,0,0,0,0,0,0,0,0,0,0,0
104596,1,1,0,0,0,0,0,0,0,0,0,0,1
104597,1,0,0,0,0,0,0,0,0,0,0,0,0
104598,1,0,0,0,0,0,0,0,0,0,0,0,0
104599,1,0,0,0,0,0,0,0,0,0,0,0,0
104600,1,0,0,0,0,0,0,0,0,0,0,0,0
104601,1,0,0,0,0,0,0,0,0,0,0,0,0
104602,1,0,0,0,0,0,0,0,0,0,0,0,0
104603,1,0,0,0,0,0,0,0,0,0,0,0,0
104604,1,0,0,0,0,0,0,0,0,0,0,0,0
104605,1,0,0,0,0,0,0,1,0,0,0,0,7
104606,1,1,1,1,1,1,1,1,0,0,0,0,7
104607,1,1,1,1,0,0,0,0,1,1,0,1,9
104608,1,1,1,1,1,0,0,0,0,0,0,0,4
104609,1,0,0,1,1,0,0,0,0,0,0,0,4
104610,1,0,0,0,0,0,0,0,0,0,0,0,0
104611,1,0,0,0,0,0,0,0,0,0,0,0,0
104612,1,0,1,1,1,1,1,1,1,1,1,1,10
104613,1,0,0,0,0,0,0,0,0,0,0,0,0
104614,1,1,1,1,1,1,1,1,1,1,1,1,10
104615,1,0,0,0,0,0,0,0,0,0,0,0,0
104616,1,0,0,0,0,0,0,0,0,0,0,0,0
104617,1,1,0,1,0,0,0,0,0,0,0,0,3
104618,1,0,0,0,0,1,0,0,0,0,0,0,5
104619,1,1,0,0,0,0,0,0,0,0,0,0,1
104620,1,1,0,0,0,0,0,0,0,0,0,0,1
104621,1,0,0,0,0,0,0,0,0,0,0,0,0
104622,1,0,0,0,0,0,1,1,1,1,1,1,10
104623,1,0,0,0,0,0,0,0,0,0,0,0,0
104624,1,0,0,0,0,0,0,0,0,0,0,0,0
104625,1,1,1,0,1,1,1,1,1,1,1,0,10
104626,1,1,0,0,0,0,0,0,0,0,0,0,1
104627,1,1,1,1,1,0,0,0,0,0,0,0,4
104628,1,0,0,0,0,0,0,0,0,0,0,0,0
104629,1,1,1,1,1,1,1,1,1,1,1,0,10
104630,1,0,0,0,0,0,0,0,0,0,0,0,0
104631,1,0,0,0,0,0,0,0,0,0,0,0,0
104632,1,0,0,0,0,0,0,0,0,0,0,0,0
104633,1,1,0,0,0,1,0,0,1,1,1,0,10
104634,1,1,0,0,0,0,0,0,0,0,0,0,1
104635,1,1,1,1,1,1,1,1,0,0,1,0,10
104636,1,0,0,1,0,1,1,1,0,1,1,0,10
104637,1,0,0,0,1,0,0,0,0,0,0,0,4
104638,1,0,1,1,1,1,0,0,0,0,0,0,5
104639,1,0,0,0,0,1,0,0,0,0,0,0,5
104640,1,0,0,0,0,0,0,0,0,0,0,0,0
104641,1,1,1,1,1,1,0,0,0,0,0,0,5
104642,1,0,0,0,0,0,0,0,0,0,0,0,0
104643,1,1,0,0,0,0,0,0,0,0,0,0,1
104644,1,1,1,1,1,1,1,0,1,1,1,1,10
104645,1,0,0,0,0,0,0,0,0,0,0,0,0
104646,1,0,0,0,0,0,0,0,0,0,0,0,0
104647,1,1,1,1,1,1,0,1,1,1,1,0,10
104648,1,0,0,0,0,0,0,0,0,0,0,0,0
104649,1,1,0,0,0,1,1,1,1,1,0,1,9
104650,1,1,0,0,0,0,0,0,0,0,0,0,1
104651,1,0,0,0,0,0,0,0,0,0,0,0,0
104652,1,0,1,0,1,0,0,0,0,0,0,0,4
104653,1,1,0,1,1,1,0,1,1,1,1,1,10
104654,1,1,1,0,0,1,0,0,0,0,0,0,5
104655,1,0,1,1,0,0,0,0,0,0,1,0,10
104656,1,0,0,0,0,0,0,0,0,0,0,0,0
104657,1,0,0,0,0,0,0,0,0,0,0,0,0
104658,1,1,1,0,1,1,0,1,0,1,1,1,10
104659,1,0,0,0,0,0,0,0,0,0,0,0,0
104660,1,1,1,1,1,1,1,1,0,1,1,1,10
104661,1,1,1,1,1,0,1,0,1,1,0,1,9
104662,1,0,0,0,0,1,0,0,0,0,0,0,5
104663,1,1,1,1,1,1,0,0,0,0,0,0,5
104664,1,0,0,0,0,0,0,0,0,0,0,0,0
104665,1,0,0,0,0,0,0,0,0,0,0,0,0
104666,1,0,0,0,0,0,0,0,0,0,0,0,0
104667,1,0,0,0,0,0,0,0,0,0,0,0,0
104668,1,0,1,1,0,0,0,0,0,0,0,0,3
104669,1,0,0,0,0,0,0,0,0,0,0,0,0
104670,1,1,1,1,0,0,0,0,0,0,0,0,3
104671,1,1,1,1,1,1,0,1,1,0,0,0,8
104672,1,0,0,0,0,0,0,0,0,0,0,0,0
104673,1,1,1,1,0,1,1,1,1,1,0,0,9
104674,1,0,1,0,0,1,0,1,1,1,1,0,10
104675,1,0,0,0,0,0,0,0,0,0,0,0,0
104676,1,0,0,0,0,1,0,1,1,0,0,1,8
104677,1,1,1,1,1,1,1,1,1,1,1,1,10
104678,1,0,0,0,0,0,0,0,0,0,0,0,0
104679,1,1,1,0,0,1,1,0,0,0,0,0,6
104680,1,0,0,0,0,0,0,0,1,1,1,0,10
104681,1,0,0,0,0,0,0,0,0,0,0,0,0
104682,1,1,1,1,1,0,0,0,1,1,1,1,10
104683,1,1,0,0,0,0,0,0,0,0,0,0,1
104684,1,0,0,0,0,0,0,0,0,0,0,0,0
104685,1,1,1,0,0,0,1,1,1,1,1,0,10
104686,1,1,1,1,1,1,1,1,1,1,1,1,10
104687,1,1,1,1,1,1,1,1,0,0,1,0,10
104688,1,0,0,0,0,0,0,0,0,0,0,0,0
104689,1,1,0,1,1,1,1,1,0,1,0,0,9
104690,1,1,1,1,1,0,0,0,0,1,0,0,9
104691,1,0,0,0,0,0,0,0,0,0,0,0,0
104692,1,1,1,0,0,0,0,0,1,1,0,1,9
104693,1,0,0,0,0,0,0,0,0,0,0,0,0
104694,1,1,1,1,1,1,1,1,1,1,1,1,10
104695,1,1,0,1,1,1,0,1,1,0,0,0,8
104696,1,1,1,0,0,0,0,0,0,0,0,0,2
104697,1,0,0,0,0,0,0,0,0,0,0,0,0
104698,1,0,0,1,1,0,0,1,1,1,0,1,9
104699,1,0,1,1,0,0,0,1,1,1,0,1,9
104700,1,0,0,0,0,0,0,0,0,0,0,0,0
104701,1,0,0,0,0,0,0,0,0,0,0,0,0
104702,1,0,0,0,0,0,0,0,0,0,0,0,0
104703,1,1,1,1,1,1,1,1,0,0,0,0,7
104704,1,1,1,1,1,0,0,1,1,1,1,1,10
104705,1,1,1,1,1,1,1,1,1,1,1,1,10
104706,1,0,0,0,0,1,0,0,0,0,0,0,5
104707,1,0,0,1,1,1,1,1,1,1,1,0,10
104708,1,1,0,0,0,0,0,0,0,0,0,0,1
104709,1,1,1,1,1,1,1,1,1,1,1,1,10
104710,1,1,0,1,0,1,0,0,0,0,0,0,5
104711,1,0,0,0,1,0,0,0,0,0,0,0,4
104712,1,0,0,0,0,0,0,0,0,0,0,0,0
104713,1,0,0,0,0,0,0,0,0,0,0,0,0
104714,1,1,0,0,0,0,0,0,0,0,0,0,1
104715,1,0,0,0,0,0,0,0,0,0,0,0,0
104716,1,0,0,1,1,0,0,0,0,0,0,0,4
104717,1,0,0,0,0,0,0,0,0,0,0,0,0
104718,1,0,0,0,0,0,0,0,0,0,0,0,0
104719,1,0,0,0,0,0,0,0,0,0,0,0,0
104720,1,1,1,0,0,0,0,0,0,0,0,0,2
104721,1,0,0,0,0,0,0,0,0,0,0,0,0
104722,1,1,0,1,0,1,1,0,0,0,0,0,6
104723,1,0,0,0,0,0,0,0,0,1,1,0,10
104724,1,1,1,1,1,0,1,1,1,1,1,1,10
104725,1,1,0,1,1,0,0,0,0,0,0,0,4
104726,1,0,0,0,0,1,0,1,0,0,0,0,7
104727,1,1,1,0,1,0,0,0,0,0,0,0,4
104728,1,1,1,1,1,1,1,0,1,1,1,0,10
104729,1,0,0,0,0,0,0,0,0,0,0,0,0
104730,1,1,0,0,0,0,0,0,0,0,0,0,1
104731,1,0,0,0,0,0,0,0,0,0,0,0,0
104732,1,0,1,1,0,0,0,1,1,0,0,0,8
104733,1,0,0,1,1,0,0,0,0,0,0,1,4
104734,1,1,0,1,0,0,1,0,0,0,0,0,6
104735,1,0,0,0,0,0,0,0,0,0,0,0,0
104736,1,0,0,1,0,0,0,0,0,0,0,0,3
104737,1,0,0,0,0,0,0,0,0,0,0,0,0
104738,1,0,1,0,0,0,0,0,0,0,0,0,2
104739,1,1,0,0,0,0,0,0,0,0,0,0,1
104740,1,0,1,1,0,1,0,1,1,1,1,0,10
104741,1,1,1,1,1,1,1,1,1,1,1,1,10
104742,1,1,0,0,0,0,0,0,0,0,0,0,1
104743,1,0,0,0,0,0,0,0,0,0,0,0,0
104744,1,1,1,1,0,0,0,0,0,0,1,0,10
104745,1,1,1,0,0,0,0,0,0,0,0,0,2
104746,1,1,1,1,1,1,1,1,1,1,1,1,10
104747,1,1,0,1,1,0,1,0,1,1,0,0,9
104748,1,0,1,0,1,1,0,0,0,0,0,0,5
104749,1,1,1,0,0,0,0,0,0,0,0,0,2
104750,1,0,0,0,0,0,0,0,0,0,0,0,0
104751,1,1,1,0,0,0,0,0,0,0,0,0,2
104752,1,1,1,0,0,0,0,0,0,0,0,0,2
104753,1,1,1,1,1,0,0,0,0,0,0,0,4
104754,1,0,1,0,0,1,0,0,1,0,1,0,10
104755,1,0,0,0,0,0,0,0,0,0,0,0,0
104756,1,1,1,1,0,0,0,0,0,0,0,0,3
104757,1,1,0,0,0,0,0,1,0,0,0,0,7
104758,1,0,0,0,0,0,0,0,0,0,0,0,0
104759,1,1,0,1,0,0,0,0,0,0,0,0,3
104760,1,0,0,0,0,0,0,0,0,0,0,0,0
104761,1,0,0,0,0,0,0,0,0,0,0,0,0
104762,1,1,1,1,1,1,1,0,1,1,0,0,9
104763,1,0,1,1,1,1,1,1,1,0,0,0,8
104764,1,1,1,1,0,1,1,1,1,1,1,1,10
104765,1,0,0,0,1,0,0,0,0,0,0,0,4
104766,1,0,0,0,1,0,0,0,0,0,0,0,4
104767,1,1,0,0,0,0,0,0,0,0,0,0,1
104768,1,0,0,0,0,0,0,0,0,0,0,0,0
104769,1,1,0,0,0,0,0,0,0,0,0,0,1
104770,1,0,0,0,0,0,0,0,0,0,0,0,0
104771,1,1,1,1,1,1,1,0,0,0,0,1,6
104772,1,1,1,0,0,0,0,0,0,0,0,0,2
104773,1,0,0,0,0,0,0,0,0,0,0,0,0
104774,1,1,1,0,0,0,0,0,0,0,0,0,2
104775,1,1,1,1,1,1,1,1,1,0,1,1,10
104776,1,0,0,0,0,0,0,1,1,0,0,0,8
104777,1,0,1,0,1,0,1,0,1,1,0,0,9
104778,1,1,0,0,0,0,0,0,0,0,1,1,10
104779,1,0,0,0,0,0,1,1,0,1,1,1,10
104780,1,1,1,1,0,0,0,0,0,0,0,0,3
104781,1,0,0,0,0,0,0,0,0,0,0,0,0
104782,1,0,0,0,0,0,0,0,0,0,0,0,0
104783,1,0,0,0,0,0,0,0,0,0,0,0,0
104784,1,1,1,1,0,0,0,0,0,0,0,0,3
104785,1,0,0,0,0,0,0,0,0,0,0,0,0
104786,1,0,0,0,0,0,0,0,0,0,0,0,0
104787,1,0,0,0,0,0,0,0,0,0,0,0,0
104788,1,0,0,0,0,0,0,0,0,0,0,0,0
104789,1,1,1,1,1,1,1,1,1,1,1,1,10
104790,1,0,0,0,0,0,0,0,0,0,0,0,0
104791,1,1,1,1,1,1,0,0,0,1,1,0,10
104792,1,1,1,1,1,1,1,1,1,1,1,1,10
104793,1,1,1,1,1,1,0,0,0,0,0,0,5
104794,1,0,0,0,0,0,0,0,0,0,0,0,0
104795,1,0,0,0,0,0,0,0,0,0,0,0,0
104796,1,0,0,1,1,1,0,1,0,0,0,0,7
104797,1,1,1,0,0,1,0,1,1,0,0,0,8
104798,1,1,1,1,1,0,1,0,1,0,1,0,10
104799,1,1,1,1,0,1,0,0,0,1,0,0,9
104800,1,0,0,1,1,0,0,0,0,0,0,0,4
104801,1,1,1,1,0,1,0,1,1,1,1,1,10
104802,1,0,0,0,0,0,0,0,0,0,0,0,0
104803,1,0,0,0,0,0,0,0,0,0,0,0,0
104804,1,1,1,0,0,0,0,0,0,0,0,0,2
104805,1,0,0,0,0,0,0,0,0,0,0,0,0
104806,1,0,0,0,0,0,0,0,0,0,0,0,0
104807,1,0,0,0,0,0,0,0,0,0,0,0,0
104808,1,1,1,0,0,0,0,0,0,0,0,0,2
104809,1,0,0,1,0,1,0,0,0,0,0,0,5
104810,1,1,0,0,1,0,1,1,1,1,1,1,10
104811,1,0,0,1,0,0,0,0,0,0,0,0,3
104812,1,0,0,1,1,1,1,1,1,1,1,0,10
104813,1,1,0,1,0,1,0,0,0,0,0,0,5
104814,1,1,1,0,0,1,1,1,0,0,0,0,7
104815,1,1,0,0,0,0,0,0,0,0,0,0,1
104816,1,1,1,1,0,0,0,0,0,0,0,0,3
104817,1,0,0,0,0,0,0,0,0,0,0,0,0
104818,1,1,1,0,0,0,1,0,0,0,0,0,6
104819,1,1,1,1,1,0,0,0,0,0,0,0,4
104820,1,0,0,0,0,0,0,0,0,0,0,0,0
104821,1,1,1,0,0,1,0,0,0,0,1,1,10
104822,1,0,1,1,0,1,1,0,1,1,1,1,10
104823,1,1,0,1,1,1,1,0,0,1,1,1,10
104824,1,1,1,1,1,1,1,1,0,0,0,0,7
104825,1,1,0,0,0,0,0,0,0,0,0,0,1
104826,1,1,1,1,0,1,0,1,1,1,1,1,10
104827,1,1,1,1,1,1,1,1,0,1,0,0,9
104828,1,1,1,1,1,1,1,1,1,1,1,1,10
104829,1,1,0,0,0,0,0,0,0,0,0,0,1
104830,1,0,0,0,0,0,0,0,0,0,0,0,0
104831,1,1,1,0,0,0,0,0,0,0,0,0,2
104832,1,1,1,1,1,1,1,1,1,0,0,0,8
104833,1,1,1,0,0,0,0,0,0,0,0,0,2
104834,1,0,0,0,0,0,0,0,0,0,0,0,0
104835,1,0,0,0,0,0,0,0,0,0,0,0,0
104836,1,0,0,1,0,1,1,0,1,1,1,0,10
104837,1,1,1,0,0,0,0,0,0,0,0,0,2
104838,1,1,0,0,0,0,0,0,0,0,0,0,1
104839,1,1,1,0,0,0,0,0,0,0,0,0,2
104840,1,1,1,0,0,0,0,0,0,0,0,0,2
104841,1,1,1,0,0,0,0,0,0,0,0,0,2
104842,1,0,0,0,0,0,0,0,0,0,0,1,0
104843,1,1,0,1,1,0,1,0,1,0,0,1,8
104844,1,0,0,0,0,0,0,0,0,0,0,0,0
104845,1,0,0,0,0,0,0,0,0,0,0,0,0
104846,1,0,0,0,1,1,1,1,1,1,1,1,10
104847,1,1,0,0,0,0,0,0,0,0,0,0,1
104848,1,1,1,0,0,1,0,0,0,0,1,1,10
104849,1,0,0,0,0,0,0,0,0,0,0,0,0
104850,1,1,0,0,0,0,0,0,0,0,0,0,1
104851,1,0,0,0,0,0,0,0,0,0,0,0,0
104852,1,1,1,1,1,1,0,0,0,0,0,0,5
104853,1,1,1,1,1,1,1,0,1,1,1,1,10
104854,1,0,0,0,0,0,0,0,0,0,0,0,0
104855,1,1,1,1,0,1,1,0,0,0,0,0,6
104856,1,1,0,0,0,0,0,0,0,0,0,0,1
104857,1,0,1,1,1,0,1,0,1,1,0,0,9
104858,1,0,0,0,1,1,0,0,0,0,0,0,5
104859,1,1,0,0,1,0,0,0,0,1,1,1,10
104860,1,0,0,1,1,1,0,0,0,0,0,0,5
104861,1,1,1,0,0,1,1,1,0,0,0,0,7
104862,1,1,1,1,1,1,1,1,1,1,1,1,10
104863,1,0,0,0,0,0,1,0,0,0,0,0,6
104864,1,0,0,0,0,0,0,0,0,0,0,0,0
104865,1,1,0,1,1,1,1,0,0,0,0,0,6
104866,1,1,1,1,1,1,1,1,1,1,1,1,10
104867,1,0,0,0,0,0,0,0,0,0,0,0,0
104868,1,1,1,1,0,1,1,1,1,0,1,1,10
104869,1,0,0,0,0,0,0,0,0,0,0,0,0
104870,1,0,1,0,0,1,1,1,0,0,0,0,7
104871,1,1,0,0,0,0,0,0,0,0,0,0,1
104872,1,0,0,0,0,0,0,0,0,0,0,0,0
104873,1,0,0,0,0,0,0,0,0,0,1,0,10
104874,1,1,1,1,0,0,0,0,1,1,1,0,10
104875,1,1,1,0,0,0,0,0,0,0,0,0,2
104876,1,0,0,1,0,1,1,1,0,1,1,0,10
104877,1,0,0,1,0,0,0,1,0,0,0,0,7
104878,1,0,0,0,0,0,0,0,0,0,0,0,0
104879,1,0,0,0,0,0,0,0,0,0,0,0,0
104880,1,1,0,0,0,0,0,0,0,0,0,0,1
104881,1,1,1,0,0,0,0,0,0,0,0,0,2
104882,1,1,1,1,1,1,1,1,0,0,0,0,7
104883,1,0,0,0,0,0,0,0,0,0,0,0,0
104884,1,0,0,0,0,0,0,0,0,0,0,0,0
104885,1,0,0,0,0,0,0,0,0,0,0,0,0
104886,1,1,1,1,0,0,0,0,0,0,1,1,10
104887,1,0,0,1,1,1,1,1,1,0,1,0,10
104888,1,0,0,0,0,0,0,0,0,0,0,0,0
104889,1,1,1,0,0,0,0,0,0,0,0,0,2
104890,1,1,1,0,0,0,0,0,0,0,0,0,2
104891,1,1,1,1,1,1,0,0,0,0,0,0,5
104892,1,1,0,0,0,0,0,0,0,0,0,0,1
104893,1,0,0,0,0,0,0,0,0,0,0,0,0
104894,1,1,1,0,1,1,0,0,0,0,0,0,5
104895,1,1,1,0,0,0,0,1,0,0,0,0,7
104896,1,1,1,0,0,1,1,1,1,0,1,0,10
104897,1,0,0,0,0,0,0,0,0,0,0,0,0
104898,1,1,1,1,0,0,0,0,0,0,0,0,3
104899,1,0,0,0,0,0,0,0,0,0,0,0,0
104900,1,1,1,1,0,0,0,0,0,0,0,0,3
104901,1,1,1,0,1,0,0,0,0,0,0,0,4
104902,1,1,0,0,0,0,0,0,0,0,0,0,1
104903,1,1,1,1,0,1,1,1,1,1,0,1,9
104904,1,1,0,1,1,0,1,1,1,1,1,1,10
104905,1,1,0,0,0,0,0,0,0,0,0,0,1
104906,1,0,0,0,0,0,0,0,0,0,0,0,0
104907,1,0,0,1,1,1,0,0,0,0,1,0,10
104908,1,1,1,0,0,0,0,0,0,0,0,0,2
104909,1,0,1,0,0,0,0,0,1,1,1,0,10
104910,1,0,0,0,0,0,0,0,0,0,0,0,0
104911,1,1,1,0,1,0,1,0,0,0,0,0,6
104912,1,1,1,0,0,0,0,0,0,0,0,0,2
104913,1,1,1,1,1,1,1,1,1,1,1,1,10
104914,1,1,1,1,1,1,0,0,0,0,0,0,5
104915,1,0,0,0,0,0,0,0,0,0,0,0,0
104916,1,0,1,1,0,0,0,0,0,0,0,0,3
104917,1,1,0,0,0,0,0,1,1,0,0,0,8
104918,1,0,0,0,0,0,0,0,0,0,0,0,0
104919,1,0,0,0,0,0,0,0,0,0,0,0,0
104920,1,0,0,0,0,1,1,0,0,0,0,0,6
104921,1,1,1,0,1,1,1,0,1,1,0,0,9
104922,1,1,1,1,1,0,0,0,1,0,1,0,10
104923,1,1,0,1,0,0,0,0,0,0,0,1,3
104924,1,1,0,0,0,0,0,1,1,0,0,0,8
104925,1,1,0,0,0,0,0,0,0,0,0,0,1
104926,1,1,1,1,1,1,1,1,1,1,1,1,10
104927,1,0,0,0,0,0,0,0,0,0,0,0,0
104928,1,0,0,0,0,0,0,0,0,0,0,0,0
104929,1,1,0,0,0,0,0,0,0,0,0,0,1
104930,1,1,0,0,0,0,0,0,0,0,0,0,1
104931,1,1,1,1,1,1,0,1,0,1,1,1,10
104932,1,1,1,1,1,0,1,1,1,1,1,1,10
104933,1,0,0,0,0,0,0,0,0,0,0,0,0
104934,1,1,1,1,1,1,0,1,1,1,1,1,10
104935,1,1,1,1,1,1,1,1,1,1,1,1,10
104936,1,1,1,0,0,0,0,0,0,0,0,0,2
104937,1,1,1,0,0,0,0,0,0,0,0,0,2
104938,1,1,1,1,0,1,1,1,1,1,1,1,10
104939,1,1,0,1,0,1,1,1,1,1,1,1,10
104940,1,1,1,0,0,1,1,1,1,1,1,1,10
104941,1,0,1,0,0,0,1,0,1,1,0,0,9
104942,1,0,0,0,0,0,0,0,0,0,0,0,0
104943,1,0,0,0,0,0,0,0,0,0,0,0,0
104944,1,1,1,1,1,0,1,1,1,1,1,1,10
104945,1,0,0,0,0,0,0,0,0,0,0,0,0
104946,1,0,0,0,0,0,0,0,0,0,0,0,0
104947,1,1,0,0,0,0,0,0,0,0,0,0,1
104948,1,1,1,1,1,1,1,1,1,1,1,1,10
104949,1,0,1,1,1,1,1,1,1,1,1,1,10
104950,1,0,0,0,0,0,0,0,0,0,0,0,0
104951,1,0,0,0,0,0,0,0,0,0,0,0,0
104952,1,1,1,1,0,0,0,0,0,0,0,0,3
104953,1,0,0,0,0,0,0,0,0,0,0,0,0
104954,1,0,0,0,0,0,0,0,0,0,0,0,0
104955,1,1,1,0,0,0,0,0,0,0,0,0,2
104956,1,1,0,0,0,0,0,0,0,0,0,0,1
104957,1,1,1,0,1,1,0,0,0,0,0,0,5
104958,1,1,1,1,1,0,1,1,1,1,0,0,9
104959,1,0,0,0,0,0,0,0,0,0,0,0,0
104960,1,1,0,0,0,0,0,0,0,0,0,0,1
104961,1,1,1,1,1,1,0,1,0,0,1,0,10
104962,1,0,0,0,0,0,0,0,0,0,0,0,0
104963,1,1,0,0,0,0,0,0,0,0,0,0,1
104964,1,0,0,1,1,0,0,0,0,0,0,0,4
104965,1,1,1,1,1,1,1,0,0,0,0,1,6
104966,1,0,0,0,0,0,0,0,1,1,1,1,10
104967,1,1,1,1,1,1,1,1,1,1,1,1,10
104968,1,1,1,0,0,0,1,0,0,0,0,0,6
104969,1,0,0,0,0,0,0,0,0,0,0,0,0
104970,1,0,0,0,0,0,0,0,0,0,0,0,0
104971,1,0,0,0,0,0,0,0,0,0,0,0,0
104972,1,1,1,1,1,1,0,1,0,0,0,0,7
104973,1,1,1,1,1,1,1,1,1,1,0,1,9
104974,1,0,0,0,0,0,0,1,0,0,0,0,7
104975,1,0,0,0,0,0,0,0,0,0,0,0,0
104976,1,0,0,0,0,0,0,0,0,0,0,0,0
104977,1,0,0,0,0,0,0,0,0,0,0,0,0
104978,1,1,1,1,1,1,0,0,0,0,0,0,5
104979,1,1,1,0,0,1,1,1,1,1,1,0,10
104980,1,1,0,0,1,1,1,0,1,0,1,1,10
104981,1,1,1,1,0,1,1,1,1,1,1,1,10
104982,1,0,0,0,0,0,0,0,0,0,0,0,0
104983,1,0,1,1,1,1,0,0,0,0,0,0,5
104984,1,0,0,0,0,0,0,0,0,0,0,0,0
104985,1,0,0,1,0,0,0,0,0,0,0,0,3
104986,1,0,0,0,0,0,0,0,0,0,0,0,0
104987,1,1,0,1,1,1,1,1,1,1,0,1,9
104988,1,0,0,0,0,0,0,0,0,0,0,0,0
104989,1,1,1,0,0,0,1,1,0,1,0,0,9
104990,1,1,1,1,1,0,1,1,1,1,1,1,10
104991,1,1,0,0,0,0,0,0,0,0,0,0,1
104992,1,1,1,0,1,1,1,1,0,1,1,1,10
104993,1,0,0,0,0,1,0,0,0,0,0,0,5
104994,1,0,0,0,0,0,0,0,0,0,0,0,0
104995,1,1,1,1,1,1,1,1,0,1,1,1,10
104996,1,1,1,0,0,0,0,0,0,0,0,0,2
104997,1,1,1,0,1,1,0,0,1,0,0,0,8
104998,1,1,1,1,1,0,0,0,0,0,0,0,4
104999,1,1,1,1,0,0,0,0,0,0,0,0,3
105000,1,1,1,1,1,1,0,0,0,1,1,1,10
105001,1,1,1,0,0,0,0,0,0,0,0,0,2
105002,1,1,1,0,1,1,1,1,0,1,0,0,9
105003,1,1,1,1,0,0,0,0,0,0,0,0,3
105004,1,0,0,0,0,0,0,0,0,0,0,0,0
105005,1,0,0,0,0,0,0,0,0,0,0,0,0
105006,1,0,0,0,0,0,0,0,0,0,0,0,0
105007,1,1,0,0,0,0,0,0,1,1,0,0,9
105008,1,1,0,1,0,1,1,1,1,1,0,0,9
105009,1,0,0,1,1,0,0,0,0,0,0,0,4
105010,1,1,0,0,0,0,0,0,0,0,0,0,1
105011,1,0,0,0,0,0,0,0,0,0,0,0,0
105012,1,1,0,0,0,0,0,0,0,0,0,0,1
105013,1,0,0,0,0,0,0,1,0,0,0,0,7
105014,1,1,0,0,0,0,0,0,0,0,0,0,1
105015,1,1,0,0,0,0,0,0,0,0,0,0,1
105016,1,1,1,1,1,1,1,1,0,0,0,0,7
105017,1,0,1,1,1,1,1,0,1,0,0,0,8
105018,1,0,0,0,0,0,0,0,0,0,0,0,0
105019,1,0,0,1,0,1,0,0,0,0,0,0,5
105020,1,1,1,1,1,1,1,1,1,1,0,0,9
105021,1,1,1,0,0,0,0,0,0,0,0,0,2
105022,1,0,1,0,0,0,0,0,0,0,0,0,2
105023,1,1,0,0,0,0,0,0,0,0,0,0,1
105024,1,0,0,0,0,0,0,0,0,0,0,0,0
105025,1,0,0,0,0,0,0,0,0,0,0,0,0
105026,1,0,0,0,0,0,0,0,0,0,0,0,0
105027,1,0,0,0,0,0,1,0,0,0,1,0,10
105028,1,0,0,0,0,0,0,0,0,0,0,0,0
105029,1,1,1,0,0,0,1,0,1,1,0,0,9
105030,1,0,0,0,0,0,0,0,0,0,0,0,0
105031,1,1,1,1,1,1,1,1,1,1,1,1,10
105032,1,0,0,0,0,0,0,0,0,0,0,0,0
105033,1,1,1,1,1,1,0,0,0,0,0,0,5
105034,1,1,1,0,0,0,0,0,0,0,0,0,2
105035,1,1,1,1,0,0,0,1,0,1,0,0,9
105036,1,0,0,0,0,0,0,0,0,0,0,0,0
105037,1,0,0,0,0,0,0,0,0,0,0,0,0
105038,1,0,0,0,0,0,0,1,1,0,0,0,8
105039,1,1,1,1,1,1,1,1,1,1,1,1,10
105040,1,1,0,0,0,0,0,0,0,0,0,0,1
105041,1,1,1,0,0,0,0,0,0,0,0,0,2
105042,1,0,0,0,0,0,0,0,0,0,0,0,0
105043,1,1,0,0,0,0,1,0,1,1,1,1,10
105044,1,1,1,1,1,1,1,1,1,1,1,0,10
105045,1,1,0,0,0,0,0,0,0,0,0,0,1
105046,1,1,1,1,1,1,1,1,1,1,1,1,10
105047,1,0,0,0,0,0,0,0,0,0,0,0,0
105048,1,1,1,1,1,0,0,0,0,0,0,0,4
105049,1,0,0,0,0,0,0,0,0,0,0,0,0
105050,1,1,1,1,1,1,1,1,1,1,1,1,10
105051,1,0,0,0,0,0,0,0,0,0,0,0,0
105052,1,0,0,0,0,0,0,0,0,0,0,0,0
105053,1,0,0,0,0,1,0,0,1,0,0,0,8
105054,1,1,1,0,0,0,0,0,0,0,0,0,2
105055,1,1,1,1,0,1,0,1,1,0,1,0,10
105056,1,0,0,0,0,0,0,0,0,0,0,0,0
105057,1,1,1,0,0,0,0,0,0,0,0,0,2
105058,1,1,1,1,1,0,1,1,1,1,1,0,10
105059,1,0,0,0,0,0,1,0,0,0,0,0,6
105060,1,1,0,1,0,0,0,0,0,0,0,0,3
105061,1,1,1,1,1,0,1,0,1,1,1,0,10
105062,1,1,0,0,0,0,0,0,0,0,0,0,1
105063,1,1,0,0,1,1,0,1,1,1,1,0,10
105064,1,1,0,0,0,0,0,0,0,0,0,0,1
105065,1,0,0,0,0,0,0,0,0,0,0,1,0
105066,1,1,0,0,0,0,0,0,0,0,0,0,1
105067,1,1,1,1,1,1,1,0,1,1,1,1,10
105068,1,1,0,1,0,1,1,1,1,1,1,0,10
105069,1,1,1,1,1,1,0,1,1,1,1,1,10
105070,1,0,0,0,0,0,0,0,0,0,0,0,0
105071,1,0,1,0,0,0,0,0,0,0,0,0,2
105072,1,1,1,1,1,1,0,0,0,0,0,0,5
105073,1,1,0,0,1,1,0,0,1,1,1,1,10
105074,1,0,0,0,0,0,0,0,0,0,0,0,0
105075,1,1,1,1,0,1,1,1,1,1,1,0,10
105076,1,0,1,1,1,1,1,1,1,1,1,0,10
105077,1,0,0,0,0,0,0,0,0,0,0,0,0
105078,1,0,1,0,1,1,1,1,1,1,0,0,9
105079,1,1,1,0,0,0,0,0,0,0,0,0,2
105080,1,1,1,1,1,1,0,1,0,1,1,0,10
105081,1,0,0,0,0,0,0,0,0,0,0,0,0
105082,1,0,0,0,0,0,0,0,0,0,0,0,0
105083,1,0,0,1,1,0,0,1,1,1,1,1,10
105084,1,1,0,0,0,0,0,0,0,0,0,0,1
105085,1,1,1,1,0,0,0,0,0,0,0,0,3
105086,1,0,1,1,1,1,0,0,1,0,1,0,10
105087,1,1,1,1,1,1,1,1,0,0,0,0,7
105088,1,1,0,1,0,0,0,0,0,0,0,0,3
105089,1,0,0,0,0,0,0,0,0,0,0,0,0
105090,1,0,0,0,0,0,0,1,0,0,0,0,7
105091,1,1,1,1,1,1,1,1,1,1,1,0,10
105092,1,1,1,1,1,0,0,0,0,0,0,0,4
105093,1,0,0,0,0,0,0,1,1,0,1,0,10
105094,1,0,0,0,0,0,0,0,0,0,0,0,0
105095,1,1,1,1,0,0,0,0,0,0,0,0,3
105096,1,0,0,0,0,0,0,0,0,1,1,1,10
105097,1,1,0,0,0,0,0,0,0,0,0,0,1
105098,1,0,0,0,0,0,0,0,0,0,0,0,0
105099,1,0,0,0,0,0,0,0,0,0,0,0,0
105100,1,0,0,0,0,0,0,0,0,0,0,0,0
105101,1,1,1,0,0,0,0,0,0,0,0,0,2
105102,1,0,1,1,1,1,0,0,0,0,0,0,5
105103,1,0,0,0,0,0,0,0,0,0,0,0,0
105104,1,1,1,1,1,1,1,1,0,1,1,1,10
105105,1,1,1,0,0,0,0,0,0,0,0,0,2
105106,1,0,0,0,0,0,0,0,0,0,0,0,0
105107,1,1,0,0,1,1,1,1,0,1,1,1,10
105108,1,0,0,1,0,0,0,0,0,0,0,0,3
105109,1,1,0,1,0,0,0,0,0,1,1,0,10
105110,1,0,1,1,0,1,0,0,0,0,0,0,5
105111,1,0,0,0,0,0,0,0,0,0,0,0,0
105112,1,1,1,1,1,0,0,0,0,0,0,0,4
105113,1,1,1,1,1,1,1,1,1,1,1,1,10
105114,1,0,0,0,0,0,0,0,0,0,0,0,0
105115,1,1,0,0,1,1,1,1,1,1,0,1,9
105116,1,1,0,1,1,1,1,1,1,1,1,1,10
105117,1,0,0,0,0,0,0,0,0,0,0,0,0
105118,1,0,0,0,0,0,0,0,0,0,0,0,0
105119,1,1,0,0,0,0,0,0,0,0,0,0,1
105120,1,1,1,1,0,1,0,0,1,1,0,0,9
105121,1,0,0,0,0,0,0,0,0,0,0,0,0
105122,1,1,1,1,0,0,0,0,0,1,1,0,10
105123,1,0,0,0,1,0,1,1,1,1,1,1,10
105124,1,1,0,0,0,0,0,0,0,0,0,0,1
105125,1,0,0,0,0,0,0,0,0,0,0,0,0
105126,1,0,0,1,1,1,0,1,1,1,1,0,10
105127,1,1,0,1,0,1,1,1,1,1,0,0,9
105128,1,1,1,1,1,1,1,1,1,1,0,0,9
105129,1,0,0,0,1,1,1,1,1,1,1,1,10
105130,1,0,0,0,0,1,1,1,0,0,0,1,7
105131,1,1,1,1,1,1,1,1,1,1,1,1,10
105132,1,0,0,0,0,0,0,0,0,0,0,0,0
105133,1,1,0,1,0,1,0,0,1,0,0,0,8
105134,1,0,0,0,1,0,0,0,0,0,0,0,4
105135,1,0,0,0,0,0,0,0,0,0,0,0,0
105136,1,1,0,0,0,0,0,0,0,1,0,0,9
105137,1,0,0,0,0,0,0,0,0,0,0,0,0
105138,1,1,0,0,0,0,0,0,0,0,0,0,1
105139,1,0,0,0,0,0,0,0,0,0,0,0,0
105140,1,0,0,0,0,0,0,0,0,0,0,0,0
105141,1,1,0,1,1,1,1,0,0,0,0,0,6
105142,1,0,0,0,0,0,0,0,0,0,0,0,0
105143,1,0,0,0,0,1,1,1,0,1,0,1,9
105144,1,0,0,0,0,0,0,0,0,0,0,0,0
105145,1,0,0,0,0,0,0,0,0,0,0,0,0
105146,1,0,0,0,0,0,0,0,0,0,0,0,0
105147,1,1,0,0,0,0,0,0,0,0,0,0,1
105148,1,1,1,1,0,0,0,1,0,0,0,0,7
105149,1,1,0,1,1,0,1,1,0,0,0,0,7
105150,1,0,0,0,0,0,0,0,0,0,0,0,0
105151,1,1,1,1,1,0,0,0,0,0,0,0,4
105152,1,0,0,0,0,0,0,0,0,0,0,0,0
105153,1,1,1,1,1,0,0,0,0,0,0,0,4
105154,1,0,0,0,0,0,0,0,0,0,0,0,0
105155,1,1,1,1,1,1,1,1,0,1,1,1,10
105156,1,0,0,0,0,1,1,1,1,1,0,1,9
105157,1,0,0,0,0,0,0,0,0,0,0,0,0
105158,1,0,0,0,0,0,0,0,0,0,0,0,0
105159,1,0,1,0,0,0,1,0,0,0,0,0,6
105160,1,0,1,0,0,0,0,0,0,0,1,0,10
105161,1,0,0,0,0,0,0,0,0,0,0,0,0
105162,1,0,1,1,0,1,0,1,0,0,1,0,10
105163,1,0,0,0,0,0,0,0,0,0,0,0,0
105164,1,0,0,0,0,0,0,0,0,0,0,0,0
105165,1,1,1,1,0,1,0,0,0,0,0,0,5
105166,1,1,1,1,1,1,1,0,0,1,1,0,10
105167,1,1,0,0,0,0,0,0,0,0,0,0,1
105168,1,1,0,0,0,0,1,1,0,0,0,0,7
105169,1,1,1,1,0,1,1,1,1,1,0,0,9
105170,1,0,0,0,0,0,0,0,0,0,0,0,0
105171,1,0,0,0,0,0,0,0,0,0,0,0,0
105172,1,1,1,0,0,0,0,0,0,0,0,0,2
105173,1,0,0,0,0,0,0,0,0,0,0,0,0
105174,1,1,1,1,0,0,1,1,1,1,1,0,10
105175,1,1,0,0,0,1,0,0,0,0,0,0,5
105176,1,1,1,0,0,0,0,0,0,0,0,0,2
105177,1,1,0,0,0,0,0,0,0,0,0,0,1
105178,1,0,0,0,0,0,0,0,0,0,0,0,0
105179,1,0,1,0,0,1,1,1,1,1,0,0,9
105180,1,0,0,0,1,0,0,0,0,0,0,0,4
105181,1,1,1,1,0,0,0,0,0,0,0,0,3
105182,1,0,0,0,0,0,0,0,1,0,1,1,10
105183,1,0,0,0,0,0,0,0,0,0,0,0,0
105184,1,0,0,0,0,0,0,1,0,0,0,0,7
105185,1,1,0,0,0,0,0,0,0,0,0,0,1
105186,1,0,0,0,0,0,0,1,1,0,0,1,8
105187,1,1,1,1,1,1,1,1,0,0,0,0,7
105188,1,1,1,0,0,0,0,0,0,0,0,0,2
105189,1,1,1,1,1,1,0,0,0,0,0,0,5
105190,1,0,0,0,0,0,0,0,0,0,0,0,0
105191,1,1,1,1,0,0,0,0,0,0,0,0,3
105192,1,0,0,0,0,0,0,0,0,0,0,0,0
105193,1,0,0,0,0,0,0,0,0,0,0,0,0
105194,1,1,1,1,1,1,1,1,1,1,1,1,10
105195,1,1,0,0,0,0,0,0,0,0,0,0,1
105196,1,1,1,1,0,0,0,0,0,0,0,0,3
105197,1,0,0,1,0,1,0,0,0,0,0,0,5
105198,1,0,0,0,0,0,0,1,1,1,1,0,10
105199,1,1,0,0,0,0,0,0,0,0,0,0,1
105200,1,1,0,0,0,0,0,0,0,0,0,0,1
105201,1,1,1,1,1,1,0,0,1,1,1,0,10
105202,1,1,0,0,0,1,0,0,0,0,0,0,5
105203,1,0,0,0,0,0,0,0,0,0,0,0,0
105204,1,0,0,0,0,0,0,0,0,0,0,0,0
105205,1,0,0,0,0,0,0,0,0,1,0,0,9
105206,1,0,0,0,0,0,0,0,0,0,0,0,0
105207,1,0,1,0,1,0,0,0,0,0,0,0,4
105208,1,0,1,1,0,1,0,0,1,1,1,1,10
105209,1,1,0,0,0,0,0,0,0,0,1,0,10
105210,1,0,0,0,0,0,0,0,0,0,0,0,0
105211,1,0,0,0,0,0,0,0,0,0,0,0,0
105212,1,1,1,0,0,0,0,0,0,0,0,0,2
105213,1,0,1,0,1,1,1,0,0,0,0,1,6
105214,1,1,1,0,0,1,1,1,1,1,0,1,9
105215,1,1,1,1,0,0,0,0,0,0,0,0,3
105216,1,0,0,0,0,0,0,1,0,0,0,0,7
105217,1,1,1,0,0,0,0,0,0,0,0,0,2
105218,1,0,0,0,0,0,0,0,0,0,0,0,0
105219,1,0,0,0,1,0,0,1,0,0,0,0,7
105220,1,0,0,0,0,0,0,1,0,1,0,0,9
105221,1,0,0,0,0,0,0,0,0,0,0,0,0
105222,1,1,0,0,0,0,0,1,0,0,0,0,7
105223,1,0,0,0,0,0,0,0,0,1,1,0,10
105224,1,0,0,0,0,0,0,0,0,0,0,0,0
105225,1,1,0,1,1,1,1,1,0,0,1,1,10
105226,1,0,0,1,0,1,0,0,0,1,1,0,10
105227,1,1,1,0,0,0,0,0,0,1,1,0,10
105228,1,0,0,0,0,0,0,0,0,0,0,0,0
105229,1,1,0,0,0,0,0,0,0,0,0,0,1
105230,1,0,0,0,0,0,0,0,0,0,0,0,0
105231,1,1,0,0,0,0,0,0,0,0,0,0,1
105232,1,0,0,0,0,0,0,0,0,0,0,0,0
105233,1,0,0,0,0,0,0,0,0,0,0,0,0
105234,1,0,0,0,0,0,0,0,0,0,0,0,0
105235,1,0,0,1,1,0,0,0,0,0,0,0,4
105236,1,1,1,1,1,1,1,1,1,1,1,0,10
105237,1,0,1,1,1,1,1,1,1,1,0,0,9
105238,1,1,0,0,0,0,0,0,0,0,0,0,1
105239,1,0,0,0,0,0,0,0,0,0,0,0,0
105240,1,1,1,1,1,1,1,0,1,1,1,0,10
105241,1,0,0,0,0,0,0,0,0,0,0,0,0
105242,1,0,0,0,0,0,0,0,0,0,0,0,0
105243,1,1,1,1,1,1,1,0,1,1,0,0,9
105244,1,0,0,0,0,0,0,0,0,0,0,0,0
105245,1,1,1,1,1,1,0,1,0,0,1,0,10
105246,1,0,0,0,0,0,0,0,0,0,0,0,0
105247,1,0,0,0,0,0,0,0,0,0,0,0,0
105248,1,1,0,0,0,0,0,0,0,0,0,0,1
105249,1,1,1,1,1,1,0,0,0,0,0,0,5
105250,1,0,0,0,0,0,0,0,0,0,0,0,0
105251,1,1,1,1,1,0,1,0,1,1,1,0,10
105252,1,1,1,1,1,1,0,0,0,1,0,0,9
105253,1,1,0,0,1,0,0,0,0,0,0,0,4
105254,1,0,0,0,0,1,0,0,0,0,0,0,5
105255,1,1,0,0,1,1,0,0,1,0,0,0,8
105256,1,0,0,0,0,0,0,0,1,1,1,1,10
105257,1,1,1,0,0,0,1,0,1,1,0,1,9
105258,1,1,1,1,0,0,0,0,0,0,0,0,3
105259,1,1,0,1,1,0,0,1,1,1,1,0,10
105260,1,0,0,0,0,0,0,0,0,0,0,0,0
105261,1,0,0,0,0,0,0,0,0,0,0,0,0
105262,1,0,0,0,0,0,0,0,0,0,0,0,0
105263,1,0,0,0,0,0,0,0,0,0,0,0,0
105264,1,1,1,0,0,0,0,0,1,1,1,0,10
105265,1,0,0,0,0,0,0,0,0,0,0,0,0
105266,1,0,0,0,0,0,0,0,0,0,0,0,0
105267,1,1,1,1,1,1,0,0,0,0,0,0,5
105268,1,1,0,0,0,0,0,0,0,0,0,0,1
105269,1,1,1,0,1,1,0,0,0,0,0,0,5
105270,1,1,1,1,1,1,1,1,1,1,1,1,10
105271,1,0,0,0,0,0,0,0,0,0,0,0,0
105272,1,1,1,0,1,1,0,0,0,0,0,0,5
105273,1,1,1,1,1,1,1,1,1,1,1,1,10
105274,1,1,0,0,0,0,1,0,0,0,1,1,10
105275,1,0,0,0,0,0,0,0,0,0,0,0,0
105276,1,1,0,0,0,0,0,1,1,1,0,0,9
105277,1,0,0,0,0,0,0,0,0,0,0,0,0
105278,1,0,0,0,0,0,0,0,0,0,0,0,0
105279,1,1,1,1,1,1,1,1,1,1,1,0,10
105280,1,0,0,0,0,0,1,0,0,0,0,0,6
105281,1,0,0,0,0,0,0,0,0,0,0,0,0
105282,1,1,0,0,0,0,0,0,0,0,1,0,10
105283,1,0,0,0,0,0,0,0,0,0,0,0,0
105284,1,0,0,0,0,0,0,0,0,0,0,0,0
105285,1,0,0,0,0,0,0,0,0,0,0,0,0
105286,1,0,0,0,0,0,0,0,0,0,0,0,0
105287,1,1,1,1,1,1,0,0,0,0,0,0,5
105288,1,0,0,0,0,0,0,0,0,0,0,0,0
105289,1,1,1,0,0,0,0,1,1,1,1,0,10
105290,1,0,0,1,0,1,1,0,0,1,1,0,10
105291,1,1,0,0,1,0,0,0,0,0,0,0,4
105292,1,1,1,1,1,1,1,1,1,1,1,0,10
105293,1,0,0,0,0,0,0,0,0,0,0,0,0
105294,1,0,0,0,0,0,0,0,0,0,0,0,0
105295,1,1,1,1,1,0,0,1,1,1,1,1,10
105296,1,1,1,1,1,1,1,1,1,1,1,1,10
105297,1,1,1,1,1,1,1,1,1,0,0,0,8
105298,1,0,0,0,0,1,0,1,1,1,1,0,10
105299,1,1,1,0,0,1,1,0,0,1,1,0,10
105300,1,0,0,1,1,1,1,1,1,0,0,0,8
105301,1,0,0,0,1,0,0,0,0,0,0,0,4
105302,1,1,0,0,1,1,1,0,0,0,0,0,6
105303,1,1,0,0,0,0,0,0,0,0,0,0,1
105304,1,0,0,0,0,0,0,0,0,0,0,0,0
105305,1,1,1,1,1,1,1,1,1,1,1,1,10
105306,1,1,1,0,0,0,0,0,0,0,0,0,2
105307,1,1,1,1,1,1,1,1,1,1,1,1,10
105308,1,1,1,1,1,1,1,1,1,1,1,1,10
105309,1,0,0,0,0,0,0,0,0,0,0,0,0
105310,1,0,0,0,0,0,1,0,0,0,0,0,6
105311,1,0,0,0,0,0,0,0,0,0,0,0,0
105312,1,1,0,1,0,1,0,0,0,0,0,0,5
105313,1,1,0,1,0,0,0,0,0,0,0,0,3
105314,1,0,0,0,0,0,0,0,0,0,0,0,0
105315,1,1,1,0,0,0,0,0,1,1,1,0,10
105316,1,1,1,0,0,1,0,0,0,0,0,0,5
105317,1,0,0,0,0,0,0,0,0,0,0,0,0
105318,1,0,0,0,0,0,0,0,0,0,0,0,0
105319,1,0,1,0,0,0,0,0,0,0,0,0,2
105320,1,1,0,0,0,0,0,0,0,0,0,0,1
105321,1,0,0,0,0,0,0,0,0,0,0,0,0
105322,1,1,1,1,1,0,0,0,0,0,0,0,4
105323,1,0,0,0,0,0,0,0,0,0,0,0,0
105324,1,1,1,0,0,0,0,0,0,0,0,0,2
105325,1,1,1,1,1,1,0,0,1,1,1,1,10
105326,1,1,1,1,1,0,0,0,0,0,0,0,4
105327,1,0,0,0,1,0,0,0,0,0,0,0,4
105328,1,1,1,1,1,1,0,1,1,1,1,1,10
105329,1,1,0,0,0,0,0,1,1,0,0,0,8
105330,1,1,0,0,1,1,1,0,0,1,1,0,10
105331,1,0,0,1,0,0,0,0,0,0,0,0,3
105332,1,1,1,1,1,1,1,1,1,1,1,1,10
105333,1,0,0,0,0,0,0,0,0,0,0,0,0
105334,1,0,0,0,0,0,0,0,0,0,0,0,0
105335,1,1,1,1,1,1,1,1,0,1,1,0,10
105336,1,0,0,1,0,1,0,1,1,1,1,0,10
105337,1,1,1,1,1,0,1,1,0,1,1,1,10
105338,1,1,0,0,0,0,0,0,0,0,0,1,1
105339,1,0,0,0,0,0,0,0,0,0,0,0,0
105340,1,1,1,0,1,1,1,0,0,0,0,0,6
105341,1,0,0,1,1,1,1,1,1,1,1,1,10
105342,1,1,1,1,1,0,0,0,0,0,0,0,4
105343,1,0,0,0,0,0,0,0,0,0,0,0,0
105344,1,0,0,0,0,0,0,0,0,0,0,0,0
105345,1,1,0,0,0,0,0,0,0,0,0,0,1
105346,1,0,0,0,0,0,0,0,0,0,0,0,0
105347,1,1,1,0,0,0,0,0,0,0,0,0,2
105348,1,1,0,1,0,0,1,0,0,0,0,0,6
105349,1,1,1,0,0,0,0,0,0,0,0,0,2
105350,1,1,1,1,1,0,1,1,1,1,0,0,9
105351,1,0,0,0,0,0,0,0,0,0,0,0,0
105352,1,1,0,1,0,0,1,0,0,0,0,0,6
105353,1,1,1,0,1,0,1,0,1,0,1,0,10
105354,1,0,0,0,0,0,0,0,0,0,0,0,0
105355,1,1,1,1,1,0,1,1,0,0,0,0,7
105356,1,1,1,0,0,1,0,0,0,1,0,0,9
105357,1,0,0,0,0,0,0,0,0,0,0,0,0
105358,1,1,0,0,0,0,0,0,0,0,0,0,1
105359,1,0,0,1,1,0,1,1,0,0,0,0,7
105360,1,0,1,0,0,0,0,0,1,1,0,0,9
105361,1,0,0,0,0,0,1,0,1,0,0,0,8
105362,1,1,0,0,0,0,0,0,0,0,0,0,1
105363,1,1,1,1,1,1,1,1,1,1,1,0,10
105364,1,1,0,0,0,0,0,0,0,0,0,0,1
105365,1,1,1,0,0,0,0,0,0,0,0,0,2
105366,1,0,0,0,0,0,0,0,0,0,0,0,0
105367,1,0,0,0,0,0,0,0,0,0,0,0,0
105368,1,0,0,0,0,0,0,0,0,0,0,0,0
105369,1,1,1,1,1,1,0,0,0,0,0,0,5
105370,1,1,1,1,1,1,1,1,1,0,1,0,10
105371,1,1,1,1,0,0,0,0,0,0,0,0,3
105372,1,1,1,0,0,0,0,0,0,0,0,0,2
105373,1,0,0,1,0,0,0,1,0,0,0,0,7
105374,1,1,0,0,0,0,0,0,0,0,0,0,1
105375,1,1,0,0,0,0,0,0,0,0,0,0,1
105376,1,1,0,0,0,0,0,0,0,0,0,0,1
105377,1,0,0,0,0,0,0,0,0,0,0,0,0
105378,1,0,0,0,0,0,0,0,0,0,0,0,0
105379,1,0,0,0,0,0,0,0,0,0,0,0,0
105380,1,0,0,0,0,0,0,0,0,0,0,0,0
105381,1,1,0,0,0,0,0,0,0,0,0,0,1
105382,1,0,0,0,0,0,0,0,0,0,0,0,0
105383,1,1,1,1,1,1,1,0,1,0,0,0,8
105384,1,0,0,0,0,0,0,0,0,0,0,0,0
105385,1,1,0,0,0,0,0,0,0,0,0,0,1
105386,1,1,1,1,1,1,1,0,1,1,1,0,10
105387,1,1,1,1,1,1,1,0,0,0,0,0,6
105388,1,1,0,1,1,0,1,0,1,1,1,0,10
105389,1,1,1,1,1,1,1,1,1,0,1,1,10
105390,1,0,0,0,0,0,0,0,0,0,0,0,0
105391,1,1,1,0,1,0,0,0,1,1,0,0,9
105392,1,1,1,1,0,0,0,0,0,0,0,0,3
105393,1,1,1,1,0,1,0,0,0,0,0,0,5
105394,1,0,0,0,0,0,0,0,0,0,0,0,0
105395,1,1,0,1,0,0,0,0,1,0,1,1,10
105396,1,0,0,0,0,0,0,0,0,0,0,0,0
105397,1,1,1,1,1,1,1,1,1,1,0,1,9
105398,1,1,1,1,1,1,1,0,1,1,1,1,10
105399,1,1,1,1,0,1,1,0,0,0,0,0,6
105400,1,1,0,0,0,0,0,0,0,0,0,0,1
105401,1,1,0,0,0,0,0,0,0,0,0,0,1
105402,1,1,1,0,0,0,0,0,0,0,0,0,2
105403,1,0,0,0,0,0,0,0,0,0,0,0,0
105404,1,0,1,1,1,1,1,1,1,1,1,1,10
105405,1,0,0,0,0,0,0,0,0,0,0,0,0
105406,1,1,1,1,1,1,1,1,1,1,1,1,10
105407,1,0,0,0,0,0,0,0,0,0,0,0,0
105408,1,1,1,0,1,0,0,1,0,0,0,0,7
105409,1,1,1,1,1,1,1,1,1,1,1,0,10
105410,1,1,1,1,1,1,1,1,1,1,1,1,10
105411,1,1,0,1,0,1,1,0,1,0,0,1,8
105412,1,0,0,0,0,0,0,0,0,0,0,0,0
105413,1,1,0,1,1,0,1,0,1,0,0,1,8
105414,1,0,0,0,0,0,0,0,0,0,0,0,0
105415,1,1,0,0,0,0,0,0,0,0,0,0,1
105416,1,0,0,0,0,0,0,0,0,0,0,0,0
105417,1,0,0,0,0,0,0,0,0,0,0,0,0
105418,1,1,0,0,1,1,1,1,1,1,1,1,10
105419,1,1,1,1,1,1,0,1,0,0,0,0,7
105420,1,1,1,1,0,0,0,0,0,0,0,0,3
105421,1,0,0,0,0,0,0,0,0,0,0,0,0
105422,1,1,1,1,1,1,1,1,1,1,1,1,10
105423,1,1,1,0,0,0,0,0,0,0,0,0,2
105424,1,1,1,1,0,0,0,0,0,0,0,1,3
105425,1,1,1,1,1,1,1,1,0,1,1,0,10
105426,1,0,0,0,0,0,0,0,0,0,0,0,0
105427,1,0,0,0,0,0,0,0,0,0,0,0,0
105428,1,1,0,1,1,1,0,0,1,1,1,0,10
105429,1,0,0,0,0,0,0,0,0,0,0,0,0
105430,1,0,1,1,1,1,0,1,1,0,0,0,8
105431,1,1,1,1,0,0,0,0,0,0,0,0,3
105432,1,0,0,0,0,0,0,0,0,0,0,0,0
105433,1,1,0,1,1,0,0,0,0,0,0,0,4
105434,1,0,0,1,1,0,1,0,0,0,0,0,6
105435,1,0,1,1,0,0,1,1,1,0,0,0,8
105436,1,1,0,0,0,0,0,0,0,0,0,0,1
105437,1,0,0,0,0,0,0,0,0,0,0,0,0
105438,1,1,1,0,0,0,0,0,1,1,1,1,10
105439,1,1,0,0,0,0,0,0,0,0,0,0,1
105440,1,1,1,1,0,1,0,0,1,0,1,1,10
105441,1,1,1,1,1,1,0,0,0,0,0,0,5
105442,1,0,0,0,0,0,0,0,1,1,1,0,10
105443,1,1,1,1,0,1,0,0,0,0,0,0,5
105444,1,0,0,0,0,0,0,0,0,0,0,0,0
105445,1,0,0,0,0,0,0,0,0,0,0,0,0
105446,1,1,1,1,1,1,1,0,1,0,0,0,8
105447,1,0,0,0,0,0,0,0,0,0,0,0,0
105448,1,1,0,0,0,0,0,0,0,0,0,0,1
105449,1,1,1,0,0,0,0,0,0,0,0,0,2
105450,1,1,1,0,0,0,0,0,0,0,0,0,2
105451,1,0,0,0,0,0,0,0,0,1,0,0,9
105452,1,0,0,0,0,0,0,0,0,0,0,0,0
105453,1,0,0,0,0,0,0,0,0,0,0,0,0
105454,1,1,0,0,0,0,0,0,0,0,0,0,1
105455,1,1,0,0,0,0,0,0,0,0,0,0,1
105456,1,1,1,0,1,0,0,0,0,0,0,0,4
105457,1,0,0,0,0,0,0,0,0,0,0,0,0
105458,1,1,1,1,1,1,0,1,1,1,1,0,10
105459,1,0,1,0,0,0,0,0,0,0,0,0,2
105460,1,1,0,1,1,1,0,1,0,0,0,0,7
105461,1,1,0,0,0,0,0,0,0,0,0,0,1
105462,1,1,0,1,1,0,0,0,0,0,0,0,4
105463,1,1,1,1,1,1,1,0,1,1,1,1,10
105464,1,1,0,0,0,0,0,0,0,0,0,0,1
105465,1,0,0,0,0,0,0,0,0,0,0,0,0
105466,1,1,1,1,1,1,1,1,1,1,1,0,10
105467,1,0,0,0,0,0,1,1,1,1,1,1,10
105468,1,0,0,0,0,0,0,0,0,0,0,0,0
105469,1,0,0,1,0,0,1,0,0,0,0,1,6
105470,1,1,0,0,0,0,0,0,1,1,1,0,10
105471,1,0,0,0,0,0,0,0,0,0,0,0,0
105472,1,1,1,1,0,0,0,0,1,0,1,0,10
105473,1,0,0,0,0,0,0,0,0,0,0,0,0
105474,1,1,0,0,0,0,0,0,0,0,0,0,1
105475,1,0,0,0,0,0,0,0,0,0,0,0,0
105476,1,0,0,0,0,0,0,0,0,0,0,0,0
105477,1,1,1,1,1,1,1,0,0,0,0,0,6
105478,1,1,1,1,1,1,0,1,1,0,1,1,10
105479,1,1,1,1,1,1,1,1,1,1,0,1,9
105480,1,1,1,1,1,1,1,1,1,1,0,1,9
105481,1,0,0,0,0,0,0,0,0,0,0,0,0
105482,1,0,0,0,0,0,0,0,0,0,0,0,0
105483,1,1,1,1,1,1,1,1,1,1,1,1,10
105484,1,0,0,0,0,0,0,0,0,0,0,0,0
105485,1,0,0,0,0,0,0,0,0,0,0,0,0
105486,1,0,0,0,0,0,0,0,0,0,0,0,0
105487,1,0,0,0,0,0,0,0,0,0,0,0,0
105488,1,0,1,0,0,0,0,0,0,0,0,0,2
105489,1,1,1,1,1,0,0,0,0,0,0,0,4
105490,1,0,0,0,0,0,0,0,0,0,0,0,0
105491,1,0,0,0,1,1,0,1,0,0,0,0,7
105492,1,1,1,1,1,1,1,1,1,0,1,0,10
105493,1,1,0,0,1,0,0,0,0,0,0,0,4
105494,1,0,0,1,0,0,0,0,0,0,0,0,3
105495,1,0,0,0,0,0,0,0,0,0,0,0,0
105496,1,1,1,0,0,0,0,1,1,1,0,0,9
105497,1,0,0,0,0,0,0,0,0,0,0,0,0
105498,1,1,1,1,1,1,1,1,1,1,1,1,10
105499,1,0,0,0,1,1,1,1,0,1,0,0,9
105500,1,0,1,1,0,0,0,0,0,0,0,0,3
105501,1,1,0,1,1,1,1,1,1,1,1,1,10
105502,1,0,0,0,0,0,0,0,0,0,0,0,0
105503,1,1,1,0,0,0,0,0,0,0,0,0,2
105504,1,1,1,1,1,1,1,0,0,0,0,0,6
105505,1,1,1,1,1,1,1,1,1,1,1,1,10
105506,1,0,0,0,0,0,0,0,0,0,0,0,0
105507,1,0,0,0,0,1,0,0,0,0,0,0,5
105508,1,1,0,1,0,1,0,0,0,0,0,0,5
105509,1,1,0,0,1,0,1,0,1,1,1,0,10
105510,1,1,0,0,0,0,0,0,0,0,0,0,1
105511,1,0,0,0,0,0,0,0,0,0,0,0,0
105512,1,1,1,1,1,1,0,1,0,0,0,0,7
105513,1,0,0,0,0,0,0,0,0,0,0,0,0
105514,1,0,0,0,0,0,0,0,0,0,0,0,0
105515,1,1,0,0,0,0,0,0,0,0,0,0,1
105516,1,1,1,1,1,1,1,1,1,1,1,0,10
105517,1,1,1,0,1,1,1,1,1,0,0,0,8
105518,1,1,0,0,0,0,1,0,0,0,1,0,10
105519,1,1,1,0,0,0,0,0,0,0,0,0,2
105520,1,1,0,1,0,0,0,0,0,0,0,0,3
105521,1,0,0,0,0,0,0,0,0,0,0,0,0
105522,1,0,0,1,1,1,1,1,1,0,0,1,8
105523,1,0,1,1,0,0,0,0,0,0,0,0,3
105524,1,0,0,0,0,0,0,0,0,0,0,0,0
105525,1,1,1,1,1,1,1,1,1,1,1,1,10
105526,1,1,1,0,0,0,0,0,0,0,0,0,2
105527,1,0,0,0,0,0,0,0,0,0,0,0,0
105528,1,1,1,0,1,1,1,0,1,1,1,1,10
105529,1,0,0,0,0,0,0,0,0,0,0,0,0
105530,1,0,0,0,0,0,0,0,0,0,0,0,0
105531,1,0,0,0,0,1,1,0,0,0,0,1,6
105532,1,1,0,0,0,0,0,0,0,0,0,0,1
105533,1,0,0,0,0,0,0,0,0,0,0,0,0
105534,1,1,0,0,0,0,0,0,0,0,0,0,1
105535,1,0,0,0,0,0,0,0,0,0,0,0,0
105536,1,1,0,0,0,0,0,0,0,0,0,0,1
105537,1,0,0,0,0,0,0,0,0,0,0,0,0
105538,1,0,0,1,0,0,0,1,1,1,1,0,10
105539,1,1,0,0,0,0,0,0,0,0,0,0,1
105540,1,0,0,0,1,0,0,1,1,1,0,0,9
105541,1,0,0,0,0,0,0,0,0,0,0,0,0
105542,1,0,0,0,0,0,0,0,0,0,0,0,0
105543,1,1,1,1,1,1,1,1,1,1,1,1,10
105544,1,0,0,0,0,0,1,1,1,1,1,1,10
105545,1,0,0,1,0,0,0,0,0,0,0,0,3
105546,1,1,1,1,1,1,1,0,1,1,0,1,9
105547,1,1,0,0,0,1,0,0,0,0,0,0,5
105548,1,1,1,0,0,0,0,0,0,0,0,0,2
105549,1,1,1,1,1,1,0,0,0,0,0,0,5
105550,1,1,1,1,1,0,0,0,0,0,0,0,4
105551,1,1,1,1,1,1,1,1,1,1,1,0,10
105552,1,0,0,1,1,1,1,0,0,0,0,0,6
105553,1,0,0,0,0,0,1,0,0,0,0,0,6
105554,1,0,0,0,0,0,0,0,0,0,0,0,0
105555,1,1,1,1,1,0,0,0,0,0,0,0,4
105556,1,0,0,0,0,0,0,0,0,0,0,0,0
105557,1,0,0,1,1,0,0,0,0,0,0,0,4
105558,1,1,1,1,1,1,0,0,0,0,0,0,5
105559,1,1,1,0,0,0,0,0,0,0,0,1,2
105560,1,0,0,0,0,1,0,1,0,0,1,0,10
105561,1,0,0,0,0,0,0,0,0,1,0,0,9
105562,1,1,1,1,0,0,1,1,1,1,0,1,9
105563,1,0,0,0,0,0,0,0,0,0,0,0,0
105564,1,1,0,0,0,0,0,0,0,0,0,0,1
105565,1,1,1,0,0,0,1,0,0,0,0,0,6
105566,1,1,1,1,0,0,0,0,0,0,0,0,3
105567,1,0,0,0,0,0,0,0,0,0,0,0,0
105568,1,0,1,1,1,1,1,1,1,1,1,1,10
105569,1,0,0,0,0,0,0,0,0,0,0,0,0
105570,1,1,1,1,1,1,1,1,1,1,1,1,10
105571,1,0,0,0,0,0,0,1,1,0,1,1,10
105572,1,1,1,1,1,1,0,0,1,0,1,0,10
105573,1,1,0,0,1,1,1,1,1,1,1,1,10
105574,1,1,1,1,1,1,1,0,0,0,0,0,6
105575,1,1,1,1,1,1,1,1,1,1,1,0,10
105576,1,1,1,1,1,0,0,0,1,0,1,1,10
105577,1,1,1,1,1,1,0,1,1,1,1,1,10
105578,1,1,1,0,0,1,0,1,1,1,0,0,9
105579,1,0,0,0,0,0,0,0,0,0,0,0,0
105580,1,1,1,1,0,1,1,1,0,1,0,0,9
105581,1,1,0,0,0,1,0,0,0,0,0,0,5
105582,1,1,1,1,1,1,1,1,0,1,0,0,9
105583,1,0,0,0,0,0,0,0,0,0,0,0,0
105584,1,1,0,0,0,0,0,0,0,0,0,0,1
105585,1,1,0,1,1,1,1,1,0,0,0,0,7
105586,1,0,0,0,0,0,0,0,0,0,0,0,0
105587,1,1,1,1,0,0,0,0,0,0,0,0,3
105588,1,0,0,0,0,0,0,0,0,0,0,0,0
105589,1,0,1,0,0,0,0,1,0,0,0,0,7
105590,1,1,0,1,0,0,0,0,0,0,0,0,3
105591,1,0,0,0,0,0,0,0,0,0,0,0,0
105592,1,0,0,0,0,0,0,1,1,0,1,0,10
105593,1,1,1,1,1,1,1,0,1,0,1,0,10
105594,1,0,1,1,0,0,0,0,0,0,0,0,3
105595,1,0,0,0,0,0,0,1,1,1,1,1,10
105596,1,0,0,0,0,0,0,0,0,0,0,0,0
105597,1,0,0,0,0,0,0,0,0,0,0,0,0
105598,1,0,0,0,0,0,0,0,0,0,1,0,10
105599,1,1,0,0,0,0,0,0,0,0,0,0,1
105600,1,0,0,0,0,0,0,0,0,0,0,0,0
105601,1,0,0,1,1,1,1,1,1,1,1,1,10
105602,1,0,0,0,0,0,0,0,0,0,0,0,0
105603,1,0,0,0,0,0,0,0,0,0,0,0,0
105604,1,1,1,1,0,1,1,1,0,0,1,0,10
105605,1,0,0,0,0,0,0,0,0,0,0,0,0
105606,1,0,0,0,0,0,0,0,0,0,0,0,0
105607,1,0,0,0,0,0,0,0,0,0,0,0,0
105608,1,0,0,0,0,0,0,0,0,0,0,0,0
105609,1,0,0,1,1,1,0,0,0,0,0,0,5
105610,1,1,0,0,1,0,0,0,0,0,0,0,4
105611,1,1,0,0,0,0,0,0,0,0,0,0,1
105612,1,0,0,0,0,0,0,0,0,0,0,0,0
105613,1,1,1,1,1,0,0,1,1,1,1,1,10
105614,1,1,1,1,1,0,1,0,1,1,1,0,10
105615,1,1,0,0,0,0,0,0,0,0,0,0,1
105616,1,0,0,0,0,0,0,0,0,0,0,0,0
105617,1,0,0,0,0,0,1,1,0,0,0,0,7
105618,1,1,0,0,0,0,0,0,0,0,0,0,1
105619,1,0,0,0,0,0,0,0,0,0,0,0,0
105620,1,0,0,0,0,0,0,0,0,0,0,0,0
105621,1,0,0,0,0,0,0,0,0,0,0,0,0
105622,1,0,0,0,0,0,1,0,0,0,0,0,6
105623,1,1,0,0,0,0,0,1,0,0,0,0,7
105624,1,1,1,1,0,0,0,0,0,1,1,0,10
105625,1,0,0,0,0,0,0,0,0,0,0,0,0
105626,1,1,0,0,0,0,0,0,0,0,0,0,1
105627,1,1,1,1,1,1,1,1,1,1,1,1,10
105628,1,0,0,0,0,0,1,0,0,0,0,0,6
105629,1,1,0,0,1,1,1,1,1,1,1,0,10
105630,1,1,1,1,1,1,1,1,1,1,1,1,10
105631,1,0,0,0,0,0,0,0,0,0,0,0,0
105632,1,0,0,0,0,0,0,0,0,0,0,0,0
105633,1,0,0,0,0,0,0,0,0,0,0,0,0
105634,1,1,1,1,0,0,0,0,0,0,0,0,3
105635,1,0,0,0,0,0,0,0,0,0,0,0,0
105636,1,1,0,0,0,0,0,0,0,0,0,0,1
105637,1,0,1,0,1,1,0,1,1,1,1,1,10
105638,1,0,1,0,0,0,0,0,0,1,1,1,10
105639,1,0,0,0,0,0,0,0,0,0,0,0,0
105640,1,0,0,0,0,0,1,0,0,0,0,0,6
105641,1,0,0,0,0,0,0,0,0,0,0,0,0
105642,1,1,1,0,0,0,0,1,0,1,1,1,10
105643,1,0,0,0,0,0,0,0,0,0,0,0,0
105644,1,0,0,0,0,0,0,0,0,0,0,0,0
105645,1,0,0,0,0,0,0,0,0,0,0,0,0
105646,1,1,0,1,1,1,1,0,1,0,0,0,8
105647,1,0,0,0,0,0,0,0,0,0,0,0,0
105648,1,1,0,0,0,1,1,0,0,0,0,0,6
105649,1,1,1,1,0,0,0,0,0,0,0,0,3
105650,1,1,1,1,1,1,1,1,1,1,1,1,10
105651,1,1,1,0,1,1,1,1,1,1,1,1,10
105652,1,1,0,0,0,0,0,0,0,0,0,0,1
105653,1,1,1,0,0,1,1,1,0,1,0,0,9
105654,1,1,1,1,1,1,0,0,0,0,0,0,5
105655,1,1,0,0,0,0,0,0,0,0,0,0,1
105656,1,1,1,1,1,1,1,1,1,1,1,1,10
105657,1,0,0,1,1,1,0,0,1,1,1,0,10
105658,1,1,1,1,0,0,0,0,0,0,0,0,3
105659,1,0,0,0,0,0,0,0,0,0,0,0,0
105660,1,1,0,0,1,0,0,0,0,1,0,0,9
105661,1,0,0,0,0,0,0,0,0,0,0,0,0
105662,1,1,0,1,0,0,0,0,0,0,0,0,3
105663,1,0,0,0,0,0,0,0,0,0,0,0,0
105664,1,1,1,1,1,0,1,0,0,0,1,0,10
105665,1,0,0,0,0,0,0,0,0,0,0,0,0
105666,1,1,0,0,0,0,0,0,0,0,0,0,1
105667,1,1,1,1,1,1,1,1,1,1,1,1,10
105668,1,1,1,1,0,0,0,0,0,0,1,0,10
105669,1,0,0,0,0,0,0,0,0,0,0,0,0
105670,1,1,1,1,1,1,1,1,0,1,1,1,10
105671,1,1,0,0,0,1,1,0,1,1,1,0,10
105672,1,0,0,0,0,0,0,0,0,0,0,0,0
105673,1,1,0,0,0,1,1,1,1,0,1,1,10
105674,1,0,0,0,1,0,0,0,1,0,1,0,10
105675,1,0,0,0,0,0,0,0,0,0,0,0,0
105676,1,0,1,0,0,0,0,0,0,0,0,0,2
105677,1,0,0,0,0,0,0,0,0,0,0,0,0
105678,1,1,1,1,1,1,0,1,0,0,0,0,7
105679,1,1,1,1,1,0,0,0,1,1,1,1,10
105680,1,1,1,1,1,1,1,1,1,1,1,1,10
105681,1,0,0,0,0,0,0,0,0,0,0,0,0
105682,1,0,1,0,0,0,0,0,0,0,0,0,2
105683,1,0,1,0,1,1,1,1,1,0,0,0,8
105684,1,0,1,0,0,0,0,0,0,0,0,0,2
105685,1,0,1,1,0,0,1,1,1,0,0,0,8
105686,1,0,0,0,0,0,0,0,0,0,0,0,0
105687,1,1,1,1,1,1,1,1,1,0,1,1,10
105688,1,1,1,0,0,0,0,0,0,0,0,0,2
105689,1,0,0,0,0,0,0,0,0,0,0,0,0
105690,1,1,0,0,0,0,0,0,0,0,0,0,1
105691,1,0,0,0,0,0,0,0,0,0,0,0,0
105692,1,1,1,1,1,1,1,1,1,1,1,1,10
105693,1,0,1,1,0,0,1,0,0,1,0,0,9
105694,1,0,0,0,0,0,0,0,0,0,0,0,0
105695,1,0,0,0,0,0,0,0,0,0,0,0,0
105696,1,1,1,1,1,1,1,1,1,1,0,0,9
105697,1,0,0,0,0,0,0,0,0,0,0,0,0
105698,1,1,0,0,0,0,1,1,1,1,1,1,10
105699,1,0,1,1,1,1,0,0,1,1,0,0,9
105700,1,1,0,0,0,0,0,0,0,0,0,0,1
105701,1,0,0,0,0,0,0,0,0,0,0,0,0
105702,1,0,0,0,0,0,0,0,0,0,0,0,0
105703,1,0,0,0,0,0,0,0,0,1,1,1,10
105704,1,0,0,0,0,0,0,0,0,0,0,0,0
105705,1,1,1,1,1,0,1,0,0,0,1,0,10
105706,1,0,0,0,0,0,0,0,0,0,0,0,0
105707,1,1,0,0,0,0,0,0,0,0,0,0,1
105708,1,1,1,1,1,1,1,1,1,1,1,1,10
105709,1,0,0,0,0,0,0,0,0,0,0,0,0
105710,1,1,1,0,0,0,0,0,0,0,0,0,2
105711,1,0,0,0,0,0,0,0,0,0,0,0,0
105712,1,0,0,0,0,0,0,0,0,0,0,0,0
105713,1,0,0,0,0,1,0,0,0,0,0,0,5
105714,1,1,1,0,0,0,1,0,0,0,0,0,6
105715,1,0,0,0,0,0,0,0,0,0,1,0,10
105716,1,1,1,1,1,0,0,0,0,0,0,0,4
105717,1,0,0,0,1,1,1,1,1,0,0,0,8
105718,1,0,0,0,1,1,1,1,0,0,0,0,7
105719,1,0,0,0,0,0,0,0,0,0,0,0,0
105720,1,0,0,0,0,0,0,0,0,0,0,0,0
105721,1,1,0,0,0,0,0,0,0,0,0,0,1
105722,1,0,0,0,0,0,0,0,0,0,0,0,0
105723,1,1,0,0,0,0,0,0,0,0,0,0,1
105724,1,1,1,1,1,1,1,1,1,1,1,1,10
105725,1,0,0,0,0,0,0,0,0,0,0,0,0
105726,1,0,1,1,0,0,0,0,0,0,0,0,3
105727,1,1,0,1,1,1,0,0,0,0,0,0,5
105728,1,0,1,1,1,1,0,0,0,0,0,0,5
105729,1,1,1,1,1,0,0,0,0,0,1,1,10
105730,1,0,0,0,0,0,0,0,0,0,0,0,0
105731,1,0,0,0,0,0,0,0,0,1,0,0,9
105732,1,0,0,0,0,0,0,0,0,0,0,0,0
105733,1,0,0,0,0,0,0,0,0,0,0,0,0
105734,1,0,0,0,0,0,0,0,0,0,0,0,0
105735,1,1,0,0,1,1,0,0,0,0,0,0,5
105736,1,1,0,0,0,0,0,0,0,0,0,0,1
105737,1,0,0,0,0,0,0,1,1,1,0,0,9
105738,1,1,1,1,1,1,1,1,1,1,1,1,10
105739,1,1,0,0,0,0,0,0,0,0,0,0,1
105740,1,1,0,0,0,0,0,0,0,0,0,0,1
105741,1,0,0,0,0,1,0,0,1,0,0,0,8
105742,1,1,1,1,0,1,0,1,1,1,1,0,10
105743,1,0,0,0,0,0,0,0,0,0,0,0,0
105744,1,1,0,0,0,0,1,0,0,0,0,0,6
105745,1,1,1,1,1,1,1,1,1,1,1,1,10
105746,1,0,0,0,0,0,0,0,0,0,0,0,0
105747,1,0,0,0,0,0,0,0,0,0,0,0,0
105748,1,1,0,0,0,0,0,0,0,0,0,0,1
105749,1,1,1,1,1,1,0,0,0,0,0,0,5
105750,1,0,0,0,0,0,0,0,0,0,0,0,0
105751,1,1,1,1,1,1,1,1,1,1,1,0,10
105752,1,1,1,1,0,0,0,0,0,0,0,0,3
105753,1,0,0,0,0,0,0,0,0,0,0,0,0
105754,1,0,0,0,0,0,0,0,0,0,0,0,0
105755,1,1,1,1,1,1,1,1,1,1,1,0,10
105756,1,1,0,0,0,1,1,1,0,1,1,1,10
105757,1,1,0,1,1,1,1,0,0,0,0,0,6
105758,1,0,0,0,0,1,0,1,0,1,1,1,10
105759,1,1,1,1,1,1,1,1,1,0,1,0,10
105760,1,1,1,1,1,1,1,1,1,1,0,0,9
105761,1,0,0,0,0,0,0,0,0,0,0,0,0
105762,1,0,0,0,0,0,0,0,0,0,0,0,0
105763,1,0,0,0,0,0,0,0,0,0,0,0,0
105764,1,0,1,0,0,0,0,0,0,0,0,1,2
105765,1,1,0,1,1,1,1,1,1,1,1,1,10
105766,1,1,0,0,0,0,0,0,0,1,1,0,10
105767,1,0,0,0,0,1,1,0,0,0,0,0,6
105768,1,0,0,0,0,0,0,1,0,0,0,0,7
105769,1,1,1,1,0,1,1,1,1,1,1,1,10
105770,1,1,1,1,1,0,0,0,0,0,0,0,4
105771,1,0,1,0,1,1,1,0,1,0,0,0,8
105772,1,1,1,1,1,1,1,1,1,1,1,1,10
105773,1,0,0,0,1,1,0,0,1,1,1,1,10
105774,1,1,0,0,0,1,0,0,0,0,0,0,5
105775,1,0,0,0,0,0,0,0,0,0,0,0,0
105776,1,1,0,0,1,0,1,0,1,0,0,0,8
105777,1,0,1,0,0,0,0,0,0,0,0,0,2
105778,1,0,0,0,0,0,0,0,0,0,0,0,0
105779,1,1,0,0,0,0,1,1,0,0,0,0,7
105780,1,0,0,1,1,0,0,0,0,0,0,0,4
105781,1,1,1,1,1,1,0,1,1,0,0,0,8
105782,1,1,0,0,0,0,0,0,0,0,0,0,1
105783,1,1,1,1,1,1,0,0,0,0,0,0,5
105784,1,0,0,0,0,0,0,0,0,0,0,0,0
105785,1,1,1,1,1,1,1,1,0,0,0,0,7
105786,1,0,0,0,0,0,0,0,0,0,0,0,0
105787,1,0,0,0,0,1,1,1,0,1,1,1,10
105788,1,0,0,0,0,0,0,0,0,0,0,0,0
105789,1,1,1,1,1,1,1,0,1,1,1,0,10
105790,1,1,1,1,1,1,0,1,1,0,1,0,10
105791,1,0,0,0,0,0,0,0,0,0,0,0,0
105792,1,1,1,1,1,1,1,1,1,1,0,0,9
105793,1,0,1,1,0,1,1,0,0,0,0,0,6
105794,1,1,0,0,0,0,0,1,1,1,1,0,10
105795,1,0,1,1,1,1,0,0,1,1,1,0,10
105796,1,1,0,0,0,0,0,0,0,0,0,0,1
105797,1,0,0,0,0,0,0,0,0,0,0,0,0
105798,1,0,0,0,0,0,0,0,0,0,0,0,0
105799,1,1,1,1,1,1,1,1,1,1,1,0,10
105800,1,0,0,1,0,0,0,0,0,0,0,0,3
105801,1,1,0,0,0,1,0,0,0,0,0,0,5
105802,1,0,0,0,0,0,0,0,0,0,0,0,0
105803,1,0,0,0,0,0,0,0,0,0,0,0,0
105804,1,1,1,0,0,0,0,0,0,0,0,0,2
105805,1,1,1,1,1,1,1,1,1,0,1,0,10
105806,1,1,0,0,0,0,0,0,0,0,0,0,1
105807,1,0,0,1,0,0,0,0,0,0,0,0,3
105808,1,0,0,1,1,1,0,1,0,1,1,1,10
105809,1,1,1,1,1,1,1,1,1,1,1,1,10
105810,1,1,1,1,0,1,1,1,1,1,1,1,10
105811,1,1,0,0,0,0,0,0,0,0,0,0,1
105812,1,1,1,1,0,0,0,1,1,0,1,1,10
105813,1,1,1,0,0,0,0,1,0,0,0,0,7
105814,1,0,1,0,0,0,1,0,0,0,0,0,6
105815,1,1,1,1,1,1,1,0,0,0,0,0,6
105816,1,1,1,1,1,1,1,1,1,1,1,1,10
105817,1,1,1,0,1,1,0,1,1,1,1,0,10
105818,1,0,0,0,0,0,0,0,0,0,0,0,0
105819,1,1,0,0,0,0,0,0,0,0,0,0,1
105820,1,0,0,0,1,0,0,1,0,0,0,0,7
105821,1,0,0,0,0,0,0,0,0,1,0,0,9
105822,1,0,0,0,0,0,0,0,0,0,0,0,0
105823,1,1,0,0,0,0,0,0,0,0,0,0,1
105824,1,0,0,0,0,0,0,0,0,0,0,0,0
105825,1,0,0,0,0,0,0,0,0,0,0,0,0
105826,1,0,0,0,0,0,0,0,0,0,0,0,0
105827,1,1,1,1,1,1,1,1,1,1,1,1,10
105828,1,0,0,0,0,0,0,0,0,0,0,0,0
105829,1,0,0,0,0,0,0,0,0,0,0,0,0
105830,1,0,0,0,0,0,0,0,0,0,0,0,0
105831,1,0,0,0,1,1,0,0,0,0,0,0,5
105832,1,1,1,1,1,0,1,1,1,1,1,1,10
105833,1,1,0,0,0,0,0,0,0,0,0,0,1
105834,1,0,0,0,0,0,0,0,0,0,0,0,0
105835,1,0,0,0,0,0,1,1,1,0,1,0,10
105836,1,1,1,1,1,1,1,1,1,0,0,0,8
105837,1,0,0,0,0,0,0,0,0,0,0,0,0
105838,1,0,0,0,0,0,0,0,0,0,0,0,0
105839,1,1,0,0,0,0,0,0,0,0,0,0,1
105840,1,1,0,1,0,0,0,0,0,0,0,0,3
105841,1,0,0,0,0,0,0,1,0,0,0,0,7
105842,1,0,0,0,0,0,0,0,0,0,0,0,0
105843,1,1,0,1,0,0,0,0,0,0,0,0,3
105844,1,1,1,0,0,0,0,0,0,0,0,0,2
105845,1,1,0,0,0,0,1,0,0,0,0,0,6
105846,1,1,1,0,0,0,0,0,0,0,0,0,2
105847,1,0,0,0,0,0,0,0,0,0,0,0,0
105848,1,0,0,0,0,1,0,0,0,0,0,0,5
105849,1,0,0,0,0,0,0,0,0,0,0,0,0
105850,1,0,0,0,0,0,0,0,0,0,0,0,0
105851,1,0,0,0,0,0,0,0,0,0,0,0,0
105852,1,0,0,1,0,0,0,1,1,1,0,1,9
105853,1,0,0,0,0,0,0,0,0,0,0,0,0
105854,1,0,0,0,0,1,0,1,1,1,1,1,10
105855,1,0,0,0,0,0,0,0,0,0,0,0,0
105856,1,0,0,0,0,0,0,1,0,0,0,0,7
105857,1,1,0,0,0,0,0,0,0,0,0,0,1
105858,1,0,0,0,1,1,1,1,0,0,0,0,7
105859,1,0,0,0,0,0,0,0,0,0,0,0,0
105860,1,1,1,1,1,1,1,1,0,1,1,1,10
105861,1,0,0,1,1,0,0,0,0,0,0,0,4
105862,1,0,0,0,0,0,0,0,0,0,0,0,0
105863,1,0,0,0,0,0,0,0,0,0,0,0,0
105864,1,1,0,0,1,1,1,0,0,0,0,1,6
105865,1,1,1,1,1,1,1,0,0,0,0,0,6
105866,1,1,0,0,0,0,0,0,0,0,0,0,1
105867,1,1,0,1,0,1,1,0,0,1,1,1,10
105868,1,0,1,1,1,1,1,1,1,1,0,0,9
105869,1,1,0,0,0,0,0,0,0,0,0,0,1
105870,1,0,0,0,0,0,0,0,0,0,0,0,0
105871,1,0,0,0,0,0,0,0,0,0,0,0,0
105872,1,0,0,0,0,0,0,0,0,0,0,0,0
105873,1,1,1,0,0,0,0,0,0,0,0,0,2
105874,1,1,0,0,0,0,0,0,0,0,0,0,1
105875,1,0,0,1,0,0,1,0,1,0,0,0,8
105876,1,0,0,0,0,0,0,0,0,0,1,0,10
105877,1,1,1,0,0,0,0,0,0,0,0,0,2
105878,1,0,0,0,0,0,0,0,0,0,0,0,0
105879,1,0,1,0,0,0,0,0,0,0,0,0,2
105880,1,1,1,1,0,1,1,1,1,0,0,0,8
105881,1,0,0,0,0,0,0,0,0,0,0,0,0
105882,1,0,1,1,0,0,0,0,1,1,0,0,9
105883,1,1,0,0,1,0,0,0,0,1,0,0,9
105884,1,1,0,0,0,0,0,0,0,0,0,0,1
105885,1,1,1,1,1,0,0,0,0,0,0,0,4
105886,1,0,0,0,0,1,0,0,0,0,0,0,5
105887,1,0,0,0,0,0,0,0,0,0,0,0,0
105888,1,0,0,1,1,0,0,0,0,0,0,0,4
105889,1,0,0,0,0,0,0,0,0,0,0,0,0
105890,1,1,0,0,0,0,0,1,0,0,0,0,7
105891,1,1,1,1,1,1,1,0,1,1,1,1,10
105892,1,1,1,0,0,0,0,0,0,0,0,0,2
105893,1,0,0,0,0,0,0,0,0,0,0,0,0
105894,1,0,0,0,0,0,0,1,0,0,0,0,7
105895,1,1,1,1,0,1,1,1,1,0,0,1,8
105896,1,1,0,0,0,0,0,0,0,0,0,0,1
105897,1,1,1,1,1,1,0,1,1,1,1,0,10
105898,1,0,0,1,0,1,0,1,0,0,0,0,7
105899,1,0,0,0,0,1,0,0,0,0,0,0,5
105900,1,1,1,1,0,1,0,1,1,0,1,0,10
105901,1,1,1,1,0,0,0,1,1,1,0,1,9
105902,1,1,0,1,1,0,1,0,1,1,1,1,10
105903,1,1,0,0,0,0,0,0,0,0,0,0,1
105904,1,1,1,1,0,0,0,0,0,0,0,0,3
105905,1,0,0,0,0,0,0,0,0,0,0,0,0
105906,1,0,0,0,0,0,0,0,0,0,0,0,0
105907,1,1,1,1,1,1,1,1,1,1,1,1,10
105908,1,1,1,0,0,0,0,0,0,0,0,0,2
105909,1,1,0,0,1,0,1,0,1,0,0,0,8
105910,1,0,0,1,0,0,0,0,0,0,0,0,3
105911,1,0,0,0,0,0,0,0,0,0,0,0,0
105912,1,0,0,0,0,0,0,0,0,0,0,0,0
105913,1,0,0,0,1,0,1,1,0,0,0,0,7
105914,1,1,1,1,0,0,1,0,0,0,0,1,6
105915,1,1,1,0,1,1,0,1,0,1,1,1,10
105916,1,1,1,0,0,0,0,0,0,0,0,0,2
105917,1,1,0,0,0,0,0,0,0,0,1,1,10
105918,1,1,1,0,0,0,0,0,0,0,0,0,2
105919,1,0,0,0,0,1,1,1,0,0,0,0,7
105920,1,1,1,1,1,0,0,0,1,0,0,0,8
105921,1,1,1,1,1,1,0,0,0,0,0,0,5
105922,1,1,1,1,0,0,0,0,0,0,0,0,3
105923,1,0,0,0,0,0,0,0,0,0,0,0,0
105924,1,1,1,0,0,0,1,1,1,1,0,0,9
105925,1,1,0,1,0,0,0,0,0,0,0,0,3
105926,1,0,0,0,0,0,0,0,0,0,0,0,0
105927,1,1,0,0,0,0,0,0,0,0,0,0,1
105928,1,1,0,1,1,1,1,1,0,0,1,0,10
105929,1,0,0,1,0,0,0,0,0,0,1,1,10
105930,1,0,0,0,0,0,0,0,0,0,0,0,0
105931,1,1,1,1,1,0,0,1,0,0,0,0,7
105932,1,0,0,0,0,0,0,0,0,0,0,0,0
105933,1,0,0,0,0,0,0,0,0,0,0,0,0
105934,1,1,1,1,1,1,1,1,1,1,1,1,10
105935,1,0,0,0,0,0,0,0,0,0,0,0,0
105936,1,0,1,1,0,0,0,0,0,0,0,0,3
105937,1,1,1,0,0,0,1,1,0,0,0,0,7
105938,1,1,0,0,1,0,0,0,0,0,0,0,4
105939,1,1,1,1,1,1,1,0,1,0,1,1,10
105940,1,0,0,0,0,0,0,0,0,0,0,0,0
105941,1,1,1,1,0,1,1,1,0,1,1,1,10
105942,1,1,0,0,0,0,0,0,0,0,0,0,1
105943,1,0,0,0,0,0,0,0,0,0,0,0,0
105944,1,0,1,0,0,0,1,0,0,0,0,0,6
105945,1,0,0,0,1,1,1,1,0,1,1,1,10
105946,1,1,1,1,1,0,1,0,0,0,0,1,6
105947,1,1,1,1,1,1,1,1,1,1,1,1,10
105948,1,0,1,0,0,0,0,0,0,0,0,0,2
105949,1,1,0,0,0,0,0,0,0,0,0,0,1
105950,1,0,0,0,0,0,0,0,0,0,0,0,0
105951,1,0,0,0,0,0,0,0,0,0,0,0,0
105952,1,1,1,0,0,0,0,0,0,0,0,0,2
105953,1,1,1,1,0,1,1,0,0,1,0,0,9
105954,1,0,0,0,0,0,0,0,0,0,0,0,0
105955,1,1,0,1,0,1,0,0,1,0,0,0,8
105956,1,1,1,0,0,0,0,0,0,0,0,0,2
105957,1,1,1,1,1,1,1,1,1,1,1,1,10
105958,1,0,0,0,0,0,0,0,0,0,0,0,0
105959,1,0,1,0,0,0,0,0,0,0,0,0,2
105960,1,1,1,1,1,1,1,1,1,1,1,1,10
105961,1,1,0,1,0,0,0,0,0,0,0,0,3
105962,1,1,1,1,1,1,1,0,0,0,0,0,6
105963,1,1,1,0,0,0,1,1,1,1,1,1,10
105964,1,0,0,0,0,0,0,0,0,0,0,0,0
105965,1,1,1,1,1,1,1,1,1,1,1,1,10
105966,1,0,0,0,0,0,0,0,0,0,0,0,0
105967,1,1,1,1,1,1,1,1,1,1,1,1,10
105968,1,0,0,0,0,0,0,0,0,0,0,1,0
105969,1,0,0,0,0,0,0,0,0,0,0,0,0
105970,1,1,1,0,0,0,0,0,0,0,0,0,2
105971,1,1,1,1,1,1,1,1,0,1,1,1,10
105972,1,1,0,0,0,0,0,0,0,0,0,0,1
105973,1,1,0,0,0,0,0,0,0,0,0,1,1
105974,1,1,0,0,0,1,1,1,1,1,1,1,10
105975,1,0,0,0,0,0,0,0,0,0,0,0,0
105976,1,1,0,0,0,0,0,0,0,0,0,0,1
105977,1,1,1,1,1,1,1,1,1,1,1,1,10
105978,1,1,1,1,1,0,0,0,0,0,0,0,4
105979,1,0,0,0,0,0,0,0,0,0,0,0,0
105980,1,1,0,1,0,1,1,0,0,1,1,0,10
105981,1,1,1,0,1,1,1,1,1,1,0,0,9
105982,1,0,0,0,0,0,0,0,0,0,0,0,0
105983,1,1,1,0,1,1,1,1,1,1,0,1,9
105984,1,1,1,1,1,0,0,0,0,0,0,0,4
105985,1,1,1,0,0,1,0,0,0,0,0,0,5
105986,1,1,1,1,0,0,0,0,0,0,0,0,3
105987,1,0,0,0,0,0,0,0,0,0,0,0,0
105988,1,1,0,1,0,1,0,0,0,0,0,0,5
105989,1,0,0,0,0,0,0,0,0,0,0,0,0
105990,1,0,0,1,0,0,0,0,0,0,0,0,3
105991,1,0,0,0,0,0,1,1,0,0,0,0,7
105992,1,1,1,1,1,0,0,0,0,0,0,0,4
105993,1,1,1,1,1,1,1,0,0,0,0,0,6
105994,1,0,1,1,1,1,0,1,1,0,0,0,8
105995,1,1,1,0,0,0,0,0,0,0,0,0,2
105996,1,0,0,0,0,1,0,0,0,0,0,0,5
105997,1,1,1,1,1,0,0,0,0,0,0,0,4
105998,1,0,0,0,0,0,0,0,0,0,0,0,0
105999,1,1,1,1,0,0,0,0,0,0,0,0,3
106000,1,0,0,0,0,0,0,0,0,0,0,0,0
106001,1,1,1,0,0,0,0,0,0,0,0,0,2
106002,1,1,1,1,1,1,1,1,1,1,1,1,10
106003,1,0,0,0,0,0,0,0,0,0,0,0,0
106004,1,1,1,1,1,1,0,1,0,0,0,0,7
106005,1,0,0,0,0,0,0,0,0,0,0,0,0
106006,1,0,0,0,0,0,0,0,0,0,0,0,0
106007,1,1,1,1,0,0,0,0,0,0,0,0,3
106008,1,0,0,0,0,0,0,0,0,0,0,0,0
106009,1,0,0,0,0,0,0,0,0,0,0,0,0
106010,1,1,0,0,0,0,0,0,0,0,0,0,1
106011,1,1,1,0,0,0,0,0,0,0,0,0,2
106012,1,0,0,0,0,0,0,0,0,0,0,0,0
106013,1,1,1,1,1,1,0,1,1,1,0,1,9
106014,1,0,0,0,0,0,0,0,1,0,0,0,8
106015,1,0,0,0,0,0,0,0,0,0,0,0,0
106016,1,0,0,1,1,0,0,0,0,0,0,0,4
106017,1,0,0,0,0,0,0,0,0,0,0,0,0
106018,1,0,0,0,0,0,0,0,0,0,0,0,0
106019,1,0,0,0,0,0,0,0,0,0,0,0,0
106020,1,0,1,1,1,1,1,1,1,1,0,0,9
106021,1,0,0,0,0,0,0,0,0,0,0,0,0
106022,1,0,1,1,1,1,1,1,1,1,1,0,10
106023,1,1,1,0,0,0,0,0,0,0,0,0,2
106024,1,1,0,0,0,0,0,0,0,0,0,0,1
106025,1,1,0,1,0,0,0,0,0,0,0,0,3
106026,1,1,1,1,1,1,0,0,0,1,0,0,9
106027,1,1,1,1,1,1,1,1,1,1,0,0,9
106028,1,0,0,0,0,0,0,0,0,0,0,0,0
106029,1,1,0,0,1,1,1,1,0,0,0,0,7
106030,1,1,1,1,1,1,1,1,1,1,1,1,10
106031,1,0,0,0,0,0,0,0,0,0,0,0,0
106032,1,1,0,0,0,0,0,0,0,0,0,0,1
106033,1,0,0,0,0,0,0,0,0,0,0,0,0
106034,1,0,0,0,0,0,0,0,0,0,0,0,0
106035,1,0,0,0,0,0,0,0,0,0,0,0,0
106036,1,0,0,0,0,0,0,0,0,0,0,0,0
106037,1,1,1,1,1,1,0,0,0,0,0,0,5
106038,1,0,0,0,0,0,0,0,0,0,0,1,0
106039,1,1,0,0,0,0,0,0,0,0,0,1,1
106040,1,0,0,0,0,0,0,0,0,0,0,0,0
106041,1,1,1,1,1,1,1,1,1,1,1,0,10
106042,1,1,0,0,0,0,0,0,0,0,0,0,1
106043,1,0,0,0,0,0,0,0,0,0,0,0,0
106044,1,0,0,0,0,0,0,0,0,0,0,0,0
106045,1,0,1,1,0,0,1,0,0,0,0,0,6
106046,1,1,1,0,1,1,0,1,1,0,0,0,8
106047,1,1,0,0,0,0,0,0,0,0,0,0,1
106048,1,0,0,0,0,0,0,0,0,0,0,0,0
106049,1,0,1,1,1,1,0,1,1,0,1,1,10
106050,1,0,0,0,0,0,0,0,0,0,0,0,0
106051,1,1,1,0,0,1,0,0,1,0,0,1,8
106052,1,1,0,0,0,0,0,0,0,0,0,0,1
106053,1,1,1,1,1,0,1,1,1,0,1,1,10
106054,1,0,0,0,0,0,0,0,0,0,0,0,0
106055,1,0,0,0,0,0,0,1,0,1,0,0,9
106056,1,0,1,0,0,0,0,0,0,0,0,0,2
106057,1,0,1,0,0,0,0,0,0,1,0,0,9
106058,1,1,1,1,1,1,1,1,1,0,1,0,10
106059,1,0,0,0,0,0,0,0,0,0,0,0,0
106060,1,1,0,1,0,0,0,0,0,0,0,0,3
106061,1,1,1,1,1,1,0,1,1,1,1,1,10
106062,1,1,1,0,0,0,0,0,0,0,0,0,2
106063,1,0,0,0,0,0,0,0,0,0,0,0,0
106064,1,0,0,0,0,0,0,0,0,0,0,0,0
106065,1,1,1,1,1,1,1,0,0,0,0,0,6
106066,1,1,0,0,0,0,0,0,0,0,0,0,1
106067,1,0,1,0,1,1,0,1,1,0,1,0,10
106068,1,1,1,1,1,0,1,0,1,1,0,0,9
106069,1,0,0,0,0,0,0,0,0,0,0,0,0
106070,1,1,1,1,1,1,0,1,0,0,0,0,7
106071,1,1,0,0,0,0,0,0,0,0,0,0,1
106072,1,0,0,0,0,0,0,0,0,0,0,0,0
106073,1,1,0,0,0,0,0,0,1,0,0,0,8
106074,1,0,0,0,0,0,0,0,0,0,0,0,0
106075,1,0,0,0,0,0,0,0,0,0,0,0,0
106076,1,1,1,1,1,1,1,0,1,0,1,0,10
106077,1,1,1,1,1,1,0,1,0,0,0,0,7
106078,1,1,0,1,0,0,1,1,1,1,1,0,10
106079,1,1,1,1,1,1,1,0,0,0,0,0,6
106080,1,1,1,1,1,1,0,0,0,0,0,0,5
106081,1,0,0,0,0,1,0,0,1,1,1,1,10
106082,1,0,0,0,0,0,0,0,0,0,0,0,0
106083,1,0,1,1,1,0,0,0,0,0,0,0,4
106084,1,1,1,1,1,1,1,0,1,0,0,0,8
106085,1,0,0,0,0,1,0,0,0,0,0,0,5
106086,1,1,0,0,0,0,0,0,0,0,0,0,1
106087,1,0,0,0,0,0,0,0,0,0,0,0,0
106088,1,0,0,0,0,0,0,0,0,0,0,0,0
106089,1,0,0,0,0,0,0,1,1,0,0,0,8
106090,1,0,0,0,0,0,0,0,0,0,0,0,0
106091,1,1,1,1,1,0,0,0,0,0,0,0,4
106092,1,1,1,0,0,0,0,0,0,0,0,0,2
106093,1,1,1,1,0,0,0,0,1,0,1,0,10
106094,1,0,0,0,0,0,0,0,0,0,0,0,0
106095,1,0,0,0,0,0,0,0,0,0,0,0,0
106096,1,1,0,0,0,1,0,1,0,0,0,0,7
106097,1,1,1,0,0,0,0,0,0,0,0,0,2
106098,1,1,1,1,1,1,1,1,1,1,1,1,10
106099,1,0,0,0,0,0,0,0,0,0,0,0,0
106100,1,1,1,1,0,0,1,1,1,0,0,1,8
106101,1,0,0,0,0,0,0,0,0,0,0,0,0
106102,1,0,0,0,0,0,0,0,0,1,1,0,10
106103,1,0,0,0,0,0,0,0,0,0,0,0,0
106104,1,0,0,1,0,0,0,0,0,0,0,0,3
106105,1,0,0,0,0,0,0,0,0,0,0,0,0
106106,1,0,0,0,0,0,0,0,0,0,0,0,0
106107,1,1,1,1,0,1,1,1,1,1,1,1,10
106108,1,1,1,1,0,1,0,0,0,0,0,0,5
106109,1,0,0,0,0,0,0,0,0,0,0,0,0
106110,1,1,1,1,1,1,1,1,1,1,1,0,10
106111,1,0,0,0,0,0,0,0,0,0,0,0,0
106112,1,1,1,1,1,1,0,1,0,1,1,1,10
106113,1,1,1,1,0,0,0,0,0,0,0,0,3
106114,1,0,0,0,0,0,0,0,0,0,0,0,0
106115,1,0,0,1,0,1,0,1,1,1,1,0,10
106116,1,0,0,0,0,0,0,0,0,0,0,0,0
106117,1,0,1,0,0,0,0,1,0,0,0,0,7
106118,1,0,0,0,0,0,0,0,0,0,0,0,0
106119,1,1,1,1,1,1,0,0,0,0,0,0,5
106120,1,1,1,1,1,1,0,1,1,1,1,0,10
106121,1,1,1,1,1,1,1,1,0,0,0,0,7
106122,1,1,1,0,0,0,0,0,0,0,0,1,2
106123,1,0,0,0,0,0,0,0,0,0,0,0,0
106124,1,0,0,0,0,0,0,0,0,0,0,0,0
106125,1,1,0,0,1,0,1,0,0,0,0,0,6
106126,1,0,0,0,0,0,0,0,0,0,0,0,0
106127,1,0,0,0,0,0,0,0,0,0,0,0,0
106128,1,0,0,0,0,0,0,0,0,0,0,0,0
106129,1,0,0,0,0,0,0,0,0,0,0,0,0
106130,1,1,1,1,1,1,1,1,1,1,1,1,10
106131,1,0,0,1,0,0,0,0,0,0,0,0,3
106132,1,1,0,0,0,0,0,0,0,0,0,0,1
106133,1,0,0,0,0,0,0,0,0,0,0,0,0
106134,1,0,0,0,0,0,0,0,0,0,0,0,0
106135,1,1,1,1,1,1,1,1,0,0,0,0,7
106136,1,1,1,0,0,0,0,0,0,0,0,0,2
106137,1,0,0,0,0,0,0,0,0,0,0,0,0
106138,1,1,1,1,1,1,1,1,1,1,1,0,10
106139,1,0,0,0,0,0,0,0,0,0,0,0,0
106140,1,0,0,0,0,0,0,0,0,0,0,0,0
106141,1,0,0,0,0,0,0,0,1,1,0,0,9
106142,1,1,1,0,1,0,0,0,0,0,1,0,10
106143,1,0,0,0,0,0,0,0,0,0,0,0,0
106144,1,0,0,0,0,0,0,0,0,0,0,0,0
106145,1,0,0,0,0,0,0,0,0,0,0,0,0
106146,1,0,0,0,0,0,0,0,0,0,0,0,0
106147,1,0,0,0,0,0,0,0,0,0,0,0,0
106148,1,1,1,1,0,1,0,0,0,0,0,0,5
106149,1,0,0,0,0,0,0,0,0,0,0,0,0
106150,1,1,1,1,1,1,1,0,0,0,0,0,6
106151,1,0,0,0,0,0,0,0,0,0,0,0,0
106152,1,1,1,1,1,1,1,1,1,1,1,0,10
106153,1,1,0,1,1,0,0,1,0,1,1,1,10
106154,1,1,0,0,0,1,0,1,0,0,0,0,7
106155,1,1,1,0,0,0,0,0,0,1,0,0,9
106156,1,1,1,1,1,1,1,0,0,0,0,0,6
106157,1,1,1,1,1,1,1,1,1,1,1,1,10
106158,1,1,0,0,1,1,0,0,0,0,0,0,5
106159,1,0,0,0,0,0,0,0,0,0,0,0,0
106160,1,1,0,1,0,1,1,1,1,0,0,1,8
106161,1,0,0,0,0,0,0,0,0,0,0,0,0
106162,1,0,0,0,0,0,0,0,0,0,0,0,0
106163,1,0,0,0,0,0,0,0,0,0,0,0,0
106164,1,0,0,0,0,0,0,0,0,0,0,0,0
106165,1,0,0,0,0,0,0,0,0,0,0,0,0
106166,1,0,0,0,0,0,0,0,0,0,0,0,0
106167,1,1,1,0,0,0,1,1,1,1,1,0,10
106168,1,0,0,0,0,0,0,0,0,0,0,1,0
106169,1,1,1,0,1,0,0,0,0,0,0,0,4
106170,1,1,0,0,0,0,0,0,0,0,0,0,1
106171,1,0,0,0,0,0,0,0,0,0,0,0,0
106172,1,1,1,1,1,0,0,0,0,0,0,0,4
106173,1,1,0,0,0,0,0,0,0,0,1,0,10
106174,1,1,1,1,0,0,0,1,0,0,0,0,7
106175,1,0,0,0,0,0,0,0,0,0,0,0,0
106176,1,0,0,0,0,0,0,0,0,0,0,0,0
106177,1,0,0,0,1,0,0,0,0,0,0,0,4
106178,1,1,1,1,1,0,0,0,0,0,0,0,4
106179,1,0,0,1,1,1,1,1,1,1,1,0,10
106180,1,1,1,1,1,1,1,1,0,1,1,1,10
106181,1,1,1,1,1,1,1,1,1,1,0,0,9
106182,1,1,1,0,1,0,1,1,1,0,0,1,8
106183,1,0,0,0,0,0,0,0,0,0,0,0,0
106184,1,0,0,0,0,0,0,0,0,0,0,1,0
106185,1,0,0,0,0,0,0,0,0,0,0,0,0
106186,1,1,1,0,0,0,0,0,0,0,0,0,2
106187,1,1,1,1,1,1,1,1,1,1,1,1,10
106188,1,0,1,1,0,0,1,0,0,0,0,0,6
106189,1,0,0,0,0,0,0,0,0,0,0,0,0
106190,1,1,1,1,1,1,1,1,1,1,1,1,10
106191,1,1,0,0,0,0,0,0,0,0,0,0,1
106192,1,0,0,0,0,0,0,0,0,0,0,0,0
106193,1,0,1,0,0,1,0,0,0,0,0,0,5
106194,1,1,0,0,0,0,0,0,0,0,0,0,1
106195,1,1,0,0,1,1,1,1,0,0,0,0,7
106196,1,1,1,1,1,1,1,1,0,0,1,0,10
106197,1,0,0,1,0,1,1,1,1,1,1,1,10
106198,1,1,1,0,0,0,0,0,0,0,0,0,2
106199,1,0,1,1,0,1,0,0,0,0,0,0,5
106200,1,1,0,1,1,1,1,1,0,0,0,0,7
106201,1,1,0,0,0,0,0,0,0,0,0,0,1
106202,1,0,0,0,0,0,0,0,0,0,0,0,0
106203,1,0,0,0,0,0,0,0,0,0,0,0,0
106204,1,1,1,1,1,1,1,1,0,0,1,1,10
106205,1,1,0,0,0,0,0,0,0,0,0,0,1
106206,1,0,0,0,0,0,0,0,0,0,0,0,0
106207,1,0,1,0,0,0,0,0,0,0,0,0,2
106208,1,1,1,0,0,0,0,0,0,0,0,0,2
106209,1,0,0,0,0,0,0,0,1,1,1,0,10
106210,1,1,1,1,1,1,1,1,1,1,1,1,10
106211,1,1,1,1,0,0,0,0,0,0,0,0,3
106212,1,0,0,1,0,1,1,1,0,1,1,0,10
106213,1,1,0,0,1,1,1,1,1,1,1,0,10
106214,1,0,0,0,0,0,0,0,0,0,0,0,0
106215,1,1,1,1,1,1,1,1,1,1,1,0,10
106216,1,0,0,0,0,0,0,0,0,0,0,0,0
106217,1,0,0,0,0,0,0,0,0,0,0,0,0
106218,1,1,1,1,1,1,0,1,1,1,1,1,10
106219,1,0,0,1,1,1,1,0,1,0,0,0,8
106220,1,0,0,0,0,0,0,0,0,0,0,1,0
106221,1,1,1,0,0,0,0,0,0,0,0,0,2
106222,1,0,0,0,0,0,0,0,0,0,0,0,0
106223,1,0,0,1,0,0,0,0,0,0,0,0,3
106224,1,1,1,1,1,1,1,0,0,0,0,0,6
106225,1,1,1,1,1,1,1,1,0,1,1,1,10
106226,1,0,0,0,0,0,0,0,0,0,0,0,0
106227,1,1,1,1,1,1,1,1,1,1,1,0,10
106228,1,1,0,0,0,0,0,0,0,0,0,0,1
106229,1,1,0,0,0,0,0,0,0,0,0,0,1
106230,1,0,0,0,0,0,0,0,0,0,0,0,0
106231,1,1,1,1,1,1,1,1,1,1,1,1,10
106232,1,1,0,0,0,0,0,0,0,0,0,0,1
106233,1,0,1,1,1,0,0,0,0,0,0,0,4
106234,1,0,1,0,0,0,0,0,0,0,0,0,2
106235,1,1,1,0,1,0,1,1,1,1,1,1,10
106236,1,1,1,0,0,0,0,0,0,0,0,0,2
106237,1,0,0,0,0,0,0,0,0,0,0,0,0
106238,1,1,1,1,0,1,1,1,1,0,0,0,8
106239,1,0,0,0,0,0,0,0,0,0,0,0,0
106240,1,1,0,0,0,0,0,1,1,1,1,1,10
106241,1,0,0,0,0,0,0,0,0,0,0,0,0
106242,1,1,0,0,0,0,0,0,0,0,0,0,1
106243,1,1,0,0,0,0,0,0,0,0,0,0,1
106244,1,1,1,0,0,0,0,0,0,0,0,0,2
106245,1,1,0,0,1,1,0,1,1,1,1,1,10
106246,1,1,1,1,1,1,1,1,1,1,1,1,10
106247,1,0,0,0,0,0,0,0,0,0,0,0,0
106248,1,1,1,0,1,0,1,1,1,0,1,1,10
106249,1,0,0,0,0,0,0,0,0,0,0,0,0
106250,1,1,1,1,0,0,0,0,0,0,0,0,3
106251,1,1,0,1,0,1,0,1,1,0,1,0,10
106252,1,1,1,1,1,0,0,0,0,0,0,0,4
106253,1,1,1,1,1,0,1,0,1,1,1,0,10
106254,1,1,1,0,0,0,0,0,0,0,0,0,2
106255,1,0,0,0,0,0,0,0,0,0,0,0,0
106256,1,0,0,1,1,1,1,0,0,0,0,0,6
106257,1,0,0,0,0,0,0,0,0,0,0,0,0
106258,1,1,1,0,0,0,0,0,0,0,0,0,2
106259,1,0,0,0,1,1,1,1,1,1,0,0,9
106260,1,1,1,1,1,1,1,1,0,0,0,0,7
106261,1,1,1,1,0,1,1,1,0,0,0,0,7
106262,1,1,0,0,1,0,0,0,0,0,0,0,4
106263,1,1,1,1,1,1,1,1,1,1,1,1,10
106264,1,0,0,0,0,0,0,0,0,0,0,0,0
106265,1,0,0,1,1,1,1,1,0,0,0,0,7
106266,1,1,1,1,1,1,1,1,1,1,1,1,10
106267,1,1,0,0,0,0,0,0,0,0,0,0,1
106268,1,1,1,0,0,1,0,1,0,0,0,0,7
106269,1,0,0,0,0,0,0,0,0,0,0,0,0
106270,1,0,1,0,0,0,1,1,1,1,1,1,10
106271,1,1,1,1,1,1,0,0,0,0,0,0,5
106272,1,0,1,1,1,1,0,0,0,0,0,0,5
106273,1,1,1,0,0,0,0,0,1,0,0,0,8
106274,1,1,0,0,0,1,0,0,0,0,0,0,5
106275,1,0,0,0,0,0,0,0,0,0,0,0,0
106276,1,1,1,0,0,0,0,0,0,0,0,0,2
106277,1,0,0,0,0,0,0,0,0,0,0,0,0
106278,1,1,0,1,1,1,1,1,1,0,1,0,10
106279,1,1,1,0,0,0,1,0,0,0,0,0,6
106280,1,1,1,1,1,1,1,1,1,1,1,1,10
106281,1,1,1,1,1,1,1,1,1,1,1,1,10
106282,1,1,0,1,1,1,1,1,1,1,1,1,10
106283,1,0,0,0,0,0,0,0,0,0,0,0,0
106284,1,1,0,1,0,1,0,0,0,0,0,0,5
106285,1,0,0,0,0,0,0,0,0,0,0,0,0
106286,1,0,1,1,0,0,0,0,0,0,0,0,3
106287,1,0,0,0,0,0,0,0,0,0,0,0,0
106288,1,1,0,0,0,0,0,1,0,0,0,0,7
106289,1,1,0,1,1,1,1,1,1,1,1,0,10
106290,1,0,0,0,0,0,0,0,0,0,0,0,0
106291,1,0,0,0,0,0,0,0,0,0,0,0,0
106292,1,0,0,0,0,0,0,0,0,0,0,0,0
106293,1,0,1,0,0,1,1,1,1,0,1,1,10
106294,1,1,0,0,0,0,0,0,0,0,0,0,1
106295,1,1,1,0,1,0,0,0,0,0,1,0,10
106296,1,0,0,0,0,0,0,0,0,0,0,0,0
106297,1,0,0,0,1,1,1,1,1,0,0,0,8
106298,1,0,0,0,0,0,0,0,0,0,0,0,0
106299,1,0,1,0,1,0,0,0,0,0,0,0,4
106300,1,0,0,0,0,0,0,0,0,0,0,0,0
106301,1,1,0,0,0,0,0,0,0,0,0,0,1
106302,1,0,0,0,0,0,0,0,0,0,0,0,0
106303,1,0,0,0,0,0,0,0,0,0,0,0,0
106304,1,0,0,0,0,0,0,0,0,0,0,0,0
106305,1,0,1,0,1,1,0,1,1,1,1,1,10
106306,1,1,1,1,1,0,1,0,0,0,1,1,10
106307,1,1,0,0,0,0,0,0,0,0,0,0,1
106308,1,1,1,1,0,0,0,0,0,0,0,0,3
106309,1,1,0,0,0,1,0,0,0,1,1,0,10
106310,1,0,0,1,0,0,0,1,0,0,0,0,7
106311,1,1,1,1,0,0,0,0,0,0,0,0,3
106312,1,0,0,0,0,0,0,0,0,0,0,0,0
106313,1,1,1,1,1,1,1,1,1,1,1,1,10
106314,1,0,0,0,0,0,0,0,0,0,0,0,0
106315,1,0,0,0,0,0,0,0,0,0,0,0,0
106316,1,1,1,0,1,1,0,0,0,0,0,0,5
106317,1,1,1,0,1,1,1,1,1,1,1,0,10
106318,1,1,1,1,1,1,0,0,1,1,1,1,10
106319,1,1,1,1,1,0,0,1,0,0,0,0,7
106320,1,1,1,1,1,1,1,1,1,1,0,1,9
106321,1,0,0,0,0,0,0,0,0,0,0,0,0
106322,1,1,1,1,0,0,1,1,1,1,0,0,9
106323,1,1,0,1,0,1,1,1,0,0,0,0,7
106324,1,1,0,0,0,0,0,1,1,1,0,0,9
106325,1,0,0,0,0,0,0,0,0,0,0,0,0
106326,1,0,0,0,0,0,0,0,0,0,0,0,0
106327,1,0,0,0,0,0,0,0,0,0,0,0,0
106328,1,1,1,0,1,0,0,0,0,0,0,0,4
106329,1,0,0,0,0,0,0,0,0,0,0,0,0
106330,1,0,0,0,0,0,0,0,0,0,0,0,0
106331,1,0,0,0,1,0,0,1,1,0,0,0,8
106332,1,0,0,0,0,0,0,0,0,0,0,0,0
106333,1,0,0,0,0,0,0,0,0,0,0,0,0
106334,1,0,0,0,0,0,0,0,0,0,0,0,0
106335,1,0,0,0,0,0,1,0,0,0,0,0,6
106336,1,0,0,0,0,0,0,0,0,0,0,0,0
106337,1,1,1,1,1,1,1,1,1,1,1,1,10
106338,1,0,0,0,0,0,0,0,0,0,0,0,0
106339,1,1,1,1,1,0,1,0,0,0,0,1,6
106340,1,0,0,0,0,0,0,0,0,0,0,0,0
106341,1,1,1,1,1,1,1,1,1,1,1,1,10
106342,1,0,0,0,0,0,0,0,0,0,0,0,0
106343,1,1,0,1,1,1,1,1,1,1,1,0,10
106344,1,1,0,0,1,1,0,1,1,1,0,1,9
106345,1,0,0,0,0,0,0,0,0,0,0,0,0
106346,1,1,1,1,1,1,1,1,1,1,1,1,10
106347,1,1,1,0,1,1,1,0,0,0,0,0,6
106348,1,0,0,0,0,0,0,0,0,0,0,0,0
106349,1,0,0,0,0,0,0,0,0,0,0,0,0
106350,1,1,1,1,1,1,0,0,0,0,0,0,5
106351,1,0,1,0,0,0,0,1,0,0,0,0,7
106352,1,1,0,1,1,0,0,0,0,0,0,0,4
106353,1,0,0,0,0,0,0,0,0,0,0,0,0
106354,1,1,1,0,1,1,1,1,0,1,1,1,10
106355,1,1,1,0,0,0,0,0,0,0,0,0,2
106356,1,1,1,0,0,0,0,1,0,0,0,0,7
106357,1,0,0,0,0,0,0,0,0,0,0,0,0
106358,1,1,0,0,0,0,0,0,0,0,0,0,1
106359,1,1,1,1,1,1,1,0,0,0,0,0,6
106360,1,1,1,1,1,1,0,0,0,0,0,0,5
106361,1,1,1,0,0,0,0,0,1,0,1,1,10
106362,1,1,0,1,1,1,1,1,1,0,0,0,8
106363,1,1,0,0,0,0,0,0,1,0,0,1,8
106364,1,0,1,1,0,0,0,0,0,0,0,0,3
106365,1,0,0,0,0,0,0,0,0,0,0,0,0
106366,1,1,1,1,1,1,1,1,1,1,0,1,9
106367,1,1,1,0,0,0,0,0,0,0,0,0,2
106368,1,0,0,0,0,0,0,0,0,1,1,0,10
106369,1,1,1,1,1,1,1,1,1,1,1,0,10
106370,1,0,0,1,0,0,1,1,1,1,1,1,10
106371,1,1,1,0,0,0,0,0,0,0,0,0,2
106372,1,1,1,1,1,1,1,0,0,0,0,0,6
106373,1,0,0,1,0,1,0,1,1,0,0,0,8
106374,1,1,1,1,0,0,0,0,0,0,0,0,3
106375,1,0,0,1,1,1,1,1,1,1,0,1,9
106376,1,1,0,0,1,1,1,1,1,1,1,1,10
106377,1,1,0,1,1,0,0,0,1,0,0,0,8
106378,1,1,0,0,0,0,0,0,0,0,0,0,1
106379,1,1,0,0,0,1,0,0,0,0,0,0,5
106380,1,1,1,1,1,1,0,0,0,1,1,1,10
106381,1,0,0,0,0,0,0,0,0,0,0,0,0
106382,1,0,0,0,0,0,0,0,0,0,0,0,0
106383,1,0,0,0,0,0,0,0,0,0,0,0,0
106384,1,0,0,1,0,0,0,0,1,0,0,0,8
106385,1,1,1,1,0,1,0,0,0,1,0,0,9
106386,1,0,0,0,0,0,0,0,0,0,0,0,0
106387,1,1,1,1,1,1,1,1,1,0,0,0,8
106388,1,1,1,1,0,0,1,0,1,0,0,1,8
106389,1,1,1,0,0,0,0,0,0,0,0,0,2
106390,1,0,0,0,0,0,0,0,0,0,0,0,0
106391,1,1,0,0,0,0,0,0,0,0,0,0,1
106392,1,1,0,0,1,0,0,0,1,0,0,0,8
106393,1,1,1,1,1,1,1,1,1,1,1,0,10
106394,1,0,0,0,0,0,1,0,0,0,0,0,6
106395,1,0,0,0,0,0,0,0,1,1,1,1,10
106396,1,1,1,1,1,1,0,0,0,0,0,0,5
106397,1,0,0,0,0,0,0,0,0,0,0,0,0
106398,1,0,0,0,0,0,0,0,0,0,0,0,0
106399,1,0,0,0,0,0,0,0,0,0,0,0,0
106400,1,1,1,1,0,0,0,0,0,0,0,0,3
106401,1,0,0,0,0,0,0,0,0,0,0,0,0
106402,1,0,0,0,0,0,0,0,0,0,0,0,0
106403,1,1,1,0,0,0,0,0,0,0,0,0,2
106404,1,1,1,1,1,1,1,0,1,1,1,1,10
106405,1,0,0,0,0,0,0,0,0,0,0,0,0
106406,1,0,1,1,1,1,0,0,1,1,0,0,9
106407,1,1,0,0,0,0,0,0,0,0,0,0,1
106408,1,0,0,0,0,0,0,0,0,0,0,1,0
106409,1,1,1,1,1,0,0,0,0,0,0,0,4
106410,1,0,0,0,0,0,0,0,0,0,0,0,0
106411,1,1,0,1,1,1,1,1,1,1,0,0,9
106412,1,1,1,0,0,1,0,0,0,0,0,0,5
106413,1,0,0,0,0,0,1,0,0,0,0,0,6
106414,1,1,0,0,1,0,0,1,0,0,1,0,10
106415,1,1,1,1,1,1,1,1,1,1,1,1,10
106416,1,1,1,0,0,0,0,0,0,0,0,0,2
106417,1,0,0,0,0,0,0,0,0,0,0,0,0
106418,1,1,1,1,1,1,0,0,0,0,1,0,10
106419,1,1,1,0,0,0,0,0,0,0,0,0,2
106420,1,1,1,1,1,0,0,0,0,0,0,0,4
106421,1,1,0,1,1,1,1,0,0,0,1,1,10
106422,1,1,0,0,0,0,0,0,0,0,0,0,1
106423,1,1,0,1,0,0,0,0,0,0,0,0,3
106424,1,1,0,0,0,0,0,0,0,0,0,0,1
106425,1,1,1,0,0,0,0,0,0,0,0,0,2
106426,1,1,0,0,0,0,0,0,0,0,0,0,1
106427,1,0,0,0,0,0,0,0,0,0,0,0,0
106428,1,0,0,0,0,0,0,0,0,0,0,0,0
106429,1,0,0,0,0,0,0,1,1,1,0,1,9
106430,1,0,0,0,0,0,0,0,0,0,0,0,0
106431,1,0,0,0,0,0,0,0,0,0,0,0,0
106432,1,1,1,1,1,0,0,0,0,0,0,0,4
106433,1,0,0,1,1,1,1,1,1,1,1,1,10
106434,1,1,0,0,0,0,0,0,0,0,0,0,1
106435,1,1,1,1,0,1,1,1,1,0,0,0,8
106436,1,1,1,1,0,0,0,0,0,0,0,0,3
106437,1,1,1,1,1,0,0,0,0,0,0,0,4
106438,1,1,0,0,0,0,0,0,0,0,0,0,1
106439,1,0,0,0,0,0,0,1,0,0,0,0,7
106440,1,1,0,0,0,1,1,1,1,1,1,1,10
106441,1,1,0,1,0,0,0,0,0,0,0,0,3
106442,1,1,1,1,1,1,0,1,0,1,1,1,10
106443,1,0,0,0,0,0,0,0,0,0,0,0,0
106444,1,1,1,1,1,1,1,1,1,1,1,1,10
106445,1,0,0,0,0,0,0,0,0,0,0,0,0
106446,1,1,0,0,0,0,0,0,0,0,0,0,1
106447,1,1,0,0,0,0,0,0,0,0,0,0,1
106448,1,0,0,0,0,0,0,0,1,1,0,0,9
106449,1,0,0,0,0,0,0,0,0,0,0,0,0
106450,1,0,0,0,0,0,0,0,0,0,0,0,0
106451,1,1,0,0,1,1,1,0,0,1,0,0,9
106452,1,1,1,1,1,1,0,1,0,0,0,0,7
106453,1,1,1,0,0,0,0,0,0,0,0,0,2
106454,1,1,0,0,0,0,0,0,0,0,0,0,1
106455,1,1,0,0,0,0,0,0,0,0,0,0,1
106456,1,1,1,0,0,0,0,0,0,0,0,0,2
106457,1,1,1,0,0,0,0,0,0,0,0,0,2
106458,1,0,1,0,0,0,1,1,1,0,0,0,8
106459,1,0,0,0,0,0,0,0,0,0,0,0,0
106460,1,1,1,1,0,0,0,0,0,0,1,0,10
106461,1,1,0,1,0,0,0,1,0,1,1,0,10
106462,1,0,1,0,0,1,1,0,0,0,0,1,6
106463,1,1,1,1,1,1,0,0,0,0,0,0,5
106464,1,0,0,1,0,1,0,0,0,0,0,1,5
106465,1,0,0,0,0,1,1,1,1,1,1,1,10
106466,1,1,1,1,1,1,1,1,1,0,1,0,10
106467,1,0,0,0,0,0,0,0,0,0,0,0,0
106468,1,1,1,1,1,1,1,1,0,1,1,0,10
106469,1,0,1,1,0,1,0,0,0,1,1,0,10
106470,1,0,0,0,0,0,0,0,0,0,0,0,0
106471,1,1,1,0,0,0,0,0,0,0,0,0,2
106472,1,1,1,1,0,0,0,0,0,0,0,0,3
106473,1,0,0,0,0,0,0,0,0,0,0,0,0
106474,1,1,1,0,1,1,0,0,0,1,0,0,9
106475,1,0,0,0,0,0,0,0,0,0,0,0,0
106476,1,0,0,0,0,0,0,1,0,0,0,1,7
106477,1,1,0,0,0,0,0,0,0,0,0,0,1
106478,1,1,1,0,0,0,0,0,0,0,0,0,2
106479,1,1,1,1,1,1,1,0,0,0,0,0,6
106480,1,1,0,1,1,0,0,0,0,0,0,0,4
106481,1,1,1,1,1,0,0,0,0,0,0,0,4
106482,1,0,0,0,0,0,0,0,0,0,0,0,0
106483,1,1,0,0,1,1,1,0,1,0,0,0,8
106484,1,1,1,0,0,1,1,0,0,0,0,0,6
106485,1,0,0,0,0,1,0,1,0,0,1,0,10
106486,1,1,1,1,1,1,1,1,1,1,1,1,10
106487,1,0,0,0,0,0,0,0,0,0,0,0,0
106488,1,0,0,0,0,0,1,0,0,0,0,0,6
106489,1,1,1,1,1,1,0,0,1,1,0,0,9
106490,1,1,1,0,0,0,0,0,0,0,0,0,2
106491,1,0,0,0,0,0,0,0,0,0,0,0,0
106492,1,1,1,0,0,1,0,1,1,0,0,1,8
106493,1,1,1,1,1,1,1,1,1,0,0,1,8
106494,1,0,1,0,0,0,0,0,0,0,0,0,2
106495,1,1,0,1,0,0,1,0,0,0,1,0,10
106496,1,0,0,1,1,1,1,1,1,1,0,0,9
106497,1,1,0,1,1,0,0,1,1,1,1,0,10
106498,1,1,0,0,1,0,0,0,0,1,0,0,9
106499,1,0,0,0,0,0,0,0,0,0,0,0,0
106500,1,1,0,0,0,0,0,1,0,1,0,1,9
106501,1,1,0,1,1,0,0,0,1,0,0,0,8
106502,1,1,1,1,1,1,1,0,1,1,0,1,9
106503,1,1,0,0,1,1,1,0,0,0,0,0,6
106504,1,1,1,1,1,1,1,1,1,1,1,1,10
106505,1,1,1,0,0,0,0,0,0,0,1,1,10
106506,1,1,1,1,0,0,0,0,0,0,0,0,3
106507,1,1,1,1,1,1,1,1,1,1,1,1,10
106508,1,0,0,0,0,0,0,0,0,0,0,0,0
106509,1,1,0,0,0,0,0,0,1,0,0,0,8
106510,1,1,0,0,0,0,0,0,0,0,0,0,1
106511,1,1,1,1,1,1,1,1,0,0,0,0,7
106512,1,1,1,1,1,0,0,1,0,0,0,0,7
106513,1,0,0,1,1,0,0,0,0,0,0,0,4
106514,1,1,1,1,1,1,1,1,1,1,1,0,10
106515,1,1,1,1,1,1,1,1,1,1,1,0,10
106516,1,1,0,0,0,0,0,0,0,0,0,0,1
106517,1,1,0,0,0,0,0,0,0,0,0,0,1
106518,1,0,0,0,0,0,0,0,0,0,0,0,0
106519,1,0,0,0,0,0,0,0,0,0,0,0,0
106520,1,1,1,1,1,1,1,1,0,0,0,0,7
106521,1,0,0,0,0,1,0,1,1,1,1,0,10
106522,1,1,0,0,1,0,0,0,0,0,0,0,4
106523,1,0,0,0,0,0,0,0,0,0,0,0,0
106524,1,0,0,1,0,0,0,0,0,0,0,0,3
106525,1,1,1,1,1,1,0,0,0,1,1,1,10
106526,1,1,1,0,0,0,0,0,0,0,0,0,2
106527,1,0,0,0,0,0,0,0,0,0,0,0,0
106528,1,0,0,0,0,0,0,0,0,0,1,0,10
106529,1,1,0,0,0,1,1,0,0,0,0,0,6
106530,1,0,0,0,0,0,0,0,0,0,0,0,0
106531,1,0,0,0,0,0,0,0,0,0,0,0,0
106532,1,1,0,0,0,0,0,0,0,0,0,0,1
106533,1,1,1,1,0,0,0,0,0,0,0,0,3
106534,1,0,0,0,0,0,0,0,0,0,0,0,0
106535,1,0,0,0,0,0,0,0,0,0,0,0,0
106536,1,1,1,0,1,1,1,1,1,0,0,0,8
106537,1,1,1,0,0,0,0,0,0,0,0,0,2
106538,1,1,1,0,0,0,0,0,0,0,0,0,2
106539,1,0,0,0,0,0,0,0,0,0,0,0,0
106540,1,0,0,0,0,0,0,0,0,0,0,0,0
106541,1,1,1,1,1,1,0,1,1,0,1,0,10
106542,1,0,1,1,1,1,0,1,0,0,1,1,10
106543,1,0,0,0,0,0,0,0,0,0,0,0,0
106544,1,0,1,1,1,1,0,0,1,1,0,0,9
106545,1,1,1,0,0,0,1,0,0,0,0,0,6
106546,1,0,0,0,0,0,0,0,0,0,0,0,0
106547,1,1,1,0,0,0,0,0,1,1,1,1,10
106548,1,0,0,0,0,0,0,0,0,0,0,0,0
106549,1,0,0,1,0,0,0,0,0,0,0,0,3
106550,1,1,1,1,1,0,0,0,0,0,0,0,4
106551,1,1,0,0,1,1,0,0,0,1,1,1,10
106552,1,1,1,1,1,1,1,1,1,1,1,1,10
106553,1,0,0,0,0,0,0,0,0,0,0,0,0
106554,1,0,0,0,1,1,1,1,1,1,1,1,10
106555,1,1,0,0,1,0,1,1,0,0,0,0,7
106556,1,0,1,0,0,0,0,0,0,0,0,0,2
106557,1,0,0,0,0,0,0,0,0,0,0,0,0
106558,1,1,1,1,0,0,0,0,0,0,1,0,10
106559,1,1,1,1,1,1,1,1,0,0,0,0,7
106560,1,1,0,0,0,0,0,0,0,0,0,0,1
106561,1,0,0,1,0,0,1,0,0,0,0,0,6
106562,1,0,0,1,1,0,0,0,0,0,0,0,4
106563,1,0,0,0,0,0,0,0,0,0,0,0,0
106564,1,0,0,0,0,0,0,0,0,0,0,0,0
106565,1,0,0,0,1,1,1,1,0,0,0,0,7
106566,1,1,1,1,1,1,1,1,0,0,1,0,10
106567,1,1,0,1,1,1,1,1,0,0,0,1,7
106568,1,1,0,0,0,0,0,0,0,0,0,0,1
106569,1,1,0,0,0,0,0,0,0,0,0,0,1
106570,1,0,0,0,0,0,0,0,0,0,0,0,0
106571,1,1,1,0,0,0,0,0,0,0,0,0,2
106572,1,0,0,0,0,0,0,0,0,0,0,0,0
106573,1,0,1,1,1,1,1,1,1,1,1,0,10
106574,1,1,0,0,0,0,0,0,0,0,0,0,1
106575,1,1,1,0,1,1,0,1,0,1,0,1,9
106576,1,0,0,0,0,0,0,0,0,0,0,0,0
106577,1,1,1,1,0,1,0,0,0,1,1,1,10
106578,1,1,0,0,0,0,0,0,1,1,1,1,10
106579,1,0,0,0,0,0,0,0,0,0,0,0,0
106580,1,1,1,0,1,0,0,0,0,0,0,0,4
106581,1,0,0,0,0,0,0,0,0,0,0,0,0
106582,1,0,0,0,0,0,0,0,0,0,0,0,0
106583,1,1,1,0,0,0,0,0,0,0,0,0,2
106584,1,0,0,0,0,0,0,0,0,0,0,0,0
106585,1,0,0,0,0,0,0,0,0,0,0,0,0
106586,1,0,0,0,0,0,0,0,0,0,0,0,0
106587,1,0,1,0,0,0,0,0,0,0,0,0,2
106588,1,0,0,0,0,0,0,0,0,0,0,0,0
106589,1,1,1,1,1,1,1,1,0,0,0,0,7
106590,1,0,0,0,0,0,0,0,0,0,0,0,0
106591,1,0,0,0,0,0,0,0,0,0,0,0,0
106592,1,0,0,0,0,0,0,0,0,0,0,0,0
106593,1,1,1,0,0,0,0,0,0,0,0,0,2
106594,1,0,0,0,0,0,0,0,0,0,0,0,0
106595,1,0,0,0,0,0,0,0,0,0,0,0,0
106596,1,0,1,1,1,0,0,0,0,0,0,0,4
106597,1,0,0,0,0,0,0,0,0,0,0,0,0
106598,1,0,0,0,0,0,0,0,0,0,0,0,0
106599,1,1,1,1,1,1,1,1,1,1,1,1,10
106600,1,1,1,1,1,1,1,1,1,0,1,1,10
106601,1,0,1,0,0,0,0,0,0,1,1,0,10
106602,1,0,0,0,0,0,0,0,0,0,0,0,0
106603,1,0,0,0,0,0,0,0,0,0,0,0,0
106604,1,1,0,0,0,1,0,0,1,0,0,0,8
106605,1,0,1,1,0,0,0,1,0,1,0,0,9
106606,1,1,1,0,1,1,1,1,1,1,1,0,10
106607,1,1,1,1,1,1,1,1,1,1,1,1,10
106608,1,0,0,0,0,1,0,0,0,0,0,0,5
106609,1,1,1,1,0,0,0,0,0,0,0,0,3
106610,1,0,0,0,0,0,0,0,0,0,0,0,0
106611,1,1,0,0,0,0,0,0,0,0,0,0,1
106612,1,1,0,0,1,0,0,0,0,1,1,1,10
106613,1,0,0,0,0,0,0,0,0,0,0,0,0
106614,1,1,1,1,1,1,1,1,1,1,1,1,10
106615,1,1,1,1,0,0,1,1,1,1,1,1,10
106616,1,1,1,0,0,0,0,0,0,0,0,0,2
106617,1,1,1,1,1,1,1,1,1,0,0,0,8
106618,1,0,0,0,0,0,0,0,0,0,0,0,0
106619,1,1,1,1,1,1,1,1,1,1,1,1,10
106620,1,1,0,0,0,0,0,0,0,0,0,0,1
106621,1,0,1,0,0,0,0,0,0,0,0,0,2
106622,1,0,1,0,1,0,0,0,0,0,0,0,4
106623,1,0,0,0,0,0,0,0,0,0,0,0,0
106624,1,0,0,0,0,0,0,0,0,0,0,0,0
106625,1,1,0,0,0,0,0,0,0,0,0,0,1
106626,1,0,0,0,0,0,0,0,0,0,0,0,0
106627,1,1,1,1,1,1,1,1,1,0,0,1,8
106628,1,0,0,0,0,0,1,1,1,0,1,0,10
106629,1,0,0,1,1,1,0,0,0,0,0,0,5
106630,1,0,0,0,0,0,0,0,0,0,0,0,0
106631,1,1,0,0,1,0,1,1,1,1,1,1,10
106632,1,0,0,0,0,0,0,0,0,0,0,0,0
106633,1,0,0,0,0,1,1,1,1,1,0,0,9
106634,1,0,0,0,0,0,0,0,0,0,0,0,0
106635,1,1,1,1,1,1,0,0,0,0,0,0,5
106636,1,0,0,0,0,0,0,0,0,0,0,0,0
106637,1,0,0,0,0,0,0,0,0,1,0,0,9
106638,1,0,0,0,0,0,0,0,0,0,0,0,0
106639,1,1,1,1,0,0,0,0,0,0,0,0,3
106640,1,1,1,1,1,1,1,1,1,1,1,1,10
106641,1,0,0,0,0,0,0,0,0,0,0,0,0
106642,1,0,0,0,0,0,0,0,0,0,0,0,0
106643,1,0,0,0,0,0,0,0,0,0,0,0,0
106644,1,0,0,0,0,0,0,0,0,0,0,0,0
106645,1,0,0,1,1,0,1,0,0,1,0,0,9
106646,1,0,0,0,0,0,0,0,0,0,0,0,0
106647,1,1,1,1,1,1,1,1,0,1,0,1,9
106648,1,0,0,0,0,0,0,0,0,0,0,0,0
106649,1,0,0,0,0,0,0,0,0,0,0,0,0
106650,1,1,1,1,0,0,0,0,0,0,0,0,3
106651,1,1,1,1,1,1,1,0,0,0,0,0,6
106652,1,1,1,0,0,0,0,0,0,1,0,0,9
106653,1,0,0,0,0,0,0,0,0,0,0,0,0
106654,1,0,0,0,0,0,0,0,0,0,0,0,0
106655,1,0,0,0,0,0,0,0,0,0,0,0,0
106656,1,0,0,0,0,0,0,0,0,0,0,0,0
106657,1,1,0,1,0,0,0,1,0,0,0,0,7
106658,1,0,1,0,1,1,1,1,1,1,0,1,9
106659,1,0,0,0,0,0,0,0,0,0,0,0,0
106660,1,1,1,0,0,0,0,0,0,0,0,0,2
106661,1,1,1,1,1,1,1,1,1,0,1,0,10
106662,1,0,0,0,0,0,0,0,0,0,0,0,0
106663,1,1,1,1,1,1,1,1,1,1,1,1,10
106664,1,0,0,0,0,0,0,0,0,0,0,0,0
106665,1,1,1,1,1,1,0,0,1,1,1,1,10
106666,1,1,1,1,1,0,0,0,0,0,0,0,4
106667,1,1,1,0,0,0,0,0,0,0,0,0,2
106668,1,0,0,0,0,0,0,0,0,0,0,0,0
106669,1,1,0,0,0,0,0,0,0,0,0,0,1
106670,1,0,0,0,0,0,0,0,0,0,0,0,0
106671,1,1,1,1,1,1,0,0,0,0,0,0,5
106672,1,0,0,0,0,0,0,0,0,0,0,0,0
106673,1,1,1,1,0,0,1,0,1,0,1,1,10
106674,1,0,0,0,0,1,0,0,0,0,0,0,5
106675,1,1,1,1,1,1,1,0,0,0,0,0,6
106676,1,0,0,0,0,0,0,0,0,0,0,0,0
106677,1,1,0,0,0,0,0,0,0,0,0,0,1
106678,1,1,1,1,1,0,1,0,0,0,1,0,10
106679,1,1,1,0,0,1,0,0,1,0,1,1,10
106680,1,0,0,0,0,0,0,0,0,0,0,0,0
106681,1,0,0,0,0,0,0,0,0,0,0,0,0
106682,1,0,0,0,0,0,0,0,0,0,0,0,0
106683,1,1,1,1,1,0,0,0,0,0,0,0,4
106684,1,0,0,1,0,0,1,0,0,0,0,0,6
106685,1,0,0,0,0,0,0,0,0,0,0,0,0
106686,1,1,1,1,1,1,1,1,1,1,1,1,10
106687,1,0,1,1,0,0,0,0,0,0,0,0,3
106688,1,1,1,0,1,1,0,0,0,0,0,0,5
106689,1,0,0,1,1,0,0,0,0,0,0,0,4
106690,1,0,0,0,0,0,0,0,0,0,0,0,0
106691,1,0,0,0,0,0,0,1,0,0,0,0,7
106692,1,0,0,0,0,0,0,0,0,0,0,0,0
106693,1,0,0,0,0,0,0,0,0,0,0,0,0
106694,1,0,0,0,0,0,0,0,0,0,0,0,0
106695,1,1,0,1,0,0,0,0,0,0,0,0,3
106696,1,1,1,1,1,1,1,1,1,1,1,1,10
106697,1,1,1,1,1,1,1,1,1,1,1,1,10
106698,1,0,1,1,1,1,1,1,1,1,1,1,10
106699,1,0,0,0,0,0,0,0,0,0,0,0,0
106700,1,1,1,1,1,0,1,1,1,0,0,0,8
106701,1,1,1,0,0,1,1,0,1,1,1,0,10
106702,1,1,1,0,1,1,0,0,0,0,0,0,5
106703,1,1,1,1,0,1,0,0,0,0,0,0,5
106704,1,0,0,0,0,0,0,0,0,0,0,0,0
106705,1,0,0,1,1,0,0,0,0,0,0,0,4
106706,1,0,0,0,0,0,0,0,0,0,0,0,0
106707,1,0,0,0,0,0,0,0,0,0,0,0,0
106708,1,1,1,1,1,0,0,0,0,0,0,0,4
106709,1,1,1,0,0,0,0,0,0,0,0,0,2
106710,1,1,1,0,1,1,1,1,1,1,1,0,10
106711,1,0,0,0,0,0,0,0,0,0,0,0,0
106712,1,0,0,0,0,0,0,0,0,0,0,0,0
106713,1,1,1,0,0,0,0,0,0,0,0,0,2
106714,1,0,0,0,0,1,0,0,0,0,0,0,5
106715,1,0,0,0,0,0,0,0,0,0,0,0,0
106716,1,0,0,0,0,0,0,0,0,0,0,0,0
106717,1,1,1,1,1,1,1,1,0,0,0,0,7
106718,1,0,0,0,0,1,0,0,0,1,0,0,9
106719,1,0,0,0,0,0,0,0,0,0,0,0,0
106720,1,1,1,0,0,0,0,0,0,0,0,0,2
106721,1,1,0,0,0,0,1,1,1,0,0,1,8
106722,1,1,0,0,0,0,0,0,0,0,0,0,1
106723,1,1,0,0,0,0,0,0,0,0,0,0,1
106724,1,0,1,1,1,0,0,0,0,0,0,0,4
106725,1,0,0,0,0,0,0,0,0,0,0,0,0
106726,1,1,0,0,0,0,0,0,0,0,0,0,1
106727,1,1,1,0,1,1,1,1,1,1,1,1,10
106728,1,0,0,0,0,0,0,0,0,0,0,0,0
106729,1,1,1,0,1,0,0,0,0,0,0,1,4
106730,1,0,1,0,0,1,1,0,0,1,1,0,10
106731,1,0,0,0,0,0,0,0,0,0,0,0,0
106732,1,1,0,0,0,0,0,0,0,0,0,0,1
106733,1,1,0,0,0,0,0,0,0,0,0,0,1
106734,1,0,0,0,0,0,0,0,0,0,0,0,0
106735,1,1,1,1,1,1,1,0,0,0,0,0,6
106736,1,0,0,0,0,0,0,0,0,0,0,0,0
106737,1,1,1,0,0,0,0,0,0,0,0,0,2
106738,1,1,1,0,0,1,0,0,0,0,0,0,5
106739,1,1,1,1,0,0,0,0,0,0,0,0,3
106740,1,1,1,1,1,1,1,1,1,1,1,0,10
106741,1,0,0,0,0,0,0,0,0,0,0,0,0
106742,1,1,0,1,0,0,0,0,0,0,0,0,3
106743,1,0,0,0,1,1,1,1,1,1,1,1,10
106744,1,1,1,1,1,0,0,0,0,0,0,0,4
106745,1,0,0,0,0,0,0,0,0,0,0,0,0
106746,1,1,1,1,1,1,1,1,1,1,1,1,10
106747,1,1,0,0,0,0,0,0,0,0,0,0,1
106748,1,1,0,0,0,0,0,0,0,0,0,0,1
106749,1,1,0,0,0,0,0,0,0,0,0,0,1
106750,1,0,0,0,0,0,0,0,0,0,0,0,0
106751,1,1,1,0,1,0,0,1,0,1,1,0,10
106752,1,0,0,0,0,1,1,1,1,0,0,0,8
106753,1,0,0,0,1,1,1,1,1,0,0,0,8
106754,1,1,1,0,0,1,0,0,0,0,0,0,5
106755,1,1,1,1,1,0,0,0,0,0,0,0,4
106756,1,0,0,1,1,0,0,0,0,0,0,0,4
106757,1,1,1,0,0,0,0,0,0,0,0,0,2
106758,1,0,0,1,0,1,0,1,0,0,0,0,7
106759,1,1,1,0,1,1,0,0,1,0,1,0,10
106760,1,0,0,0,0,0,0,0,0,0,0,0,0
106761,1,0,0,0,0,0,0,0,0,0,0,0,0
106762,1,1,0,0,0,0,0,0,0,0,0,0,1
106763,1,1,1,0,0,0,0,0,0,0,0,0,2
106764,1,0,0,1,1,0,0,0,0,0,0,0,4
106765,1,1,1,1,1,1,1,1,1,1,1,1,10
106766,1,1,0,0,1,1,1,1,1,0,0,0,8
106767,1,0,0,0,0,0,0,0,0,0,0,0,0
106768,1,1,1,1,1,0,0,0,0,0,0,0,4
106769,1,1,1,1,1,1,0,0,0,0,0,0,5
106770,1,0,0,0,0,0,0,0,0,1,1,0,10
106771,1,0,0,0,0,0,0,0,0,0,0,0,0
106772,1,1,1,1,0,0,0,0,0,0,0,0,3
106773,1,0,1,0,1,1,0,1,1,1,1,0,10
106774,1,0,0,0,0,0,0,0,0,0,0,0,0
106775,1,0,0,0,0,1,0,0,1,0,0,1,8
106776,1,1,0,0,1,0,0,1,0,0,0,0,7
106777,1,0,0,0,0,0,0,0,0,0,0,0,0
106778,1,1,0,0,0,0,0,0,0,0,0,0,1
106779,1,0,0,0,0,0,0,0,0,0,0,0,0
106780,1,1,1,0,0,0,1,1,1,1,1,1,10
106781,1,1,0,0,0,0,0,0,0,0,0,0,1
106782,1,0,1,1,0,0,0,0,0,0,0,0,3
106783,1,0,0,0,0,0,1,0,1,1,0,0,9
106784,1,1,1,1,0,0,0,0,0,0,0,0,3
106785,1,0,1,0,1,1,1,0,0,0,0,0,6
106786,1,1,0,0,1,0,0,0,0,1,0,1,9
106787,1,1,1,1,0,0,0,0,0,0,0,0,3
106788,1,0,1,1,0,1,0,0,1,1,1,0,10
106789,1,0,0,0,0,0,0,0,0,0,0,0,0
106790,1,0,0,0,0,0,0,0,1,1,1,1,10
106791,1,0,0,0,0,1,0,0,0,0,0,0,5
106792,1,1,0,1,0,0,0,0,0,0,0,0,3
106793,1,0,0,0,0,0,0,0,0,0,0,0,0
106794,1,0,0,0,0,0,0,0,0,0,0,0,0
106795,1,1,1,1,0,0,0,0,0,0,0,0,3
106796,1,0,0,0,0,0,0,0,0,0,0,0,0
106797,1,0,0,0,0,0,0,0,0,0,0,0,0
106798,1,0,0,0,0,0,0,0,0,0,0,0,0
106799,1,0,0,0,0,0,0,0,0,0,0,0,0
106800,1,0,0,1,0,0,0,1,0,1,0,0,9
106801,1,0,0,0,0,0,0,0,0,0,0,0,0
106802,1,0,0,0,0,0,0,0,0,0,0,0,0
106803,1,0,0,0,0,0,0,1,1,1,1,1,10
106804,1,0,0,0,0,0,0,0,0,0,0,0,0
106805,1,1,1,1,0,0,0,0,0,0,0,0,3
106806,1,0,0,0,0,0,0,0,0,0,0,0,0
106807,1,0,0,0,0,0,0,0,0,0,0,0,0
106808,1,0,0,0,0,0,0,0,0,0,0,0,0
106809,1,0,1,1,0,0,0,0,0,0,0,0,3
106810,1,1,1,0,1,1,0,1,1,1,1,1,10
106811,1,1,0,0,0,0,0,0,0,0,0,0,1
106812,1,1,0,0,0,0,0,1,0,0,0,0,7
106813,1,1,0,1,1,1,1,1,1,1,0,1,9
106814,1,1,0,1,1,1,1,1,1,0,0,1,8
106815,1,0,1,0,0,0,0,1,0,0,0,0,7
106816,1,0,0,0,0,0,0,0,0,0,0,0,0
106817,1,0,0,0,0,0,0,0,0,0,0,0,0
106818,1,1,1,1,0,1,1,1,1,1,1,1,10
106819,1,1,1,1,1,1,1,1,1,1,1,1,10
106820,1,0,0,0,0,0,0,1,1,0,1,0,10
106821,1,0,1,0,0,0,0,0,0,0,0,0,2
106822,1,0,0,0,0,0,0,0,0,0,0,0,0
106823,1,0,1,1,0,0,0,1,0,0,0,0,7
106824,1,0,0,0,0,0,0,0,0,0,0,0,0
106825,1,1,0,0,0,0,0,0,0,0,0,0,1
106826,1,1,1,0,0,0,0,0,0,0,0,0,2
106827,1,0,0,0,0,0,0,0,0,0,0,0,0
106828,1,0,0,0,0,0,0,0,0,0,0,0,0
106829,1,1,0,0,0,0,0,0,0,0,0,0,1
106830,1,1,0,0,0,0,0,0,0,0,0,0,1
106831,1,1,1,0,0,1,1,0,0,0,0,0,6
106832,1,0,0,0,0,0,0,0,0,0,0,0,0
106833,1,1,1,1,1,1,1,1,1,1,1,0,10
106834,1,0,0,0,0,0,0,1,0,1,0,0,9
106835,1,0,0,1,1,0,0,0,0,0,0,0,4
106836,1,0,1,0,1,0,0,0,0,0,0,0,4
106837,1,0,0,0,0,0,0,0,0,0,0,0,0
106838,1,1,1,1,1,0,0,0,0,0,0,0,4
106839,1,1,1,1,1,1,1,1,1,1,1,1,10
106840,1,1,1,0,0,0,0,0,0,0,0,0,2
106841,1,0,0,0,0,1,1,1,0,0,0,0,7
106842,1,1,0,0,0,0,0,0,0,0,0,0,1
106843,1,1,1,0,0,0,0,0,0,0,0,0,2
106844,1,0,0,0,0,0,0,0,0,0,0,0,0
106845,1,1,1,0,1,1,1,1,1,0,1,0,10
106846,1,0,0,0,0,0,0,0,0,0,0,0,0
106847,1,1,1,1,1,1,0,1,1,1,0,0,9
106848,1,1,1,0,1,0,0,0,0,0,0,0,4
106849,1,0,0,0,0,1,1,0,1,1,1,1,10
106850,1,1,1,1,1,1,1,1,1,1,1,1,10
106851,1,1,1,1,1,1,0,0,0,0,0,0,5
106852,1,0,0,0,0,0,1,0,0,0,0,0,6
106853,1,1,1,1,1,0,0,0,0,0,0,0,4
106854,1,0,0,0,0,0,1,0,0,0,0,0,6
106855,1,0,0,0,0,0,0,0,0,0,0,0,0
106856,1,1,0,0,0,0,0,0,0,0,0,0,1
106857,1,0,0,0,0,0,0,0,0,0,0,0,0
106858,1,1,1,1,1,1,1,1,1,1,0,1,9
106859,1,0,0,1,1,1,1,0,0,0,0,0,6
106860,1,1,0,0,0,1,1,1,1,0,1,0,10
106861,1,0,0,0,0,0,0,0,0,0,0,0,0
106862,1,0,0,0,0,0,0,0,0,0,0,0,0
106863,1,0,0,0,0,0,0,0,0,0,0,0,0
106864,1,0,0,0,0,0,0,0,0,0,0,0,0
106865,1,0,1,1,0,0,0,0,0,0,0,0,3
106866,1,0,0,0,0,0,0,0,0,0,0,0,0
106867,1,1,1,0,1,1,1,1,1,1,1,1,10
106868,1,0,0,0,0,0,0,0,0,0,0,0,0
106869,1,0,1,1,1,1,1,0,0,0,0,0,6
106870,1,0,0,0,0,0,0,1,1,0,0,0,8
106871,1,1,1,1,1,1,1,1,1,0,1,1,10
106872,1,0,0,0,0,0,0,0,0,0,0,0,0
106873,1,1,0,0,0,0,0,0,0,0,0,0,1
106874,1,1,1,1,1,1,1,1,1,1,0,0,9
106875,1,0,0,0,0,0,0,0,0,0,0,0,0
106876,1,1,0,0,0,0,0,0,0,0,0,0,1
106877,1,0,0,0,0,0,0,0,0,0,0,0,0
106878,1,1,1,1,1,1,1,1,0,1,1,0,10
106879,1,1,0,0,0,0,0,0,0,0,0,0,1
106880,1,0,0,0,0,0,0,0,0,0,0,0,0
106881,1,0,0,0,0,0,0,0,0,0,0,0,0
106882,1,0,0,0,0,0,0,0,0,0,0,0,0
106883,1,0,1,0,0,0,1,0,0,0,0,0,6
106884,1,0,0,0,1,0,1,0,0,0,0,0,6
106885,1,0,0,0,0,0,0,0,0,0,0,0,0
106886,1,1,1,1,0,0,0,0,0,0,0,0,3
106887,1,1,0,0,0,0,0,0,0,0,0,0,1
106888,1,1,1,0,0,0,0,0,0,0,0,0,2
106889,1,0,0,0,0,0,0,0,0,0,0,0,0
106890,1,0,1,0,0,1,1,0,0,0,0,0,6
106891,1,0,0,0,0,0,0,0,0,0,0,0,0
106892,1,1,0,0,0,0,0,0,0,0,0,0,1
106893,1,0,1,0,0,0,0,0,0,0,0,0,2
106894,1,1,1,1,0,1,1,1,1,1,1,1,10
106895,1,1,0,1,1,1,1,1,1,0,1,0,10
106896,1,1,1,1,0,0,0,1,0,1,1,0,10
106897,1,1,1,0,0,0,0,0,0,0,0,0,2
106898,1,1,1,0,0,0,0,0,0,0,0,0,2
106899,1,0,1,0,0,0,0,0,0,0,0,0,2
106900,1,1,0,1,0,0,0,1,0,0,0,0,7
106901,1,1,0,0,0,0,0,0,0,0,0,0,1
106902,1,0,0,1,1,1,1,0,0,0,0,0,6
106903,1,1,0,0,0,0,0,0,0,0,0,0,1
106904,1,1,1,0,0,0,0,0,0,0,0,0,2
106905,1,0,0,0,0,0,0,0,0,0,0,0,0
106906,1,1,1,1,0,0,0,0,0,0,0,0,3
106907,1,1,1,0,0,0,0,0,0,0,0,0,2
106908,1,1,0,0,0,0,0,0,0,0,0,0,1
106909,1,0,1,1,1,1,1,1,1,0,1,0,10
106910,1,1,1,0,0,1,1,1,1,1,0,0,9
106911,1,0,0,0,0,0,0,0,1,1,0,0,9
106912,1,1,1,0,0,0,0,0,0,0,0,0,2
106913,1,0,1,1,0,0,0,1,1,1,0,0,9
106914,1,1,1,1,1,1,1,0,0,0,0,0,6
106915,1,0,0,0,1,1,1,1,1,0,0,0,8
106916,1,1,1,1,1,1,1,1,1,1,0,1,9
106917,1,1,1,1,0,1,1,1,1,1,0,1,9
106918,1,1,0,0,0,0,0,0,0,0,0,0,1
106919,1,1,1,0,0,0,0,0,0,0,0,0,2
106920,1,1,1,0,1,0,0,1,1,1,1,0,10
106921,1,0,1,0,0,0,0,0,0,0,0,0,2
106922,1,1,1,1,0,0,1,0,0,0,0,0,6
106923,1,1,1,1,1,1,1,1,1,1,1,1,10
106924,1,0,0,0,0,0,0,0,0,0,0,0,0
106925,1,1,1,1,0,0,0,0,0,0,0,0,3
106926,1,1,0,0,0,0,0,0,0,0,0,0,1
106927,1,1,0,0,0,0,0,1,1,1,0,1,9
106928,1,0,0,0,1,0,1,1,0,0,0,0,7
106929,1,0,0,0,0,0,0,0,0,0,0,0,0
106930,1,0,1,1,1,0,1,1,1,1,1,0,10
106931,1,1,1,1,1,1,0,0,0,0,0,0,5
106932,1,1,1,1,0,0,0,0,0,0,0,0,3
106933,1,1,1,1,1,1,1,0,0,0,1,0,10
106934,1,0,0,0,0,0,0,0,0,0,0,0,0
106935,1,0,0,0,0,0,0,0,1,1,1,1,10
106936,1,0,1,1,0,0,0,1,0,0,0,0,7
106937,1,0,0,0,0,0,0,1,0,0,0,0,7
106938,1,0,0,0,0,0,0,0,0,1,1,1,10
106939,1,0,0,0,0,0,0,0,0,0,0,0,0
106940,1,1,0,0,0,0,0,0,0,0,0,0,1
106941,1,1,0,0,0,0,0,0,0,0,0,0,1
106942,1,0,0,0,0,0,0,0,0,0,0,0,0
106943,1,0,0,0,0,0,0,0,0,0,0,0,0
106944,1,1,0,0,0,0,0,0,0,0,0,0,1
106945,1,0,0,0,0,0,0,1,1,1,1,1,10
106946,1,0,0,0,0,0,0,0,0,0,0,0,0
106947,1,0,0,0,0,0,0,0,0,0,0,0,0
106948,1,1,0,1,1,0,1,0,0,0,1,1,10
106949,1,1,1,0,1,1,1,0,0,0,1,0,10
106950,1,0,0,0,0,0,0,0,0,0,0,0,0
106951,1,1,1,0,0,0,0,0,0,0,0,0,2
106952,1,0,0,0,0,0,0,0,0,0,0,0,0
106953,1,0,0,0,0,0,0,0,0,0,0,0,0
106954,1,0,0,0,0,0,0,0,0,0,0,0,0
106955,1,1,1,0,0,0,1,0,0,1,0,1,9
106956,1,0,0,1,0,0,0,0,0,0,0,0,3
106957,1,1,1,1,1,0,1,0,1,0,1,1,10
106958,1,1,0,0,0,0,0,0,0,0,0,0,1
106959,1,1,1,0,0,0,0,0,0,0,0,0,2
106960,1,0,0,0,0,0,0,0,0,0,0,0,0
106961,1,0,1,0,1,1,0,1,1,1,0,1,9
106962,1,1,0,0,0,0,0,0,0,0,0,0,1
106963,1,0,0,0,0,0,0,0,0,0,0,0,0
106964,1,0,0,0,0,0,0,0,0,0,0,0,0
106965,1,1,1,1,1,1,1,1,1,1,1,1,10
106966,1,0,0,0,0,0,1,0,0,0,0,1,6
106967,1,0,0,0,0,0,0,0,0,0,0,0,0
106968,1,0,0,0,0,0,0,0,0,0,0,0,0
106969,1,0,0,0,0,0,0,0,0,0,0,0,0
106970,1,1,0,1,0,0,0,0,0,0,0,0,3
106971,1,1,0,1,1,1,0,1,1,0,0,0,8
106972,1,0,0,0,0,0,0,0,0,0,0,0,0
106973,1,0,0,0,0,0,0,0,0,0,0,0,0
106974,1,1,0,0,0,0,0,0,0,0,0,0,1
106975,1,1,1,1,1,1,1,1,1,1,1,1,10
106976,1,0,0,0,0,0,0,0,0,0,0,0,0
106977,1,1,1,0,1,1,1,1,1,0,0,0,8
106978,1,1,1,1,1,1,1,0,0,0,0,0,6
106979,1,0,0,0,0,0,0,0,0,0,0,0,0
106980,1,0,0,0,0,0,0,0,0,0,0,0,0
106981,1,0,0,0,0,0,0,0,0,0,0,0,0
106982,1,1,0,0,0,0,0,0,0,0,0,0,1
106983,1,0,0,1,0,1,0,0,0,0,0,1,5
106984,1,0,0,1,0,0,0,1,1,1,0,1,9
106985,1,0,0,0,0,0,0,0,0,0,0,0,0
106986,1,1,1,0,0,0,0,0,0,0,0,0,2
106987,1,0,0,0,0,0,0,0,0,0,0,0,0
106988,1,0,0,0,0,0,0,0,0,0,0,0,0
106989,1,1,1,0,0,0,0,0,0,0,0,0,2
106990,1,0,0,0,0,0,0,0,0,0,0,0,0
106991,1,0,1,1,1,1,1,1,1,1,1,0,10
106992,1,1,1,0,1,0,1,1,1,1,1,0,10
106993,1,0,0,0,0,0,1,0,0,1,0,1,9
106994,1,0,0,0,0,0,0,0,0,0,0,0,0
106995,1,1,0,0,0,0,0,0,0,0,0,0,1
106996,1,0,0,0,0,1,1,1,1,0,0,0,8
106997,1,1,0,0,0,0,0,0,0,0,0,0,1
106998,1,1,1,0,0,0,0,0,0,0,0,0,2
106999,1,1,1,1,0,0,0,0,0,0,0,0,3
107000,1,0,0,0,0,1,1,0,0,0,0,0,6
107001,1,0,0,0,0,0,0,1,1,0,0,0,8
107002,1,1,1,1,1,1,0,1,1,1,0,0,9
107003,1,0,0,0,0,0,0,0,0,0,0,0,0
107004,1,0,0,0,0,0,0,0,0,0,0,0,0
107005,1,0,0,0,0,0,0,0,0,0,0,0,0
107006,1,1,0,0,0,0,0,0,0,0,0,0,1
107007,1,0,0,0,0,0,0,0,0,0,0,0,0
107008,1,1,1,0,0,0,0,0,0,0,0,0,2
107009,1,1,0,0,0,0,0,0,0,0,0,0,1
107010,1,1,0,0,0,0,0,0,0,0,0,0,1
107011,1,1,0,0,0,0,0,0,0,0,0,0,1
107012,1,0,0,0,0,0,0,0,0,0,0,0,0
107013,1,1,1,0,1,0,1,0,0,0,0,0,6
107014,1,0,0,0,0,0,0,0,0,0,0,0,0
107015,1,0,0,0,0,0,0,0,0,0,0,0,0
107016,1,0,1,0,0,0,0,0,0,0,0,0,2
107017,1,0,0,0,0,0,0,0,0,0,0,0,0
107018,1,1,1,0,0,0,0,0,0,0,0,0,2
107019,1,0,0,0,0,0,0,0,0,0,0,0,0
107020,1,1,1,1,1,1,1,1,1,1,1,1,10
107021,1,1,1,1,1,1,0,1,1,1,0,0,9
107022,1,1,1,1,1,1,0,0,0,0,0,0,5
107023,1,0,0,0,0,0,0,0,0,0,0,0,0
107024,1,0,0,0,0,0,0,0,0,0,0,0,0
107025,1,0,1,1,0,0,0,0,0,0,0,0,3
107026,1,0,0,1,1,0,0,0,0,0,0,0,4
107027,1,1,1,0,0,0,0,0,0,0,0,0,2
107028,1,0,0,0,1,0,0,0,0,0,0,0,4
107029,1,1,1,0,0,0,0,0,0,0,0,0,2
107030,1,0,0,0,0,0,0,0,0,0,0,0,0
107031,1,1,1,1,0,0,0,0,0,0,0,0,3
107032,1,0,0,0,0,0,0,0,0,0,0,0,0
107033,1,0,1,0,1,0,0,0,0,0,0,0,4
107034,1,0,0,1,1,0,1,1,1,0,1,1,10
107035,1,1,0,0,0,0,0,0,0,0,0,0,1
107036,1,1,1,1,1,1,1,0,1,0,0,0,8
107037,1,0,1,0,0,0,0,0,0,0,0,0,2
107038,1,0,0,0,0,0,0,1,1,0,1,0,10
107039,1,0,0,0,0,0,1,0,0,0,0,0,6
107040,1,0,0,0,0,0,0,0,0,0,0,0,0
107041,1,1,1,0,0,0,0,0,0,0,0,0,2
107042,1,1,1,0,0,0,0,0,0,0,0,0,2
107043,1,1,1,0,1,1,0,0,0,0,0,0,5
107044,1,1,1,1,1,1,1,1,1,1,1,1,10
107045,1,1,1,1,1,1,1,1,1,1,0,1,9
107046,1,0,0,0,0,0,0,0,0,0,0,0,0
107047,1,1,1,1,1,1,0,1,1,0,0,1,8
107048,1,1,1,0,0,1,0,1,0,0,0,0,7
107049,1,0,1,1,1,1,1,1,1,1,1,1,10
107050,1,0,0,0,0,0,0,0,0,0,0,0,0
107051,1,0,0,0,0,0,0,0,0,0,0,0,0
107052,1,0,0,0,0,0,0,1,0,0,1,1,10
107053,1,0,0,0,0,0,0,0,0,0,0,0,0
107054,1,0,0,0,0,0,0,0,0,0,0,0,0
107055,1,1,1,1,1,1,1,1,1,0,1,0,10
107056,1,1,0,0,0,0,0,0,0,0,0,0,1
107057,1,1,0,0,0,0,0,0,0,0,0,0,1
107058,1,0,1,1,1,0,1,0,0,0,0,0,6
107059,1,1,1,1,0,0,0,0,0,0,0,0,3
107060,1,1,1,1,0,0,0,0,0,0,0,0,3
107061,1,0,0,0,0,1,1,1,0,1,1,1,10
107062,1,0,0,0,0,0,0,0,0,0,0,0,0
107063,1,0,0,0,0,0,0,0,0,0,0,0,0
107064,1,1,0,0,0,0,0,0,0,0,0,0,1
107065,1,1,0,0,0,0,0,0,0,0,0,0,1
107066,1,1,0,0,0,0,0,0,0,0,0,0,1
107067,1,0,0,0,0,0,0,0,0,0,0,0,0
107068,1,1,1,1,0,1,1,0,0,0,0,0,6
107069,1,0,0,0,0,1,1,0,0,0,0,0,6
107070,1,0,0,0,0,0,0,0,0,0,0,0,0
107071,1,0,0,1,0,1,1,1,0,0,0,0,7
107072,1,0,0,0,1,0,0,0,0,1,1,1,10
107073,1,0,0,0,0,0,0,1,0,0,0,0,7
107074,1,1,0,0,0,0,0,0,0,0,0,0,1
107075,1,0,1,0,0,0,0,0,0,0,0,0,2
107076,1,1,1,1,1,1,1,0,0,0,0,0,6
107077,1,1,1,0,0,0,0,0,0,0,0,0,2
107078,1,0,1,0,0,0,0,0,0,0,0,0,2
107079,1,1,0,0,0,0,0,0,0,0,0,0,1
107080,1,0,0,0,0,0,0,0,0,0,0,0,0
107081,1,0,0,0,0,1,1,0,0,0,0,0,6
107082,1,0,0,0,0,0,0,0,0,0,0,0,0
107083,1,0,0,0,0,0,0,0,0,0,0,0,0
107084,1,1,1,1,1,0,0,0,0,0,0,0,4
107085,1,0,0,0,0,0,0,0,0,0,0,0,0
107086,1,1,1,1,1,1,0,1,1,1,0,0,9
107087,1,1,0,0,0,0,0,0,0,0,0,0,1
107088,1,0,0,0,0,0,0,0,0,0,0,0,0
107089,1,0,0,0,0,0,0,0,0,0,0,0,0
107090,1,1,1,1,1,0,0,0,0,0,0,0,4
107091,1,1,1,1,1,1,1,1,1,1,1,0,10
107092,1,1,1,0,0,0,0,0,0,0,0,0,2
107093,1,1,1,1,1,1,1,1,1,1,0,0,9
107094,1,1,0,1,0,1,1,0,0,0,0,0,6
107095,1,0,0,0,0,0,0,0,0,0,0,0,0
107096,1,0,1,0,0,0,0,0,0,0,0,0,2
107097,1,0,0,0,0,0,0,0,0,0,0,0,0
107098,1,1,1,1,0,0,0,0,0,0,0,0,3
107099,1,1,1,0,1,1,1,1,0,0,0,1,7
107100,1,0,1,0,0,0,1,0,1,1,1,0,10
107101,1,1,0,1,0,0,0,0,0,0,0,0,3
107102,1,1,0,1,1,1,1,1,0,0,0,1,7
107103,1,1,0,0,0,1,1,0,0,1,1,0,10
107104,1,1,0,0,0,1,0,0,0,0,0,0,5
107105,1,1,1,0,0,0,0,0,0,0,0,0,2
107106,1,0,0,0,0,0,0,0,1,1,1,0,10
107107,1,0,1,0,0,0,0,0,0,0,0,0,2
107108,1,1,0,0,0,0,0,0,0,0,0,0,1
107109,1,1,0,0,0,1,0,1,0,0,0,0,7
107110,1,0,0,0,0,0,0,0,0,0,0,0,0
107111,1,1,1,0,0,0,0,0,0,0,0,0,2
107112,1,1,0,0,0,0,0,0,0,0,0,0,1
107113,1,0,0,0,0,0,0,0,1,1,1,1,10
107114,1,0,0,0,0,0,0,0,0,0,0,0,0
107115,1,1,1,1,1,0,1,0,1,0,1,0,10
107116,1,1,1,1,1,1,1,1,1,1,1,1,10
107117,1,1,1,1,0,0,0,0,0,0,0,0,3
107118,1,1,0,0,1,0,0,1,0,0,0,0,7
107119,1,0,0,0,0,0,0,0,0,0,0,0,0
107120,1,1,0,0,1,0,0,0,0,0,0,0,4
107121,1,1,1,1,0,1,1,0,0,0,0,0,6
107122,1,0,0,0,0,0,0,0,0,0,0,0,0
107123,1,0,0,0,0,0,0,0,0,0,0,0,0
107124,1,0,0,1,0,1,1,0,0,0,0,0,6
107125,1,1,1,0,0,0,0,0,0,0,0,0,2
107126,1,1,1,1,1,1,1,1,1,1,1,0,10
107127,1,1,0,0,0,0,0,0,0,0,0,0,1
107128,1,1,0,0,0,0,0,0,0,0,0,0,1
107129,1,1,0,1,1,0,1,1,1,1,1,1,10
107130,1,1,0,0,1,1,1,1,1,1,0,0,9
107131,1,1,1,1,1,1,1,1,1,0,0,0,8
107132,1,1,1,1,1,1,1,0,0,0,0,0,6
107133,1,1,1,1,0,1,0,1,1,0,1,1,10
107134,1,1,1,1,1,0,1,0,0,0,1,0,10
107135,1,0,0,0,0,0,0,0,0,0,0,0,0
107136,1,1,0,0,1,0,0,0,0,0,0,0,4
107137,1,1,0,1,1,0,0,0,0,0,0,0,4
107138,1,0,0,0,0,0,0,0,0,0,0,0,0
107139,1,0,0,0,0,0,0,0,0,0,0,0,0
107140,1,1,1,0,0,0,0,0,0,1,0,0,9
107141,1,1,1,1,0,0,1,1,1,0,1,1,10
107142,1,0,0,0,0,0,0,0,0,0,0,0,0
107143,1,1,1,0,0,0,0,0,0,0,0,0,2
107144,1,0,0,1,1,1,1,0,1,1,1,1,10
107145,1,1,0,0,0,0,0,0,0,0,0,0,1
107146,1,0,0,0,0,0,0,0,0,0,0,0,0
107147,1,0,1,1,0,0,0,0,0,0,0,0,3
107148,1,1,1,1,0,0,0,0,0,0,1,0,10
107149,1,1,1,0,1,1,0,0,0,0,0,0,5
107150,1,1,0,0,0,0,0,0,0,0,0,0,1
107151,1,1,1,1,1,1,1,1,1,1,1,1,10
107152,1,0,0,0,0,1,0,1,0,0,0,0,7
107153,1,1,1,1,1,1,1,1,1,1,1,0,10
107154,1,0,0,0,1,0,0,0,0,0,0,0,4
107155,1,1,1,0,0,1,0,1,1,0,0,0,8
107156,1,1,1,1,1,0,1,1,0,0,0,0,7
107157,1,0,0,0,0,0,0,0,0,0,0,0,0
107158,1,1,1,1,0,0,0,0,0,0,0,0,3
107159,1,1,0,1,0,0,0,0,0,0,0,0,3
107160,1,1,0,1,1,0,1,0,0,0,0,0,6
107161,1,1,0,1,0,0,0,0,0,0,0,0,3
107162,1,1,1,1,1,1,1,1,1,1,1,0,10
107163,1,1,1,1,1,1,0,1,1,1,1,0,10
107164,1,1,1,1,0,1,1,1,0,1,0,1,9
107165,1,1,1,1,1,1,1,0,0,0,0,0,6
107166,1,1,0,0,1,1,0,0,0,0,0,0,5
107167,1,1,1,0,1,1,0,0,0,0,0,0,5
107168,1,0,1,1,1,1,0,0,1,1,1,1,10
107169,1,0,1,0,0,0,0,0,0,0,0,0,2
107170,1,1,1,1,0,0,0,0,0,0,0,0,3
107171,1,1,0,0,0,0,0,0,0,0,0,0,1
107172,1,0,0,0,0,0,0,0,0,0,0,0,0
107173,1,1,1,1,1,1,1,1,1,1,1,1,10
107174,1,0,0,0,0,1,0,0,0,0,0,0,5
107175,1,1,1,1,1,1,1,1,1,1,1,1,10
107176,1,1,1,1,1,1,1,0,1,1,1,0,10
107177,1,1,1,1,1,1,1,1,0,0,0,0,7
107178,1,1,1,0,0,0,0,1,1,1,1,0,10
107179,1,1,1,1,1,1,1,1,1,1,1,1,10
107180,1,1,1,1,0,0,0,0,0,0,0,0,3
107181,1,1,1,1,1,0,1,1,0,0,0,0,7
107182,1,1,1,1,1,1,0,1,1,1,1,0,10
107183,1,0,0,1,0,1,0,1,0,0,0,1,7
107184,1,1,1,1,1,1,1,1,0,0,1,0,10
107185,1,1,1,1,1,1,1,0,0,0,1,0,10
107186,1,1,1,1,1,1,1,1,0,0,0,0,7
107187,1,1,0,0,0,1,1,0,1,0,0,0,8
107188,1,1,1,1,1,0,0,0,0,0,0,0,4
107189,1,0,0,0,0,0,0,0,0,0,0,0,0
107190,1,1,0,0,0,0,0,1,0,0,0,0,7
107191,1,0,1,0,0,0,0,0,0,0,0,0,2
107192,1,0,0,0,0,0,0,0,0,0,0,0,0
107193,1,1,1,0,0,0,0,0,0,1,1,0,10
107194,1,1,0,0,0,0,0,0,0,0,0,0,1
107195,1,1,0,1,1,1,1,1,1,1,1,1,10
107196,1,1,1,1,1,1,1,1,1,1,1,1,10
107197,1,0,0,0,0,0,0,0,0,0,0,0,0
107198,1,1,1,1,1,1,1,1,1,0,0,0,8
107199,1,1,1,0,0,1,1,0,0,0,0,0,6
107200,1,0,0,0,0,0,0,0,0,0,0,0,0
107201,1,0,0,1,1,1,0,1,0,0,1,0,10
107202,1,1,0,0,0,1,0,0,0,0,0,0,5
107203,1,1,1,0,0,0,0,0,0,0,0,0,2
107204,1,1,1,1,0,0,0,0,0,0,0,0,3
107205,1,0,0,0,0,0,0,0,0,0,0,0,0
107206,1,1,1,0,0,0,0,0,0,0,0,0,2
107207,1,1,0,0,0,0,0,0,0,0,0,0,1
107208,1,0,1,0,0,0,0,0,0,0,0,0,2
107209,1,0,1,0,0,1,1,0,1,0,0,0,8
107210,1,1,0,1,1,1,1,1,1,0,0,0,8
107211,1,1,0,0,0,0,0,0,0,0,0,0,1
107212,1,0,0,0,0,0,0,0,0,0,0,0,0
107213,1,1,0,0,0,0,0,0,0,0,0,0,1
107214,1,0,0,1,0,0,0,0,1,1,1,0,10
107215,1,1,0,0,1,0,0,1,1,0,0,0,8
107216,1,1,1,0,0,0,0,0,0,1,0,0,9
107217,1,1,1,1,1,1,0,0,0,0,0,0,5
107218,1,1,1,1,0,1,0,0,0,0,0,0,5
107219,1,0,1,0,0,1,0,0,0,0,0,0,5
107220,1,0,0,0,0,0,0,0,0,0,0,0,0
107221,1,0,0,0,0,0,0,0,0,0,0,0,0
107222,1,0,0,0,0,0,0,0,0,0,0,0,0
107223,1,1,1,1,1,0,0,0,0,0,0,0,4
107224,1,0,0,1,0,0,0,0,0,0,0,0,3
107225,1,1,1,1,1,1,1,1,1,1,0,1,9
107226,1,0,0,0,1,0,1,1,0,1,1,0,10
107227,1,0,0,0,0,0,0,0,0,0,0,0,0
107228,1,0,0,0,0,0,1,1,0,0,0,0,7
107229,1,0,0,0,0,0,0,0,0,0,0,0,0
107230,1,0,0,0,0,0,0,1,1,0,0,0,8
107231,1,0,0,0,0,0,0,0,0,0,0,0,0
107232,1,1,1,1,1,1,1,0,0,0,0,0,6
107233,1,0,0,0,0,0,0,0,0,0,0,0,0
107234,1,0,0,0,0,0,0,1,0,0,1,0,10
107235,1,1,0,0,0,0,0,0,0,0,0,0,1
107236,1,1,1,1,0,0,0,0,1,1,1,1,10
107237,1,0,0,0,0,0,0,1,1,1,1,1,10
107238,1,0,1,0,0,0,0,0,0,0,0,0,2
107239,1,1,0,0,1,0,0,0,0,0,0,0,4
107240,1,0,0,1,1,1,1,0,1,0,0,0,8
107241,1,0,0,0,0,0,0,0,0,0,0,0,0
107242,1,1,1,1,1,1,1,1,0,0,0,0,7
107243,1,0,0,0,0,0,0,0,0,0,0,0,0
107244,1,1,1,1,0,0,0,0,0,0,0,0,3
107245,1,0,0,0,0,0,0,0,0,0,0,0,0
107246,1,0,0,0,0,0,0,0,0,0,0,0,0
107247,1,1,1,1,0,0,1,0,1,0,1,1,10
107248,1,0,0,0,0,0,0,0,0,0,0,0,0
107249,1,1,1,1,1,0,1,1,0,1,1,1,10
107250,1,1,1,1,1,1,1,1,1,1,0,0,9
107251,1,1,1,0,0,0,0,0,0,0,0,0,2
107252,1,0,0,0,0,0,0,0,0,0,0,0,0
107253,1,1,0,0,0,0,0,0,0,0,0,0,1
107254,1,1,1,1,0,0,0,0,0,0,0,0,3
107255,1,0,0,0,0,0,0,0,0,0,0,0,0
107256,1,0,1,0,0,0,0,0,0,0,0,0,2
107257,1,0,1,0,0,0,0,0,0,0,0,0,2
107258,1,0,0,0,0,0,0,0,0,0,0,0,0
107259,1,1,0,0,0,0,0,0,0,0,0,0,1
107260,1,1,1,1,1,1,1,1,0,1,0,1,9
107261,1,0,0,0,0,0,0,0,0,0,0,0,0
107262,1,1,1,1,0,0,0,0,0,0,0,0,3
107263,1,1,1,1,1,1,1,0,1,1,1,1,10
107264,1,0,1,0,0,0,0,0,0,1,0,0,9
107265,1,0,1,1,0,0,1,0,0,1,1,1,10
107266,1,1,0,1,1,0,0,1,0,0,0,0,7
107267,1,0,0,0,0,0,0,0,0,0,0,0,0
107268,1,1,1,1,1,1,1,1,1,1,1,1,10
107269,1,1,0,0,0,0,0,0,0,0,0,0,1
107270,1,1,1,1,1,1,1,0,1,0,1,0,10
107271,1,1,0,0,0,0,0,0,0,0,0,0,1
107272,1,1,0,1,0,1,0,0,0,1,0,0,9
107273,1,0,0,0,0,0,0,0,0,0,0,0,0
107274,1,0,0,0,0,0,0,0,0,0,0,0,0
107275,1,0,0,0,0,0,0,0,0,0,0,0,0
107276,1,1,1,0,0,1,1,0,0,0,0,0,6
107277,1,1,1,1,1,1,1,1,1,1,1,0,10
107278,1,0,0,0,0,0,0,0,0,0,0,0,0
107279,1,1,1,1,1,1,0,1,0,0,0,0,7
107280,1,0,0,0,0,0,0,0,0,0,0,0,0
107281,1,0,0,0,0,0,0,0,0,0,0,0,0
107282,1,1,1,0,1,1,1,0,1,1,1,1,10
107283,1,0,0,0,0,0,0,0,0,0,0,0,0
107284,1,1,1,0,0,0,0,0,0,0,0,0,2
107285,1,1,0,0,0,0,0,0,0,0,1,0,10
107286,1,0,0,0,0,0,0,0,0,0,0,0,0
107287,1,0,0,0,0,0,0,0,0,0,0,0,0
107288,1,0,0,1,0,0,0,0,0,0,0,0,3
107289,1,1,0,0,0,0,0,0,0,0,0,0,1
107290,1,1,0,0,0,0,0,0,0,0,0,0,1
107291,1,0,0,0,0,0,0,0,0,0,0,0,0
107292,1,1,0,0,0,0,0,0,0,0,0,0,1
107293,1,0,0,0,0,0,0,0,0,0,0,0,0
107294,1,0,0,0,0,0,0,0,0,0,0,0,0
107295,1,1,1,1,0,0,0,0,0,0,0,0,3
107296,1,1,0,0,0,1,0,1,0,1,0,0,9
107297,1,0,0,0,0,0,0,0,0,0,0,0,0
107298,1,0,0,0,0,0,0,0,0,0,0,0,0
107299,1,0,0,0,0,0,0,0,0,0,0,0,0
107300,1,1,0,0,0,0,0,0,0,0,0,0,1
107301,1,1,1,1,1,1,1,1,1,1,1,1,10
107302,1,0,0,0,0,0,0,0,0,0,0,0,0
107303,1,0,0,0,0,0,0,0,0,0,0,0,0
107304,1,0,0,0,0,0,0,0,0,0,0,0,0
107305,1,1,1,0,0,1,0,0,0,0,0,0,5
107306,1,1,1,1,1,1,0,0,0,1,0,1,9
107307,1,0,0,0,0,1,1,1,0,0,0,0,7
107308,1,0,0,0,0,0,0,0,0,0,0,0,0
107309,1,1,0,1,1,1,0,1,0,0,0,0,7
107310,1,0,0,0,0,1,1,1,1,1,1,1,10
107311,1,0,0,0,0,0,0,0,0,0,0,0,0
107312,1,0,0,0,0,0,0,0,0,0,0,0,0
107313,1,1,0,0,0,0,0,0,0,0,0,0,1
107314,1,0,0,0,0,0,0,0,0,0,0,0,0
107315,1,0,0,0,0,0,0,0,0,0,0,0,0
107316,1,0,1,1,0,1,1,1,0,1,0,0,9
107317,1,1,1,1,1,1,1,1,1,1,1,1,10
107318,1,1,1,1,0,0,0,0,0,1,0,0,9
107319,1,1,1,0,0,0,1,1,1,1,0,1,9
107320,1,1,1,1,1,0,0,0,0,0,0,0,4
107321,1,1,1,0,0,0,1,1,1,1,1,0,10
107322,1,1,1,0,0,0,0,1,0,0,0,0,7
107323,1,1,1,1,0,0,0,0,1,0,0,0,8
107324,1,1,1,1,1,1,1,0,0,1,0,0,9
107325,1,1,0,0,0,0,0,0,0,0,0,0,1
107326,1,1,1,1,1,0,1,1,1,1,1,0,10
107327,1,1,1,1,1,0,0,0,0,0,0,0,4
107328,1,0,0,0,0,0,0,0,0,0,0,0,0
107329,1,1,1,1,0,0,0,0,0,0,0,0,3
107330,1,1,0,0,1,0,0,0,0,0,0,0,4
107331,1,1,0,0,0,0,0,0,0,0,0,0,1
107332,1,1,1,0,0,0,0,0,0,0,0,0,2
107333,1,0,0,0,0,0,0,0,0,0,0,0,0
107334,1,1,1,1,0,1,1,0,0,0,0,0,6
107335,1,1,1,1,1,1,1,1,1,1,0,0,9
107336,1,1,1,1,1,1,1,1,1,0,0,0,8
107337,1,0,0,1,0,0,0,0,0,0,0,0,3
107338,1,0,0,0,0,0,0,0,0,0,0,0,0
107339,1,1,1,1,0,0,0,0,0,0,0,0,3
107340,1,1,0,1,1,1,1,0,0,0,0,0,6
107341,1,1,1,1,1,1,1,1,0,0,1,0,10
107342,1,1,1,1,1,1,1,0,0,0,1,0,10
107343,1,1,1,1,1,1,1,1,1,0,0,0,8
107344,1,1,1,0,0,0,0,0,0,0,1,0,10
107345,1,0,0,0,0,0,0,0,0,0,0,0,0
107346,1,0,0,0,0,0,0,0,0,0,0,0,0
107347,1,1,1,1,0,0,0,0,0,0,0,0,3
107348,1,0,0,0,0,0,0,0,0,0,0,0,0
107349,1,0,0,0,0,0,0,0,0,0,0,0,0
107350,1,1,1,1,0,1,0,0,1,1,0,1,9
107351,1,1,1,1,1,1,1,1,1,0,0,0,8
107352,1,1,1,1,1,1,1,1,1,1,1,0,10
107353,1,1,1,1,0,0,0,0,0,0,0,0,3
107354,1,0,0,1,0,0,0,0,0,0,1,0,10
107355,1,1,0,1,0,0,0,0,0,0,1,1,10
107356,1,0,0,0,0,0,0,0,0,0,0,0,0
107357,1,1,1,0,0,0,0,0,0,0,0,0,2
107358,1,0,0,0,0,0,0,0,0,0,0,0,0
107359,1,0,0,0,0,0,0,0,0,0,0,0,0
107360,1,1,1,1,0,0,0,1,0,1,0,0,9
107361,1,1,1,1,1,1,1,1,1,1,1,0,10
107362,1,0,0,0,0,0,0,0,0,0,0,0,0
107363,1,0,0,0,0,0,0,0,0,0,0,0,0
107364,1,0,0,0,0,0,0,0,0,0,0,0,0
107365,1,0,0,0,0,0,0,0,0,0,0,0,0
107366,1,1,0,0,0,0,0,0,0,0,0,0,1
107367,1,0,0,0,0,0,0,0,0,0,0,0,0
107368,1,1,1,0,0,0,0,0,0,0,0,0,2
107369,1,0,0,0,0,0,0,0,0,0,0,0,0
107370,1,0,0,0,0,0,0,0,0,0,0,0,0
107371,1,0,0,0,0,0,0,0,0,0,0,0,0
107372,1,0,1,1,1,1,1,1,1,1,1,0,10
107373,1,1,1,1,1,1,1,1,1,1,1,1,10
107374,1,1,0,0,0,0,0,0,0,0,0,0,1
107375,1,0,0,0,0,0,0,0,0,0,0,0,0
107376,1,0,0,0,0,0,0,0,0,0,0,0,0
107377,1,1,1,1,1,1,1,0,1,1,0,0,9
107378,1,1,1,1,1,1,1,1,1,1,1,0,10
107379,1,1,1,1,1,1,1,1,1,1,1,0,10
107380,1,0,0,0,0,0,0,0,0,0,0,0,0
107381,1,1,1,1,1,1,1,1,1,0,0,0,8
107382,1,0,0,0,0,0,0,0,0,0,0,0,0
107383,1,1,0,0,0,0,0,0,0,0,0,0,1
107384,1,1,1,0,1,1,1,1,0,0,0,1,7
107385,1,1,1,1,1,1,1,1,1,1,1,1,10
107386,1,0,0,0,0,0,1,0,0,0,0,0,6
107387,1,0,1,0,0,0,0,0,0,0,0,0,2
107388,1,1,1,1,0,1,1,1,1,1,0,0,9
107389,1,0,0,0,0,0,0,0,0,0,0,0,0
107390,1,1,1,1,1,1,0,0,1,0,0,0,8
107391,1,0,0,0,0,0,0,0,0,0,0,0,0
107392,1,0,0,0,0,0,0,0,0,0,0,0,0
107393,1,0,0,0,0,0,0,0,0,0,0,0,0
107394,1,0,0,0,0,0,1,0,0,0,0,0,6
107395,1,1,0,0,0,0,0,0,0,0,0,0,1
107396,1,1,0,1,1,1,1,1,0,1,1,0,10
107397,1,0,0,0,0,0,0,0,0,0,0,0,0
107398,1,0,0,0,0,0,0,0,0,0,0,0,0
107399,1,1,1,0,1,1,1,1,1,1,1,0,10
107400,1,0,0,0,0,0,0,0,0,0,0,0,0
107401,1,0,0,1,0,0,0,0,0,0,0,0,3
107402,1,0,1,0,0,0,0,0,0,0,0,0,2
107403,1,1,1,0,1,1,1,1,1,1,1,0,10
107404,1,1,0,0,0,0,0,0,0,0,0,0,1
107405,1,0,0,0,0,0,0,0,0,0,0,0,0
107406,1,1,1,1,1,1,0,0,0,0,0,0,5
107407,1,0,1,1,0,0,0,0,0,0,0,0,3
107408,1,0,0,0,0,0,0,1,0,0,1,0,10
107409,1,1,0,0,0,0,0,0,0,0,0,0,1
107410,1,0,0,0,0,0,0,0,0,0,0,0,0
107411,1,1,0,1,0,0,0,0,0,0,0,0,3
107412,1,1,1,0,0,0,0,0,0,0,0,0,2
107413,1,1,1,0,1,0,1,1,0,0,0,0,7
107414,1,0,0,0,0,0,0,0,0,0,0,0,0
107415,1,0,0,1,0,0,0,0,0,0,0,0,3
107416,1,1,1,1,0,0,0,0,0,0,0,0,3
107417,1,0,0,0,0,0,0,0,0,0,0,0,0
107418,1,1,0,0,0,0,0,0,0,0,0,0,1
107419,1,0,0,0,0,0,0,0,0,0,0,0,0
107420,1,0,0,0,0,0,0,0,0,0,0,0,0
107421,1,1,1,1,1,1,0,0,0,0,0,0,5
107422,1,1,0,0,0,0,0,0,0,0,0,0,1
107423,1,1,1,1,0,0,0,0,0,0,0,0,3
107424,1,0,0,0,0,0,0,0,0,0,0,0,0
107425,1,1,1,1,1,1,1,1,1,1,1,1,10
107426,1,1,1,1,1,1,1,1,1,1,1,1,10
107427,1,1,1,0,0,0,0,0,0,0,0,0,2
107428,1,0,0,0,0,0,0,0,0,1,0,0,9
107429,1,0,0,1,0,0,0,0,1,0,0,0,8
107430,1,1,1,0,0,0,0,0,0,0,0,0,2
107431,1,1,1,0,0,0,0,0,0,0,0,0,2
107432,1,0,0,0,0,0,0,0,0,0,0,0,0
107433,1,1,1,1,1,0,0,0,0,0,0,0,4
107434,1,1,1,1,1,1,1,1,1,1,1,0,10
107435,1,0,0,0,0,0,0,0,0,0,0,0,0
107436,1,1,0,0,0,0,0,0,0,0,0,0,1
107437,1,1,0,0,0,0,0,0,0,0,0,0,1
107438,1,0,0,0,0,0,0,0,0,0,0,0,0
107439,1,0,0,0,1,1,1,1,1,1,0,1,9
107440,1,1,0,0,0,0,0,0,0,0,0,0,1
107441,1,0,0,0,0,0,1,0,0,0,0,0,6
107442,1,1,0,0,1,0,1,0,0,0,0,0,6
107443,1,1,0,0,0,0,0,0,0,0,0,0,1
107444,1,0,0,0,0,0,0,0,1,0,0,0,8
107445,1,1,1,1,1,1,1,1,1,1,1,1,10
107446,1,1,0,1,1,1,1,1,1,1,0,0,9
107447,1,1,1,1,1,1,1,1,1,1,0,0,9
107448,1,1,1,0,1,1,1,1,1,0,1,0,10
107449,1,1,1,1,1,1,1,0,0,0,0,0,6
107450,1,1,1,0,0,0,0,0,0,0,0,0,2
107451,1,1,0,0,0,0,0,0,0,0,0,0,1
107452,1,0,0,0,0,0,0,0,0,0,0,0,0
107453,1,1,1,1,1,1,1,1,1,1,1,0,10
107454,1,0,1,0,0,1,1,0,1,1,1,0,10
107455,1,0,1,1,1,0,0,0,0,1,1,0,10
107456,1,0,0,0,0,0,1,1,1,1,0,0,9
107457,1,1,1,1,1,0,0,0,0,0,0,0,4
107458,1,1,1,1,0,0,0,0,0,0,0,0,3
107459,1,1,1,0,1,1,0,0,0,0,0,0,5
107460,1,0,0,0,0,0,0,0,0,0,0,0,0
107461,1,0,0,1,0,0,0,0,0,0,0,0,3
107462,1,1,1,0,0,0,0,0,0,0,0,0,2
107463,1,1,1,0,0,0,0,0,0,0,0,0,2
107464,1,1,1,1,1,1,1,1,1,0,1,1,10
107465,1,0,1,0,0,0,0,1,0,0,0,0,7
107466,1,1,0,1,0,0,0,0,1,1,0,0,9
107467,1,1,1,1,1,1,1,0,0,0,0,0,6
107468,1,1,1,0,0,0,0,0,0,0,0,0,2
107469,1,0,0,1,0,0,1,0,0,0,0,0,6
107470,1,1,0,0,0,0,0,0,1,1,1,0,10
107471,1,0,0,0,0,0,0,0,0,0,0,0,0
107472,1,0,0,0,0,0,0,0,0,0,0,0,0
107473,1,1,1,1,1,1,1,1,1,1,0,0,9
107474,1,1,1,1,1,1,1,1,0,0,1,1,10
107475,1,0,0,0,0,0,0,0,0,0,0,0,0
107476,1,1,1,1,0,1,1,1,1,0,0,0,8
107477,1,0,1,1,1,1,1,1,1,1,1,0,10
107478,1,1,1,1,1,1,0,1,1,1,1,0,10
107479,1,1,0,0,0,0,0,1,0,0,0,0,7
107480,1,1,1,1,0,1,1,1,1,1,1,1,10
107481,1,1,1,1,1,1,1,0,0,0,0,0,6
107482,1,0,0,0,0,0,0,0,0,0,0,0,0
107483,1,1,1,0,0,1,0,1,1,0,0,0,8
107484,1,0,0,0,0,0,0,0,0,0,0,0,0
107485,1,0,0,0,0,0,0,0,0,0,0,0,0
107486,1,1,1,1,0,0,0,0,0,0,0,0,3
107487,1,0,0,0,0,0,0,0,0,0,0,0,0
107488,1,1,1,1,1,1,1,1,1,0,0,0,8
107489,1,1,1,1,1,1,1,1,0,0,0,0,7
107490,1,0,0,0,0,0,0,0,0,0,0,0,0
107491,1,0,0,1,0,0,0,0,0,0,0,0,3
107492,1,0,0,0,0,0,0,0,0,0,0,0,0
107493,1,0,0,0,0,0,0,0,0,0,0,0,0
107494,1,0,0,0,0,0,0,0,0,0,0,0,0
107495,1,1,0,0,0,0,0,0,0,0,0,0,1
107496,1,0,0,0,0,0,0,0,0,0,0,0,0
107497,1,1,0,0,0,1,1,0,0,0,0,0,6
107498,1,1,1,1,1,0,0,1,1,0,1,0,10
107499,1,1,0,0,0,0,0,0,0,0,0,0,1
107500,1,1,1,0,1,1,1,1,0,1,1,1,10
107501,1,1,1,1,1,1,1,1,1,0,0,0,8
107502,1,0,0,0,0,0,0,0,0,0,0,0,0
107503,1,1,1,1,0,1,1,0,1,0,1,0,10
107504,1,1,1,1,1,1,1,1,1,1,1,0,10
107505,1,1,1,1,1,1,1,1,1,1,1,1,10
107506,1,1,1,1,1,0,1,1,1,1,1,1,10
107507,1,0,1,0,0,1,1,1,1,1,1,0,10
107508,1,1,1,1,1,1,1,1,1,1,1,1,10
107509,1,1,1,1,1,1,1,1,1,1,1,1,10
107510,1,1,1,1,1,1,1,0,0,1,0,0,9
107511,1,0,0,0,0,0,0,0,0,0,0,0,0
107512,1,1,1,1,1,0,1,1,1,1,1,1,10
107513,1,0,0,0,0,0,0,0,0,0,0,0,0
107514,1,1,1,1,1,0,0,0,0,0,0,0,4
107515,1,1,1,0,0,1,1,1,1,1,1,1,10
107516,1,1,1,1,1,1,1,1,1,1,1,1,10
107517,1,1,1,1,1,1,1,1,1,1,1,0,10
107518,1,1,1,1,1,1,1,1,1,1,1,1,10
107519,1,0,0,1,1,1,1,1,1,1,0,0,9
107520,1,0,0,0,0,0,0,0,0,0,0,0,0
107521,1,1,0,0,0,0,0,0,0,0,0,0,1
107522,1,1,1,1,0,0,0,0,0,0,0,0,3
107523,1,1,1,1,1,1,1,1,1,1,1,1,10
107524,1,0,1,1,1,1,1,1,1,1,0,1,9
107525,1,1,1,0,0,0,0,0,0,0,0,0,2
107526,1,0,0,0,0,0,0,0,0,0,0,0,0
107527,1,1,0,0,0,0,0,0,0,0,0,0,1
107528,1,0,0,1,1,0,0,1,1,1,1,1,10
107529,1,1,1,0,1,1,1,1,1,1,0,1,9
107530,1,0,0,0,0,0,1,1,0,0,0,0,7
107531,1,1,1,1,1,0,0,0,0,0,0,0,4
107532,1,0,0,0,0,0,0,0,0,0,0,0,0
107533,1,1,1,1,1,0,0,0,0,0,0,0,4
107534,1,0,1,0,0,1,1,1,0,1,0,0,9
107535,1,0,0,0,0,0,0,1,1,0,1,0,10
107536,1,0,0,0,0,0,0,0,0,0,0,0,0
107537,1,0,0,0,0,0,0,0,0,0,0,0,0
107538,1,0,0,1,0,0,0,0,0,0,1,0,10
107539,1,0,0,1,1,0,0,0,0,0,0,0,4
107540,1,1,1,1,1,1,1,1,1,0,1,0,10
107541,1,0,0,0,0,0,0,0,0,0,0,0,0
107542,1,1,0,1,1,1,1,1,1,1,0,0,9
107543,1,0,1,0,0,0,0,1,0,1,1,1,10
107544,1,0,0,1,1,0,1,1,1,1,1,1,10
107545,1,1,1,0,0,0,0,0,1,0,1,1,10
107546,1,1,1,1,1,0,1,1,0,1,1,1,10
107547,1,1,1,1,0,1,1,1,1,1,1,0,10
107548,1,1,1,0,0,1,0,0,0,0,0,0,5
107549,1,1,0,0,0,0,0,0,0,0,0,0,1
107550,1,0,0,0,1,0,0,0,0,0,0,0,4
107551,1,0,0,0,0,0,0,0,0,0,0,0,0
107552,1,1,1,1,1,1,0,0,0,0,0,0,5
107553,1,0,0,0,1,0,0,1,0,1,0,1,9
107554,1,0,0,0,0,0,0,0,0,0,0,0,0
107555,1,1,1,0,0,0,1,0,0,0,0,0,6
107556,1,0,1,0,0,0,0,1,1,0,0,0,8
107557,1,0,1,1,0,0,0,1,0,0,0,0,7
107558,1,1,1,0,0,0,0,0,0,0,0,0,2
107559,1,0,0,0,0,0,0,0,0,0,0,0,0
107560,1,1,1,1,1,1,1,0,1,1,1,1,10
107561,1,1,1,0,1,1,0,0,0,0,0,0,5
107562,1,0,0,0,0,0,0,0,0,0,0,0,0
107563,1,0,1,1,1,0,0,0,0,0,0,0,4
107564,1,0,0,0,0,0,0,0,0,0,0,0,0
107565,1,0,0,0,0,0,0,0,0,0,0,0,0
107566,1,0,1,0,1,0,0,0,0,0,0,0,4
107567,1,0,1,1,0,0,0,0,0,0,0,0,3
107568,1,1,1,0,1,1,1,0,0,0,1,1,10
107569,1,1,1,1,0,0,0,0,0,0,0,0,3
107570,1,0,0,0,0,0,0,0,0,0,0,0,0
107571,1,1,1,1,1,1,0,0,0,0,0,0,5
107572,1,1,1,1,0,1,1,1,1,1,1,0,10
107573,1,1,0,1,1,1,1,1,1,1,0,1,9
107574,1,0,0,0,0,0,0,0,0,0,0,0,0
107575,1,0,1,0,0,0,0,0,0,0,0,0,2
107576,1,0,0,0,0,0,0,0,0,0,0,0,0
107577,1,1,1,0,0,0,0,0,0,0,0,0,2
107578,1,0,0,0,0,0,0,0,0,0,0,0,0
107579,1,0,0,0,0,0,0,0,0,0,0,0,0
107580,1,1,1,1,0,1,1,1,1,1,0,1,9
107581,1,1,1,1,0,0,0,0,0,0,0,0,3
107582,1,0,1,0,0,0,0,0,0,0,0,0,2
107583,1,1,1,1,0,0,0,0,1,1,1,1,10
107584,1,1,1,1,1,1,1,1,1,1,1,1,10
107585,1,1,0,0,0,0,0,0,0,0,0,0,1
107586,1,1,1,1,0,1,0,0,1,1,0,0,9
107587,1,1,1,1,1,1,1,0,0,0,0,0,6
107588,1,1,0,1,0,0,0,0,0,0,0,0,3
107589,1,0,1,0,0,0,0,0,0,0,1,0,10
107590,1,0,0,0,0,0,0,0,0,0,0,0,0
107591,1,0,1,0,0,1,0,0,0,0,0,0,5
107592,1,0,0,0,0,0,0,0,0,0,0,0,0
107593,1,0,0,0,0,0,0,0,0,0,0,0,0
107594,1,0,0,0,0,0,0,0,0,0,0,0,0
107595,1,0,0,0,1,1,1,1,1,1,0,0,9
107596,1,1,1,0,0,0,0,0,0,0,0,0,2
107597,1,1,0,0,1,1,1,1,1,1,1,1,10
107598,1,1,0,0,1,1,1,1,1,1,1,1,10
107599,1,0,0,0,0,0,0,0,0,0,0,0,0
107600,1,0,0,0,0,0,0,0,0,0,0,0,0
107601,1,1,1,0,1,0,0,0,1,1,1,0,10
107602,1,0,0,1,0,0,0,0,0,0,0,0,3
107603,1,0,0,0,0,0,0,0,0,0,0,0,0
107604,1,0,0,0,0,0,0,1,1,1,1,1,10
107605,1,1,1,1,0,1,1,0,1,1,1,1,10
107606,1,0,0,0,0,0,0,0,0,0,0,0,0
107607,1,1,1,1,0,1,0,0,0,0,0,0,5
107608,1,1,0,0,0,0,0,0,0,0,0,0,1
107609,1,1,0,0,0,0,0,0,0,0,0,0,1
107610,1,0,0,0,0,0,0,0,0,0,0,0,0
107611,1,1,1,1,1,1,0,0,0,0,0,0,5
107612,1,1,0,0,0,0,0,0,1,0,0,0,8
107613,1,0,1,1,1,0,0,0,0,0,0,0,4
107614,1,0,0,0,0,0,0,0,0,0,0,0,0
107615,1,1,1,0,1,0,0,0,0,0,0,0,4
107616,1,0,1,0,0,0,0,0,0,0,0,0,2
107617,1,1,1,1,1,1,1,1,1,1,1,1,10
107618,1,1,1,0,0,0,0,0,0,0,0,0,2
107619,1,0,0,0,0,0,0,1,0,0,1,0,10
107620,1,1,0,0,0,0,0,0,1,0,0,0,8
107621,1,0,0,0,0,0,0,0,0,0,0,0,0
107622,1,0,0,0,0,0,0,0,0,0,0,0,0
107623,1,1,1,1,1,1,1,1,1,1,1,1,10
107624,1,0,1,1,1,1,1,0,0,0,1,1,10
107625,1,1,1,1,1,1,1,1,1,1,1,1,10
107626,1,0,0,0,0,0,0,0,0,0,0,0,0
107627,1,1,1,1,0,1,1,0,0,0,1,1,10
107628,1,1,0,0,0,0,0,0,1,0,0,0,8
107629,1,1,1,1,1,1,1,0,1,0,0,0,8
107630,1,1,1,1,1,1,1,1,1,1,1,1,10
107631,1,0,0,0,0,0,0,0,0,0,0,0,0
107632,1,1,0,0,0,0,0,0,0,0,0,0,1
107633,1,0,0,0,0,0,0,0,0,0,0,0,0
107634,1,0,0,0,0,0,0,0,0,0,0,0,0
107635,1,0,0,0,0,0,0,0,0,0,0,0,0
107636,1,0,0,0,0,0,0,0,0,0,0,0,0
107637,1,1,1,0,0,0,0,0,0,0,0,0,2
107638,1,0,0,0,0,0,0,0,0,0,0,0,0
107639,1,1,1,0,0,0,0,0,0,0,0,0,2
107640,1,1,0,0,0,0,0,0,0,0,0,0,1
107641,1,0,0,0,0,0,0,0,0,0,0,0,0
107642,1,1,1,1,1,1,1,1,1,0,1,0,10
107643,1,0,0,1,1,1,0,1,1,1,1,1,10
107644,1,1,1,1,1,0,0,1,0,1,1,0,10
107645,1,0,0,0,0,0,0,0,0,0,0,0,0
107646,1,1,0,0,0,0,0,0,0,0,1,0,10
107647,1,1,1,1,0,0,1,0,0,0,0,0,6
107648,1,1,1,1,1,1,1,1,1,0,1,0,10
107649,1,0,0,1,0,1,0,1,1,1,1,1,10
107650,1,1,0,0,0,0,0,0,0,0,0,0,1
107651,1,1,0,0,0,1,0,0,0,0,0,0,5
107652,1,1,1,1,1,1,0,0,1,1,1,1,10
107653,1,0,0,0,0,0,0,0,0,0,0,0,0
107654,1,1,1,1,1,0,1,0,0,0,1,1,10
107655,1,1,0,0,0,0,0,0,0,0,0,0,1
107656,1,1,1,1,1,1,0,0,0,0,0,0,5
107657,1,0,1,1,1,1,1,1,1,0,0,0,8
107658,1,0,0,1,1,0,0,0,0,0,0,0,4
107659,1,0,0,0,0,0,0,0,0,0,0,0,0
107660,1,0,1,0,0,0,0,0,0,0,0,0,2
107661,1,0,0,0,1,1,1,1,1,1,1,0,10
107662,1,1,0,1,0,0,1,0,1,1,1,1,10
107663,1,0,0,0,0,0,0,0,0,0,0,0,0
107664,1,1,0,0,0,0,0,0,0,0,0,0,1
107665,1,1,0,0,0,0,0,0,0,0,0,0,1
107666,1,1,0,0,1,1,1,1,1,0,1,0,10
107667,1,0,0,0,0,0,0,0,0,0,0,0,0
107668,1,0,0,0,0,0,0,0,0,0,0,0,0
107669,1,1,0,0,0,0,0,0,0,0,0,0,1
107670,1,1,1,1,1,0,0,0,0,0,0,0,4
107671,1,0,0,0,0,0,0,0,0,0,0,0,0
107672,1,1,0,0,1,1,0,1,0,1,0,0,9
107673,1,0,0,0,0,0,0,0,0,0,0,0,0
107674,1,0,0,0,1,0,0,0,0,0,0,0,4
107675,1,1,1,0,1,1,0,0,0,0,0,1,5
107676,1,0,0,0,0,0,0,0,0,0,0,0,0
107677,1,0,0,0,0,0,0,0,0,0,0,0,0
107678,1,1,0,0,0,0,0,0,0,0,0,0,1
107679,1,0,0,0,0,0,0,0,0,0,0,0,0
107680,1,1,1,1,1,1,0,0,0,0,0,0,5
107681,1,1,1,1,1,1,1,1,0,0,0,0,7
107682,1,0,0,0,0,0,0,0,0,0,0,0,0
107683,1,1,1,0,1,0,0,0,0,0,0,0,4
107684,1,0,1,1,0,1,1,1,1,1,1,0,10
107685,1,1,1,1,1,0,0,0,0,0,0,0,4
107686,1,1,1,1,1,0,0,0,0,0,0,0,4
107687,1,0,1,1,0,1,0,1,1,1,1,0,10
107688,1,1,1,0,0,0,0,0,0,0,0,0,2
107689,1,1,1,1,1,1,0,0,0,0,0,0,5
107690,1,0,0,0,0,0,0,0,0,0,0,0,0
107691,1,1,0,1,0,0,0,0,0,0,0,0,3
107692,1,0,1,1,1,1,1,1,1,1,1,1,10
107693,1,1,1,1,1,1,1,1,0,0,1,0,10
107694,1,0,0,0,0,0,0,0,0,0,0,0,0
107695,1,0,0,0,0,0,0,0,0,0,0,0,0
107696,1,0,0,0,0,0,0,0,0,0,0,0,0
107697,1,0,0,0,0,0,0,0,0,0,0,0,0
107698,1,1,0,0,0,0,0,0,0,0,0,0,1
107699,1,0,0,0,0,1,0,0,0,0,0,0,5
107700,1,0,0,0,0,1,0,1,1,1,1,1,10
107701,1,0,0,0,0,0,0,0,0,0,0,0,0
107702,1,0,0,0,0,0,0,0,0,1,0,0,9
107703,1,0,0,0,0,0,0,0,0,0,0,0,0
107704,1,0,0,0,0,0,0,0,0,0,0,0,0
107705,1,0,1,1,0,0,0,0,0,1,0,0,9
107706,1,0,0,0,0,0,1,0,0,0,0,0,6
107707,1,0,0,1,1,1,1,1,0,0,1,0,10
107708,1,1,1,1,1,1,1,0,0,0,0,0,6
107709,1,0,0,0,0,0,0,0,0,0,0,0,0
107710,1,0,0,0,0,0,0,0,0,0,0,0,0
107711,1,1,0,0,0,0,0,0,0,0,0,0,1
107712,1,1,1,1,1,1,1,1,1,1,0,0,9
107713,1,1,1,0,0,0,0,0,0,0,0,0,2
107714,1,1,0,0,0,0,0,0,0,0,0,0,1
107715,1,1,0,0,0,0,0,0,0,0,0,1,1
107716,1,1,0,0,0,0,0,0,0,0,0,0,1
107717,1,0,0,0,0,0,0,0,0,0,0,0,0
107718,1,0,0,0,0,0,0,0,0,0,0,0,0
107719,1,1,1,1,1,1,0,0,1,1,1,1,10
107720,1,1,0,1,1,1,1,0,0,0,1,1,10
107721,1,1,0,0,0,0,0,0,0,0,0,0,1
107722,1,0,0,0,0,0,0,1,0,0,0,0,7
107723,1,1,0,0,0,0,0,0,0,0,0,0,1
107724,1,1,0,0,0,0,0,0,0,0,0,0,1
107725,1,1,1,1,1,1,1,1,1,1,1,1,10
107726,1,0,0,0,0,0,0,0,0,0,0,0,0
107727,1,1,1,1,0,0,0,0,0,0,0,0,3
107728,1,1,0,0,0,1,0,0,0,0,0,0,5
107729,1,0,0,0,0,0,0,0,0,0,0,0,0
107730,1,0,0,0,0,0,0,0,0,0,0,0,0
107731,1,0,1,0,1,1,1,1,0,0,0,0,7
107732,1,0,0,0,0,0,0,0,0,0,0,0,0
107733,1,0,0,0,0,0,0,0,0,0,0,0,0
107734,1,0,0,0,0,0,0,0,0,0,0,0,0
107735,1,0,0,0,0,0,0,0,0,0,0,1,0
107736,1,0,0,0,0,0,0,0,0,0,0,0,0
107737,1,0,0,0,0,0,0,0,0,0,0,0,0
107738,1,1,0,0,0,0,0,0,0,0,0,0,1
107739,1,0,0,0,0,1,1,1,1,1,1,1,10
107740,1,1,0,0,0,0,0,0,0,0,0,0,1
107741,1,1,0,0,0,0,0,0,0,0,0,0,1
107742,1,0,0,0,0,0,0,0,0,0,0,0,0
107743,1,1,0,0,0,0,0,0,0,0,0,0,1
107744,1,0,0,0,0,0,0,0,0,0,0,0,0
107745,1,0,0,0,0,0,0,1,0,0,0,0,7
107746,1,1,0,1,0,0,0,0,0,0,0,0,3
107747,1,1,1,1,1,1,1,1,1,1,1,1,10
107748,1,1,1,1,0,1,1,1,0,0,0,0,7
107749,1,1,1,1,1,1,0,0,0,0,0,0,5
107750,1,1,1,1,1,1,1,1,0,0,0,1,7
107751,1,1,1,0,1,1,1,1,1,0,1,1,10
107752,1,1,0,0,1,0,1,1,0,1,1,1,10
107753,1,0,0,0,0,0,1,1,0,0,0,0,7
107754,1,0,0,0,0,0,0,0,0,0,0,0,0
107755,1,1,1,1,1,1,0,1,1,1,1,1,10
107756,1,1,0,0,0,0,0,0,0,0,0,0,1
107757,1,0,0,0,0,0,0,0,0,0,0,0,0
107758,1,1,1,1,1,1,1,1,1,1,1,1,10
107759,1,0,0,0,1,0,0,0,0,0,0,0,4
107760,1,0,0,1,0,0,0,0,0,0,0,0,3
107761,1,1,1,0,0,0,0,0,0,0,0,0,2
107762,1,1,0,0,0,0,0,0,0,0,0,0,1
107763,1,0,0,0,0,0,0,1,1,1,1,0,10
107764,1,1,1,1,1,1,0,1,0,1,0,0,9
107765,1,0,0,0,0,0,0,1,1,1,0,0,9
107766,1,1,0,0,0,0,0,0,0,0,0,0,1
107767,1,1,0,0,0,0,0,0,0,0,0,0,1
107768,1,1,1,1,1,0,0,0,0,0,0,0,4
107769,1,1,1,1,1,0,0,0,0,0,0,0,4
107770,1,1,1,1,0,1,0,1,1,1,1,1,10
107771,1,0,0,0,0,0,0,0,0,0,0,0,0
107772,1,1,0,0,0,0,0,0,0,0,0,0,1
107773,1,1,0,0,0,0,0,0,0,0,0,0,1
107774,1,1,1,1,1,1,1,1,1,0,0,0,8
107775,1,1,0,1,0,0,0,0,0,0,0,0,3
107776,1,0,0,0,0,0,0,0,0,0,0,0,0
107777,1,1,0,0,0,0,0,0,0,0,0,0,1
107778,1,0,0,0,0,0,1,0,0,0,0,0,6
107779,1,1,1,0,0,0,0,0,0,0,0,0,2
107780,1,0,1,1,1,1,0,0,0,0,0,0,5
107781,1,0,0,1,1,1,1,0,1,1,1,1,10
107782,1,1,1,1,0,0,0,0,0,0,0,0,3
107783,1,1,1,1,0,0,0,0,0,0,0,0,3
107784,1,0,1,0,0,1,0,0,0,0,0,0,5
107785,1,1,0,0,0,0,0,0,0,0,0,0,1
107786,1,1,0,0,0,1,1,0,1,1,0,0,9
107787,1,1,1,1,1,1,1,1,1,1,1,0,10
107788,1,1,0,0,0,0,0,0,0,0,0,0,1
107789,1,0,0,0,0,0,0,1,1,1,1,1,10
107790,1,0,0,0,1,1,1,0,0,0,0,0,6
107791,1,0,0,0,0,0,0,0,0,0,0,0,0
107792,1,0,0,0,0,0,0,0,0,0,0,0,0
107793,1,1,1,1,1,1,1,1,1,1,1,1,10
107794,1,1,0,0,0,0,0,0,0,0,0,0,1
107795,1,1,1,1,1,1,1,1,1,1,1,1,10
107796,1,1,1,1,0,0,0,0,0,0,0,0,3
107797,1,0,0,0,0,0,0,0,0,0,0,0,0
107798,1,0,0,0,0,0,0,0,0,0,0,0,0
107799,1,0,0,0,0,0,0,0,0,0,0,0,0
107800,1,1,1,0,0,0,0,1,1,1,1,0,10
107801,1,1,1,0,0,0,0,0,0,0,0,0,2
107802,1,1,0,0,0,0,0,0,0,0,0,0,1
107803,1,0,0,0,0,0,0,0,0,0,0,0,0
107804,1,1,1,1,1,1,1,1,1,1,1,1,10
107805,1,1,0,0,0,0,0,0,0,0,0,0,1
107806,1,1,1,1,1,1,1,1,0,0,0,0,7
107807,1,1,1,1,1,1,0,1,1,1,1,1,10
107808,1,1,1,0,0,0,0,0,0,0,0,0,2
107809,1,0,1,1,0,0,0,0,0,0,0,0,3
107810,1,0,0,1,1,0,0,0,0,0,0,0,4
107811,1,0,0,0,0,0,0,0,0,0,0,0,0
107812,1,0,0,0,0,1,1,0,0,0,0,0,6
107813,1,1,1,1,1,1,1,1,1,1,1,1,10
107814,1,0,0,0,0,1,1,0,0,0,0,1,6
107815,1,1,1,1,1,1,0,1,0,0,0,0,7
107816,1,0,0,0,0,0,1,1,1,1,1,1,10
107817,1,0,0,1,0,1,1,1,1,1,1,0,10
107818,1,0,0,0,0,0,0,0,0,0,0,0,0
107819,1,0,0,0,0,0,0,0,0,0,0,0,0
107820,1,0,0,0,0,0,0,0,0,0,0,0,0
107821,1,0,1,0,0,0,0,0,0,0,0,0,2
107822,1,0,0,0,0,0,0,0,0,0,0,0,0
107823,1,1,1,1,0,1,1,1,1,1,1,1,10
107824,1,1,0,0,0,0,0,0,0,0,0,0,1
107825,1,0,0,0,0,0,0,0,0,0,0,0,0
107826,1,1,0,1,1,1,1,1,1,1,1,0,10
107827,1,0,0,1,0,0,0,0,0,0,0,0,3
107828,1,1,1,1,1,1,1,1,1,1,0,1,9
107829,1,1,1,1,1,1,1,1,1,1,1,1,10
107830,1,0,0,0,0,0,0,0,0,0,0,0,0
107831,1,1,0,0,1,1,0,0,0,0,0,0,5
107832,1,0,0,1,0,0,1,1,1,0,0,0,8
107833,1,0,0,0,0,0,0,0,0,0,0,0,0
107834,1,1,1,0,0,0,0,0,0,0,0,0,2
107835,1,1,1,0,1,0,1,0,0,0,0,0,6
107836,1,0,1,0,0,0,1,1,1,1,1,1,10
107837,1,0,0,0,0,0,0,0,0,0,0,0,0
107838,1,1,0,1,0,0,0,0,0,0,0,0,3
107839,1,1,1,1,1,1,1,1,1,1,1,1,10
107840,1,1,0,1,0,0,1,0,1,0,0,1,8
107841,1,0,0,0,0,0,0,0,0,0,0,0,0
107842,1,1,1,1,1,1,0,1,1,1,0,1,9
107843,1,0,0,0,0,0,0,0,0,0,0,0,0
107844,1,1,1,0,0,0,0,0,0,0,0,0,2
107845,1,0,0,0,0,0,0,0,0,0,0,0,0
107846,1,1,1,0,0,0,0,0,0,0,0,0,2
107847,1,1,0,1,0,0,0,0,0,0,0,0,3
107848,1,0,1,1,0,1,1,0,0,1,1,0,10
107849,1,0,1,0,0,0,0,0,0,0,0,0,2
107850,1,0,0,0,0,0,0,0,0,0,0,0,0
107851,1,1,0,0,0,0,0,1,1,0,0,0,8
107852,1,0,0,0,0,0,0,0,0,0,0,0,0
107853,1,1,1,0,0,0,0,0,0,0,0,0,2
107854,1,0,0,0,0,0,0,0,0,0,0,0,0
107855,1,1,1,1,1,1,1,1,1,1,1,1,10
107856,1,0,0,0,0,0,0,0,0,0,0,0,0
107857,1,1,1,0,1,1,1,1,1,1,1,1,10
107858,1,0,1,0,0,0,0,0,0,0,0,0,2
107859,1,1,1,1,1,1,1,1,1,1,1,0,10
107860,1,1,0,1,1,1,1,1,1,0,0,0,8
107861,1,1,1,1,1,1,1,0,0,1,1,1,10
107862,1,1,0,0,0,0,0,0,0,0,0,0,1
107863,1,1,1,1,1,0,1,1,1,1,1,0,10
107864,1,0,0,0,1,1,0,1,0,0,0,0,7
107865,1,1,1,0,0,0,0,0,0,0,0,0,2
107866,1,1,0,0,1,0,0,0,0,0,0,0,4
107867,1,0,0,0,0,0,0,0,0,0,0,0,0
107868,1,1,1,0,0,0,0,0,0,0,0,0,2
107869,1,1,1,1,1,1,1,1,1,1,1,1,10
107870,1,0,1,1,1,1,0,0,0,1,1,1,10
107871,1,1,1,0,0,0,0,0,0,0,0,0,2
107872,1,1,0,0,0,0,0,0,1,1,1,0,10
107873,1,0,0,0,0,0,0,0,0,0,0,0,0
107874,1,1,0,0,0,0,0,0,0,0,0,0,1
107875,1,1,1,1,1,1,1,1,1,0,0,0,8
107876,1,1,1,1,1,0,0,0,0,0,0,1,4
107877,1,0,0,1,1,1,1,1,1,1,1,1,10
107878,1,1,0,0,0,0,0,0,0,0,0,0,1
107879,1,1,1,1,0,1,1,1,1,1,0,0,9
107880,1,0,0,0,0,0,0,0,0,0,0,0,0
107881,1,0,0,0,0,0,0,0,0,0,0,0,0
107882,1,0,0,0,0,0,0,0,0,0,0,0,0
107883,1,1,0,0,0,1,1,0,1,1,1,0,10
107884,1,0,0,1,1,1,1,0,0,0,0,0,6
107885,1,1,1,0,0,0,0,0,0,0,0,0,2
107886,1,0,0,0,0,0,0,0,0,0,0,0,0
107887,1,1,1,0,0,0,0,0,0,0,0,0,2
107888,1,1,1,0,0,1,0,1,1,0,0,0,8
107889,1,1,0,0,0,0,0,0,0,0,0,0,1
107890,1,0,0,0,0,0,0,0,0,0,0,0,0
107891,1,1,1,1,0,0,0,0,0,0,0,0,3
107892,1,1,0,1,0,0,0,0,0,0,0,0,3
107893,1,1,1,0,0,0,1,0,0,0,1,0,10
107894,1,0,0,0,0,0,0,0,0,0,0,0,0
107895,1,1,1,1,1,0,0,1,1,1,0,0,9
107896,1,1,1,1,0,0,0,0,0,0,0,0,3
107897,1,0,0,0,0,0,0,0,0,0,0,0,0
107898,1,0,0,0,0,0,0,0,0,0,0,0,0
107899,1,1,1,1,1,1,1,1,1,1,1,1,10
107900,1,1,1,0,1,0,1,0,0,0,0,0,6
107901,1,1,1,1,0,1,1,1,1,1,1,1,10
107902,1,1,1,1,1,1,1,1,1,1,0,1,9
107903,1,1,1,1,1,1,1,1,1,1,1,1,10
107904,1,0,0,0,0,0,0,0,0,0,0,0,0
107905,1,1,1,1,1,1,1,1,1,1,1,0,10
107906,1,1,1,1,1,1,1,1,1,1,1,1,10
107907,1,1,0,0,0,0,0,0,0,0,0,0,1
107908,1,1,1,1,1,0,0,0,0,0,0,0,4
107909,1,1,1,0,0,0,0,1,1,1,1,1,10
107910,1,0,0,0,0,0,0,0,0,0,0,0,0
107911,1,1,1,1,1,0,0,0,0,0,0,0,4
107912,1,0,0,0,0,0,0,0,0,0,0,0,0
107913,1,0,0,0,0,0,0,0,0,0,0,0,0
107914,1,1,0,1,1,1,1,1,1,1,1,1,10
107915,1,1,0,0,0,0,0,0,0,0,0,0,1
107916,1,0,1,1,1,1,1,1,1,1,1,1,10
107917,1,1,1,1,1,1,1,1,1,1,1,1,10
107918,1,0,0,0,0,0,0,0,0,0,0,0,0
107919,1,0,0,1,1,1,0,1,0,1,1,1,10
107920,1,1,0,0,0,0,0,0,0,0,0,0,1
107921,1,0,0,0,0,0,0,0,0,0,0,0,0
107922,1,1,1,0,0,0,0,0,0,1,0,0,9
107923,1,1,0,0,1,0,0,0,0,0,0,0,4
107924,1,1,0,0,0,0,0,0,0,0,0,0,1
107925,1,0,0,1,1,1,1,1,0,0,0,0,7
107926,1,0,1,1,0,0,0,0,1,0,1,0,10
107927,1,0,0,0,0,0,0,0,0,0,0,0,0
107928,1,1,1,1,0,0,0,0,0,0,0,0,3
107929,1,1,0,0,0,0,0,0,0,0,0,0,1
107930,1,1,1,1,1,1,0,0,0,0,0,0,5
107931,1,0,0,0,0,0,0,0,0,0,0,0,0
107932,1,1,1,1,1,0,1,0,0,1,1,0,10
107933,1,1,1,1,1,1,1,1,1,1,1,1,10
107934,1,1,1,1,1,0,0,0,0,0,0,0,4
107935,1,0,0,0,0,0,0,0,0,0,0,0,0
107936,1,0,0,0,1,1,1,1,1,1,1,1,10
107937,1,1,1,1,1,1,1,0,0,1,0,1,9
107938,1,1,1,1,1,1,1,1,1,1,0,0,9
107939,1,1,1,1,1,1,1,1,1,1,1,1,10
107940,1,0,0,0,0,0,0,0,0,0,0,0,0
107941,1,1,1,1,0,0,0,0,0,0,0,0,3
107942,1,1,1,0,0,0,0,0,0,0,0,0,2
107943,1,1,1,1,1,1,1,1,1,0,1,0,10
107944,1,1,1,1,1,0,0,0,0,0,0,0,4
107945,1,0,0,0,1,0,0,1,1,0,0,0,8
107946,1,1,0,0,0,1,1,0,0,1,0,1,9
107947,1,1,1,1,1,1,1,1,1,1,1,1,10
107948,1,1,0,0,0,0,0,0,1,0,0,0,8
107949,1,0,0,0,0,0,0,0,0,0,0,0,0
107950,1,1,0,0,0,0,0,0,0,0,0,0,1
107951,1,0,0,0,0,0,0,0,0,0,0,0,0
107952,1,0,0,0,0,0,0,0,0,0,0,0,0
107953,1,0,1,1,0,1,1,1,1,1,1,1,10
107954,1,0,0,0,0,0,0,0,0,0,0,0,0
107955,1,1,1,1,1,1,1,1,1,1,1,1,10
107956,1,1,0,1,0,0,0,0,0,0,0,0,3
107957,1,0,0,0,0,0,0,0,0,0,0,0,0
107958,1,0,0,0,0,0,0,0,0,0,0,0,0
107959,1,0,0,0,0,0,0,0,0,0,0,0,0
107960,1,1,0,0,0,0,0,0,0,0,0,0,1
107961,1,0,1,1,1,1,0,1,1,1,1,1,10
107962,1,1,1,0,0,0,0,0,0,0,0,0,2
107963,1,1,1,1,1,1,1,1,1,0,0,0,8
107964,1,0,0,0,0,0,0,0,0,0,0,0,0
107965,1,1,1,1,1,1,1,0,0,0,1,0,10
107966,1,0,0,0,0,0,0,0,0,0,0,0,0
107967,1,0,0,0,0,0,0,0,0,0,0,0,0
107968,1,1,0,1,1,0,1,0,1,0,1,0,10
107969,1,0,0,0,0,0,0,0,0,0,1,0,10
107970,1,1,1,1,1,0,0,0,0,0,0,0,4
107971,1,0,0,0,0,0,0,0,0,0,0,0,0
107972,1,0,0,0,0,0,0,0,0,0,0,0,0
107973,1,1,1,1,1,1,1,1,1,1,1,1,10
107974,1,0,0,0,1,1,0,1,1,1,1,1,10
107975,1,0,0,0,0,0,0,0,0,0,0,0,0
107976,1,0,0,0,0,0,0,0,0,0,0,0,0
107977,1,1,1,1,1,1,1,1,1,1,1,0,10
107978,1,1,1,1,1,1,1,1,0,1,0,1,9
107979,1,0,1,0,0,0,0,0,0,0,0,0,2
107980,1,0,0,0,0,0,0,0,0,0,0,0,0
107981,1,1,1,1,1,1,0,0,0,0,0,0,5
107982,1,1,1,1,1,1,1,1,1,1,1,1,10
107983,1,1,1,1,1,1,1,1,1,1,1,1,10
107984,1,0,0,0,0,0,0,0,0,0,0,0,0
107985,1,0,0,0,0,0,0,0,0,0,0,0,0
107986,1,0,1,1,1,1,0,1,0,0,1,0,10
107987,1,1,1,1,1,1,0,0,0,0,0,0,5
107988,1,1,1,1,1,1,1,1,0,0,1,1,10
107989,1,1,0,0,0,1,1,1,1,1,1,1,10
107990,1,1,0,0,0,0,0,0,0,0,0,0,1
107991,1,1,1,1,0,0,0,0,0,0,0,0,3
107992,1,0,0,0,0,0,0,0,0,0,0,0,0
107993,1,1,1,0,0,1,1,1,0,0,1,1,10
107994,1,0,0,1,1,0,1,0,0,0,0,0,6
107995,1,1,0,0,0,0,0,0,0,0,0,0,1
107996,1,1,1,0,0,0,0,0,0,0,0,0,2
107997,1,1,1,1,1,1,1,1,1,0,0,0,8
107998,1,0,0,0,0,0,0,0,0,0,0,0,0
107999,1,0,0,0,0,0,0,0,0,0,0,0,0
108000,1,1,1,1,1,1,1,1,1,1,0,0,9
108001,1,1,1,1,1,1,1,1,1,1,1,1,10
108002,1,1,1,0,1,0,0,0,0,0,0,0,4
108003,1,1,1,1,1,0,1,1,1,1,1,1,10
108004,1,1,1,1,1,1,1,1,1,1,1,1,10
108005,1,0,0,1,0,1,1,1,0,1,1,0,10
108006,1,0,0,0,0,0,0,0,0,0,0,0,0
108007,1,0,0,0,0,0,0,0,0,0,0,0,0
108008,1,0,0,1,1,1,0,0,0,0,0,0,5
108009,1,1,0,0,0,1,0,0,0,0,0,0,5
108010,1,1,1,1,0,0,0,0,0,0,0,0,3
108011,1,0,0,0,0,0,0,0,0,0,0,0,0
108012,1,0,0,0,0,0,0,1,0,0,0,0,7
108013,1,1,1,1,0,0,0,0,0,0,0,0,3
108014,1,0,1,0,0,0,0,0,0,0,0,0,2
108015,1,1,0,0,1,0,0,1,1,1,1,1,10
108016,1,1,1,1,1,1,1,1,0,1,1,0,10
108017,1,0,0,0,0,0,0,0,0,0,0,0,0
108018,1,1,1,1,1,1,1,1,1,1,1,1,10
108019,1,0,0,1,0,0,0,0,1,0,0,0,8
108020,1,0,1,1,1,1,0,0,0,0,0,0,5
108021,1,1,1,1,1,0,0,0,0,0,0,0,4
108022,1,1,0,0,0,0,0,0,0,0,0,0,1
108023,1,1,1,0,0,0,1,0,0,0,0,0,6
108024,1,0,0,0,0,0,0,0,0,0,0,0,0
108025,1,1,1,0,1,1,1,1,1,1,1,1,10
108026,1,0,1,0,0,0,0,0,0,0,0,0,2
108027,1,0,0,1,0,0,0,0,0,0,0,0,3
108028,1,1,1,1,1,1,0,0,0,0,1,1,10
108029,1,0,0,0,0,1,1,1,0,0,0,0,7
108030,1,1,1,0,1,0,0,0,0,0,0,0,4
108031,1,0,0,0,0,0,0,0,0,0,0,0,0
108032,1,1,0,0,0,0,0,0,0,0,0,0,1
108033,1,0,0,0,1,0,0,0,0,0,0,0,4
108034,1,1,1,1,0,0,1,1,1,0,1,0,10
108035,1,0,0,0,0,0,0,0,0,0,0,0,0
108036,1,1,1,1,1,1,1,0,0,0,0,0,6
108037,1,1,1,1,1,1,0,1,1,0,0,0,8
108038,1,0,0,0,0,0,0,0,0,0,0,0,0
108039,1,0,0,0,1,0,1,0,0,0,0,0,6
108040,1,1,0,0,0,0,0,0,0,0,0,0,1
108041,1,1,1,1,1,1,1,1,1,1,0,0,9
108042,1,1,0,0,0,0,0,0,0,0,0,0,1
108043,1,0,0,0,0,0,0,0,0,0,0,0,0
108044,1,1,1,0,0,0,0,0,0,0,0,0,2
108045,1,0,0,0,0,0,0,0,1,0,0,0,8
108046,1,1,1,1,1,0,0,0,1,0,1,1,10
108047,1,1,1,1,1,1,1,1,1,1,0,0,9
108048,1,1,0,0,0,0,0,0,0,0,0,0,1
108049,1,0,0,0,0,1,1,0,0,0,0,0,6
108050,1,1,1,1,1,0,1,0,1,0,0,0,8
108051,1,0,0,0,0,0,0,0,0,0,0,0,0
108052,1,1,1,1,0,1,0,0,0,0,0,0,5
108053,1,0,0,0,0,0,0,0,0,0,0,0,0
108054,1,0,0,0,0,0,0,0,0,0,0,0,0
108055,1,1,1,0,0,0,0,0,0,0,0,0,2
108056,1,0,0,0,0,0,0,0,0,0,0,0,0
108057,1,0,1,0,0,0,0,0,0,0,0,0,2
108058,1,0,0,0,0,0,0,0,0,0,0,0,0
108059,1,1,1,1,1,1,0,0,0,0,0,0,5
108060,1,0,0,0,0,0,0,0,0,0,0,0,0
108061,1,1,1,1,0,0,0,0,0,0,0,0,3
108062,1,1,1,0,1,0,1,0,0,0,0,0,6
108063,1,0,0,0,0,0,0,0,0,0,0,0,0
108064,1,1,1,1,1,1,1,1,1,1,1,1,10
108065,1,1,0,0,0,0,0,0,0,0,0,0,1
108066,1,1,1,0,0,0,0,0,0,0,0,0,2
108067,1,0,0,0,0,0,1,0,0,0,0,0,6
108068,1,0,0,0,0,0,0,0,0,0,0,0,0
108069,1,1,0,0,0,0,0,0,0,1,0,0,9
108070,1,0,0,0,0,0,0,0,0,0,0,0,0
108071,1,1,0,1,0,1,1,0,0,1,0,0,9
108072,1,1,1,1,0,0,0,0,0,0,0,0,3
108073,1,1,1,0,0,0,0,0,0,0,0,0,2
108074,1,1,1,1,0,0,0,0,1,1,1,0,10
108075,1,1,1,1,1,1,0,1,1,1,0,1,9
108076,1,0,0,0,0,0,0,0,0,0,0,0,0
108077,1,1,1,1,0,0,0,0,0,1,1,0,10
108078,1,1,1,1,0,0,1,1,1,1,1,0,10
108079,1,0,0,0,1,0,0,0,0,0,0,0,4
108080,1,0,1,1,0,1,1,1,1,0,1,0,10
108081,1,1,1,0,0,1,0,0,0,0,1,1,10
108082,1,0,1,1,1,1,1,1,0,0,1,1,10
108083,1,0,0,0,0,0,0,0,0,0,0,0,0
108084,1,1,0,1,0,1,0,0,0,0,0,0,5
108085,1,0,0,0,0,0,0,0,0,0,0,0,0
108086,1,1,0,0,0,0,0,0,0,0,0,0,1
108087,1,1,1,0,0,1,1,0,0,0,0,0,6
108088,1,1,1,1,0,1,0,0,0,0,0,0,5
108089,1,1,1,0,0,0,0,0,0,0,0,0,2
108090,1,1,1,0,0,0,0,0,0,0,0,0,2
108091,1,1,1,1,1,1,1,1,0,0,0,0,7
108092,1,1,1,1,1,1,1,1,1,1,1,0,10
108093,1,1,1,0,1,0,1,1,1,1,1,1,10
108094,1,1,1,1,1,0,0,0,0,0,0,0,4
108095,1,1,0,0,1,1,1,1,1,1,1,1,10
108096,1,1,1,0,0,0,0,0,0,0,0,0,2
108097,1,1,1,1,1,1,0,0,0,0,0,0,5
108098,1,0,0,0,0,0,1,0,1,1,1,1,10
108099,1,0,0,0,0,0,0,1,1,1,1,1,10
108100,1,0,1,1,1,1,1,1,1,1,0,0,9
108101,1,0,1,1,1,1,1,1,1,1,1,1,10
108102,1,0,1,1,0,0,1,1,1,1,1,0,10
108103,1,0,0,0,0,0,0,0,0,0,0,0,0
108104,1,1,1,0,0,0,0,0,0,0,1,0,10
108105,1,1,0,0,0,0,0,0,0,0,0,0,1
108106,1,0,0,0,0,0,0,0,0,0,0,0,0
108107,1,1,0,1,0,0,0,0,0,0,0,0,3
108108,1,0,0,0,0,0,0,0,0,0,0,0,0
108109,1,1,1,0,0,0,1,1,0,0,0,0,7
108110,1,1,0,1,0,0,0,0,0,0,0,0,3
108111,1,1,1,1,1,1,1,0,0,0,0,0,6
108112,1,0,0,1,0,0,0,0,0,0,0,0,3
108113,1,1,1,1,1,1,1,0,1,1,1,1,10
108114,1,0,1,1,1,1,1,1,1,1,1,1,10
108115,1,1,1,1,1,0,0,0,1,0,0,0,8
108116,1,1,1,0,0,0,0,0,0,0,0,0,2
108117,1,1,0,0,0,0,0,0,0,0,0,0,1
108118,1,0,1,0,0,0,0,0,0,0,0,0,2
108119,1,1,1,0,0,1,1,0,0,1,1,1,10
108120,1,1,1,1,1,1,1,1,1,0,1,1,10
108121,1,1,1,1,1,1,1,1,1,1,1,1,10
108122,1,0,0,0,0,0,0,0,0,0,0,0,0
108123,1,1,0,0,1,1,1,1,1,0,0,0,8
108124,1,0,0,0,0,0,0,0,0,0,0,0,0
108125,1,1,1,1,1,1,1,1,1,1,1,1,10
108126,1,1,1,0,0,0,1,0,0,0,0,0,6
108127,1,1,1,1,1,1,1,1,1,1,1,1,10
108128,1,1,1,1,0,0,1,1,1,1,0,0,9
108129,1,1,1,1,1,1,1,1,1,1,1,1,10
108130,1,1,1,1,1,1,0,0,1,1,1,1,10
108131,1,1,0,1,0,0,0,0,0,0,0,0,3
108132,1,1,1,1,1,1,1,1,0,0,0,0,7
108133,1,0,0,0,0,0,0,0,0,0,0,0,0
108134,1,1,0,0,0,0,0,0,0,0,0,0,1
108135,1,0,0,0,0,0,0,0,0,0,0,0,0
108136,1,1,1,1,1,1,1,1,1,1,1,1,10
108137,1,1,1,1,1,1,1,1,1,1,0,1,9
108138,1,1,1,1,1,1,0,1,1,1,1,1,10
108139,1,0,0,0,0,0,0,0,1,0,0,0,8
108140,1,0,0,0,0,0,0,0,0,0,0,0,0
108141,1,1,1,0,1,1,1,1,1,0,0,0,8
108142,1,1,0,1,0,0,0,0,0,0,0,0,3
108143,1,0,0,0,0,0,0,0,0,0,0,0,0
108144,1,0,0,0,0,0,0,0,0,0,0,0,0
108145,1,1,1,0,1,1,1,0,0,0,0,0,6
108146,1,1,1,1,1,1,1,1,1,1,1,1,10
108147,1,1,1,0,1,1,1,1,1,1,0,1,9
108148,1,1,0,0,0,0,0,0,0,0,0,0,1
108149,1,0,0,0,0,0,0,0,0,0,0,0,0
108150,1,0,0,0,0,0,1,0,1,1,1,1,10
108151,1,0,1,1,1,1,1,0,0,0,0,0,6
108152,1,1,1,1,1,0,0,0,0,0,0,0,4
108153,1,0,1,1,1,1,1,1,1,0,1,1,10
108154,1,1,1,1,1,1,1,1,1,1,1,1,10
108155,1,0,0,0,1,1,0,0,0,0,0,0,5
108156,1,1,1,1,1,1,0,0,0,0,0,0,5
108157,1,1,1,0,0,0,0,0,0,0,0,0,2
108158,1,1,1,1,1,1,1,1,1,1,1,0,10
108159,1,1,0,0,0,0,0,0,0,0,0,0,1
108160,1,0,0,0,1,1,1,1,1,1,1,1,10
108161,1,0,0,1,0,1,1,0,0,0,0,0,6
108162,1,1,1,1,1,1,1,1,1,1,1,1,10
108163,1,1,1,1,1,1,1,1,1,1,1,1,10
108164,1,1,1,1,1,1,1,1,1,1,1,0,10
108165,1,1,1,1,1,1,1,1,1,1,1,1,10
108166,1,0,0,0,0,0,0,0,0,0,0,0,0
108167,1,1,1,1,1,1,0,1,0,0,1,0,10
108168,1,1,1,0,0,0,1,1,1,1,0,1,9
108169,1,1,1,1,1,1,1,1,1,1,1,1,10
108170,1,1,1,0,1,1,1,1,1,1,0,0,9
108171,1,0,0,1,1,0,1,0,1,0,0,0,8
108172,1,1,1,0,0,0,0,0,0,0,0,0,2
108173,1,1,1,1,1,1,1,1,1,1,1,0,10
108174,1,1,1,0,0,0,0,0,0,0,0,0,2
108175,1,0,0,0,0,0,0,1,0,0,0,0,7
108176,1,0,1,1,0,0,0,1,0,1,0,0,9
108177,1,0,0,0,0,0,0,0,0,0,0,0,0
108178,1,1,1,0,1,1,1,0,1,1,1,1,10
108179,1,1,1,1,1,1,0,0,0,0,0,0,5
108180,1,0,0,0,0,0,0,1,0,0,0,0,7
108181,1,1,1,1,1,1,1,1,1,1,1,1,10
108182,1,0,0,0,0,0,0,1,1,0,0,0,8
108183,1,1,1,1,1,1,1,1,1,1,1,1,10
108184,1,1,1,1,1,1,1,1,1,1,1,1,10
108185,1,0,0,0,0,0,0,1,1,1,1,1,10
108186,1,0,1,1,0,0,0,1,0,0,0,0,7
108187,1,1,1,0,0,0,0,0,0,0,0,0,2
108188,1,0,0,0,0,0,0,0,1,0,0,0,8
108189,1,0,0,0,0,0,0,0,0,0,0,0,0
108190,1,1,0,0,0,0,0,0,0,0,0,0,1
108191,1,1,1,1,1,1,1,1,1,1,1,1,10
108192,1,0,1,1,1,1,1,0,1,0,0,0,8
108193,1,0,0,0,0,0,0,0,0,0,0,0,0
108194,1,0,0,0,0,0,0,0,0,0,0,0,0
108195,1,0,0,0,0,0,0,0,0,0,0,0,0
108196,1,1,0,1,1,1,0,1,0,0,0,0,7
108197,1,1,0,0,0,0,0,0,0,0,0,0,1
108198,1,1,1,1,0,0,0,0,0,0,0,0,3
108199,1,0,0,0,0,0,1,0,1,1,0,0,9
108200,1,1,0,1,0,1,1,0,0,0,0,0,6
108201,1,0,0,0,0,0,0,0,0,0,0,0,0
108202,1,0,0,0,0,0,0,0,0,0,0,0,0
108203,1,1,1,1,1,1,1,0,1,0,1,1,10
108204,1,1,1,1,1,1,1,0,1,1,1,1,10
108205,1,1,1,0,0,0,0,1,1,1,1,1,10
108206,1,0,1,1,0,1,1,0,1,1,1,1,10
108207,1,0,1,0,0,0,0,0,0,0,0,0,2
108208,1,0,0,0,0,0,0,0,0,0,0,0,0
108209,1,0,0,0,0,0,0,0,0,0,0,0,0
108210,1,0,0,0,0,0,1,0,0,0,1,0,10
108211,1,0,1,1,0,0,0,0,0,0,0,0,3
108212,1,1,0,0,0,0,0,0,0,0,0,0,1
108213,1,1,1,1,1,1,1,0,0,1,1,0,10
108214,1,1,1,1,1,1,1,0,0,0,0,0,6
108215,1,0,0,0,1,1,1,1,1,0,1,1,10
108216,1,1,1,1,0,1,0,0,0,0,0,0,5
108217,1,0,0,0,0,0,0,0,0,0,0,0,0
108218,1,1,1,0,0,0,0,0,0,0,0,0,2
108219,1,0,0,0,0,0,0,0,0,0,0,0,0
108220,1,1,0,0,1,0,1,1,1,0,0,0,8
108221,1,1,0,0,0,0,0,0,0,0,0,0,1
108222,1,1,1,0,0,0,0,0,0,0,0,0,2
108223,1,1,1,1,0,0,0,0,0,1,0,0,9
108224,1,1,1,1,1,0,1,1,1,1,1,1,10
108225,1,0,1,0,0,0,0,0,0,0,0,0,2
108226,1,1,0,0,0,1,0,0,0,0,0,0,5
108227,1,0,0,0,0,0,0,0,0,0,0,0,0
108228,1,0,0,0,0,0,0,0,0,0,0,0,0
108229,1,1,1,1,1,0,0,0,0,0,0,0,4
108230,1,0,0,0,1,1,1,0,1,1,0,0,9
108231,1,0,0,0,0,0,0,0,0,0,0,0,0
108232,1,1,0,1,0,0,0,0,0,0,0,0,3
108233,1,1,1,1,1,1,0,0,1,1,0,1,9
108234,1,0,0,0,0,0,0,0,0,0,0,0,0
108235,1,0,1,1,0,0,0,0,0,0,0,0,3
108236,1,0,0,0,0,0,0,0,0,0,0,0,0
108237,1,1,0,0,0,1,1,1,1,1,1,1,10
108238,1,1,1,0,0,0,0,0,0,0,0,0,2
108239,1,0,0,0,0,0,0,0,0,0,0,0,0
108240,1,0,0,0,0,0,0,0,0,0,0,0,0
108241,1,0,0,0,0,0,0,0,0,0,0,0,0
108242,1,0,0,0,0,0,0,0,0,0,0,0,0
108243,1,0,0,0,0,1,1,0,0,1,0,0,9
108244,1,1,1,1,1,1,1,1,1,1,1,1,10
108245,1,0,0,0,0,1,1,0,0,1,0,0,9
108246,1,1,0,0,0,0,0,0,0,0,0,0,1
108247,1,1,1,1,0,0,0,0,1,1,1,1,10
108248,1,0,1,0,0,1,1,0,1,1,1,1,10
108249,1,0,0,0,0,0,0,0,0,0,0,0,0
108250,1,0,0,0,0,0,0,0,0,0,0,0,0
108251,1,0,0,0,0,0,0,0,0,0,0,0,0
108252,1,0,0,0,0,0,0,0,0,0,0,0,0
108253,1,1,1,1,1,1,1,0,1,0,0,0,8
108254,1,1,0,1,0,1,0,0,1,1,1,1,10
108255,1,1,1,1,0,1,1,1,0,1,0,0,9
108256,1,0,0,0,0,0,0,0,0,0,0,0,0
108257,1,1,1,1,1,1,0,0,0,0,0,0,5
108258,1,1,0,0,0,0,0,0,0,0,0,0,1
108259,1,1,0,0,0,0,0,0,0,0,0,0,1
108260,1,0,0,0,0,0,1,0,0,0,0,0,6
108261,1,1,1,1,1,1,0,1,1,1,1,1,10
108262,1,1,1,1,1,1,1,1,1,0,0,0,8
108263,1,0,1,1,1,1,1,0,1,1,1,1,10
108264,1,1,1,1,0,1,1,1,1,1,1,1,10
108265,1,0,0,0,0,0,0,0,0,0,0,0,0
108266,1,1,1,1,0,0,0,0,0,0,0,0,3
108267,1,1,1,0,1,1,1,1,1,0,0,0,8
108268,1,0,0,0,0,0,0,0,0,0,0,0,0
108269,1,1,1,1,1,1,1,1,0,0,1,1,10
108270,1,1,0,0,0,0,0,0,0,0,0,0,1
108271,1,1,0,0,0,0,0,0,0,0,0,0,1
108272,1,0,0,0,0,0,0,0,0,0,0,0,0
108273,1,1,1,0,1,1,1,0,1,0,0,1,8
108274,1,1,1,1,1,1,1,1,0,0,1,1,10
108275,1,1,1,1,1,1,1,1,1,1,1,1,10
108276,1,1,1,1,0,0,0,0,0,0,0,0,3
108277,1,1,0,0,0,0,0,0,0,0,0,0,1
108278,1,0,0,0,0,0,0,0,0,0,0,0,0
108279,1,1,1,1,0,0,0,0,0,0,0,0,3
108280,1,0,0,0,0,0,0,0,0,0,0,0,0
108281,1,0,1,1,0,0,0,0,0,0,0,0,3
108282,1,0,0,0,0,0,0,0,0,0,0,0,0
108283,1,0,0,0,0,0,0,0,0,0,0,0,0
108284,1,1,1,1,1,1,0,0,0,0,0,0,5
108285,1,1,1,1,1,1,1,1,1,1,1,1,10
108286,1,1,1,0,0,0,1,0,0,0,0,0,6
108287,1,0,1,0,1,0,0,0,0,0,1,0,10
108288,1,1,1,0,0,0,0,0,0,0,0,0,2
108289,1,1,1,0,0,0,1,0,0,0,0,0,6
108290,1,0,1,0,0,0,0,0,0,0,1,0,10
108291,1,1,0,0,0,0,0,0,0,0,0,0,1
108292,1,0,0,0,0,0,0,0,0,0,0,0,0
108293,1,0,0,0,0,1,0,0,0,0,0,0,5
108294,1,1,1,0,0,0,0,0,0,0,0,0,2
108295,1,0,0,0,0,0,0,0,0,0,0,0,0
108296,1,1,1,1,1,0,0,0,0,0,0,0,4
108297,1,0,1,0,0,0,1,0,0,0,0,0,6
108298,1,1,1,1,0,0,0,0,0,0,0,0,3
108299,1,1,1,1,1,1,1,1,1,1,1,1,10
108300,1,1,1,0,0,0,0,0,0,0,0,0,2
108301,1,1,0,0,0,0,0,0,0,0,0,0,1
108302,1,0,0,0,0,0,0,0,0,0,0,0,0
108303,1,1,1,0,1,1,0,0,0,0,0,0,5
108304,1,0,0,0,0,1,1,0,0,0,0,0,6
108305,1,1,1,1,1,1,1,1,1,1,1,0,10
108306,1,1,1,1,1,1,1,0,0,1,0,0,9
108307,1,1,0,0,1,0,0,0,0,0,0,0,4
108308,1,1,0,0,0,0,0,0,0,0,0,0,1
108309,1,1,1,1,1,1,1,1,1,1,1,1,10
108310,1,0,1,1,1,1,0,0,1,1,0,1,9
108311,1,1,1,1,1,1,1,1,1,1,1,1,10
108312,1,1,1,1,1,1,1,1,1,1,1,1,10
108313,1,0,0,0,0,1,1,1,0,1,0,0,9
108314,1,0,0,0,0,0,0,0,0,0,0,0,0
108315,1,0,0,0,0,0,0,0,0,0,0,0,0
108316,1,1,1,1,0,0,0,0,0,0,0,0,3
108317,1,0,1,0,1,0,0,0,1,1,0,1,9
108318,1,1,0,0,1,0,0,0,0,0,0,0,4
108319,1,1,0,0,0,0,0,0,0,0,0,0,1
108320,1,0,1,0,0,0,0,1,1,0,0,0,8
108321,1,0,1,0,0,0,0,0,0,0,0,0,2
108322,1,1,1,1,1,1,1,1,1,1,1,1,10
108323,1,1,1,0,0,0,0,1,1,1,1,1,10
108324,1,0,1,1,1,1,1,0,1,1,1,1,10
108325,1,0,0,1,0,0,0,1,1,1,1,1,10
108326,1,1,1,0,0,0,0,0,0,0,0,0,2
108327,1,0,1,1,0,0,0,0,0,0,0,0,3
108328,1,1,1,1,0,0,0,0,1,0,1,0,10
108329,1,0,0,0,0,0,0,0,0,0,0,0,0
108330,1,1,0,0,0,0,0,0,0,0,0,0,1
108331,1,1,0,0,0,0,0,0,0,0,0,0,1
108332,1,1,0,1,1,1,1,1,1,1,1,1,10
108333,1,0,0,0,0,0,0,0,0,0,0,0,0
108334,1,1,1,1,0,0,0,0,0,0,0,0,3
108335,1,1,0,0,0,0,0,0,0,0,0,0,1
108336,1,0,0,0,0,0,0,1,0,0,0,0,7
108337,1,1,1,0,0,0,0,0,0,0,0,0,2
108338,1,1,0,1,1,0,0,1,1,1,1,1,10
108339,1,0,0,0,0,0,0,0,0,0,0,0,0
108340,1,0,0,0,0,0,0,0,0,0,0,0,0
108341,1,1,1,1,1,1,1,1,1,1,1,1,10
108342,1,1,1,1,0,1,1,0,0,0,0,0,6
108343,1,0,0,0,0,0,0,0,0,0,0,0,0
108344,1,1,0,1,0,1,0,0,0,0,0,0,5
108345,1,1,0,1,0,0,1,0,1,1,1,1,10
108346,1,0,0,0,0,0,0,0,0,0,0,0,0
108347,1,0,0,0,0,0,1,1,1,0,0,0,8
108348,1,1,1,1,1,0,0,0,0,0,0,0,4
108349,1,1,0,0,1,0,1,1,0,1,1,0,10
108350,1,0,1,0,0,0,0,0,0,0,1,0,10
108351,1,0,0,0,0,0,0,0,0,0,0,0,0
108352,1,0,0,0,0,0,0,0,0,0,0,0,0
108353,1,0,1,1,0,1,0,0,1,1,0,0,9
108354,1,1,1,0,0,0,0,0,0,0,0,0,2
108355,1,1,1,0,1,0,0,1,1,0,0,0,8
108356,1,0,0,0,0,1,0,0,0,0,0,0,5
108357,1,1,1,1,0,0,0,0,1,0,0,0,8
108358,1,0,0,0,0,0,0,0,0,0,0,0,0
108359,1,1,1,1,1,1,1,1,1,1,1,1,10
108360,1,0,0,1,0,1,1,1,1,0,1,0,10
108361,1,0,0,0,0,0,0,0,0,0,0,0,0
108362,1,1,1,1,1,0,0,0,0,0,0,0,4
108363,1,0,0,0,0,0,0,0,0,0,0,0,0
108364,1,1,1,1,0,0,0,0,0,0,0,0,3
108365,1,1,0,0,1,0,0,0,0,0,0,0,4
108366,1,1,0,0,0,0,0,1,0,0,0,0,7
108367,1,0,0,0,0,0,0,0,0,0,0,0,0
108368,1,1,1,0,0,0,0,0,0,1,0,0,9
108369,1,0,1,0,1,0,0,0,0,0,0,0,4
108370,1,0,0,0,1,1,0,0,0,0,0,0,5
108371,1,0,0,0,0,0,0,0,0,0,0,0,0
108372,1,1,0,0,0,0,0,0,0,0,0,0,1
108373,1,1,1,1,1,1,0,1,0,1,0,1,9
108374,1,0,0,0,0,0,0,0,0,0,0,0,0
108375,1,0,0,0,0,0,0,0,0,0,0,0,0
108376,1,0,0,0,0,0,0,0,0,0,0,0,0
108377,1,1,0,0,0,0,0,0,0,0,0,0,1
108378,1,1,1,0,1,1,0,1,0,1,1,1,10
108379,1,0,0,0,0,0,0,0,0,0,0,0,0
108380,1,0,1,0,0,0,0,0,0,0,0,0,2
108381,1,0,0,0,0,0,0,0,0,0,0,0,0
108382,1,0,0,0,0,0,0,0,0,0,0,0,0
108383,1,0,1,1,1,1,1,1,0,1,1,1,10
108384,1,1,1,1,1,0,0,1,0,0,0,0,7
108385,1,0,0,0,0,0,0,0,0,0,0,0,0
108386,1,1,1,1,1,1,1,1,1,1,1,0,10
108387,1,0,0,0,0,0,0,0,0,0,0,0,0
108388,1,0,1,1,0,0,0,0,0,0,0,0,3
108389,1,1,0,0,0,0,0,0,0,0,0,0,1
108390,1,0,0,0,0,0,0,0,0,0,0,0,0
108391,1,0,0,0,0,0,0,0,0,0,0,0,0
108392,1,1,0,0,0,0,0,0,0,0,0,0,1
108393,1,1,1,0,0,1,1,0,1,0,1,1,10
108394,1,1,0,0,0,0,0,1,1,1,1,1,10
108395,1,0,0,0,0,0,0,0,0,0,0,0,0
108396,1,1,1,1,1,1,1,0,0,0,0,0,6
108397,1,0,1,0,0,0,0,0,0,0,0,0,2
108398,1,0,0,0,0,0,0,0,0,0,0,0,0
108399,1,0,0,0,0,0,0,0,0,0,0,0,0
108400,1,1,0,1,0,0,1,1,1,1,0,0,9
108401,1,0,0,0,0,0,0,0,0,0,0,0,0
108402,1,1,1,0,1,0,0,1,1,1,1,0,10
108403,1,1,1,1,1,1,1,0,0,0,0,0,6
108404,1,1,1,1,1,1,0,0,0,0,1,0,10
108405,1,1,1,0,1,0,1,1,1,1,1,1,10
108406,1,1,0,0,0,0,1,1,1,1,1,1,10
108407,1,1,1,1,1,1,1,1,1,0,0,0,8
108408,1,0,1,0,0,0,0,1,1,0,0,0,8
108409,1,0,1,1,1,1,0,1,1,0,0,0,8
108410,1,1,0,0,0,0,0,0,0,0,0,0,1
108411,1,1,0,1,0,1,1,0,1,0,0,0,8
108412,1,0,0,0,0,0,0,1,0,0,1,1,10
108413,1,0,0,0,0,0,0,0,0,0,0,0,0
108414,1,1,1,1,1,0,1,1,1,1,1,1,10
108415,1,0,0,0,0,1,0,0,0,0,0,0,5
108416,1,1,1,0,0,0,0,0,0,0,0,0,2
108417,1,0,0,0,0,0,0,1,0,0,0,0,7
108418,1,1,0,0,0,0,0,0,0,0,0,0,1
108419,1,0,0,0,0,0,0,0,0,0,0,0,0
108420,1,0,0,1,0,0,1,0,1,0,1,0,10
108421,1,1,0,0,0,0,0,0,0,0,0,0,1
108422,1,0,1,1,0,0,0,0,0,0,0,0,3
108423,1,1,1,1,0,0,0,0,0,0,0,0,3
108424,1,1,1,1,1,0,1,1,1,0,0,1,8
108425,1,1,1,1,1,1,0,0,1,1,1,1,10
108426,1,1,1,1,1,1,1,1,1,1,1,1,10
108427,1,1,1,1,1,0,1,1,0,1,0,1,9
108428,1,1,1,0,1,0,0,0,0,0,0,0,4
108429,1,1,1,1,0,0,0,0,0,0,0,0,3
108430,1,0,0,0,0,0,0,0,0,0,0,0,0
108431,1,1,1,0,0,0,0,0,0,0,0,0,2
108432,1,0,0,1,1,1,1,1,1,0,0,0,8
108433,1,1,1,1,1,1,1,1,1,1,1,1,10
108434,1,1,0,1,0,0,0,0,0,0,0,0,3
108435,1,1,0,0,0,0,0,0,0,0,0,0,1
108436,1,1,0,0,1,0,0,0,0,0,0,0,4
108437,1,0,0,0,0,0,0,0,0,0,0,0,0
108438,1,0,0,0,0,0,0,0,0,1,1,1,10
108439,1,1,1,0,0,1,1,0,0,0,1,0,10
108440,1,1,1,1,1,1,1,1,1,0,0,1,8
108441,1,0,0,0,0,0,0,0,0,0,0,0,0
108442,1,1,0,0,0,0,0,0,0,0,0,0,1
108443,1,0,1,1,1,1,1,1,1,1,1,1,10
108444,1,1,0,0,0,1,1,0,1,1,1,1,10
108445,1,0,0,0,0,0,0,0,0,0,0,0,0
108446,1,0,0,0,0,0,0,0,0,0,0,0,0
108447,1,0,0,0,0,0,0,0,0,0,1,0,10
108448,1,1,1,0,1,0,0,0,0,0,0,0,4
108449,1,0,0,0,0,0,0,0,0,0,0,0,0
108450,1,1,0,0,1,0,0,0,0,0,0,0,4
108451,1,0,0,0,0,0,0,0,0,0,0,0,0
108452,1,0,1,1,0,0,0,0,0,0,0,0,3
108453,1,0,0,1,1,1,1,1,1,1,0,0,9
108454,1,1,1,1,0,1,1,0,1,1,1,1,10
108455,1,0,0,0,0,0,0,0,0,0,0,0,0
108456,1,1,0,1,0,0,0,0,0,0,1,0,10
108457,1,0,0,0,0,1,1,0,0,0,0,0,6
108458,1,1,1,0,0,1,1,1,1,0,0,0,8
108459,1,0,0,0,0,0,0,0,0,0,0,0,0
108460,1,1,0,1,1,0,0,0,0,0,0,0,4
108461,1,0,0,0,0,0,0,0,0,0,0,0,0
108462,1,0,0,0,0,0,0,0,0,0,0,0,0
108463,1,1,1,0,1,1,1,0,0,0,0,0,6
108464,1,0,1,1,1,1,1,0,0,1,0,0,9
108465,1,0,0,0,0,0,0,0,0,0,0,0,0
108466,1,0,0,0,0,0,0,0,0,0,0,0,0
108467,1,0,0,0,0,0,0,0,0,0,0,0,0
108468,1,1,0,0,0,1,1,1,0,0,0,0,7
108469,1,1,0,0,1,1,0,0,0,0,0,0,5
108470,1,0,1,0,0,0,0,0,0,0,0,0,2
108471,1,0,0,0,0,0,0,0,0,0,0,0,0
108472,1,1,0,0,0,0,0,0,0,0,0,0,1
108473,1,1,0,0,0,0,0,0,0,0,0,0,1
108474,1,0,0,0,1,1,1,1,1,1,1,0,10
108475,1,1,1,0,0,0,0,0,0,0,0,0,2
108476,1,1,1,1,1,1,1,1,1,0,0,0,8
108477,1,1,1,1,1,1,1,1,1,1,1,1,10
108478,1,0,0,0,0,0,0,0,0,0,0,0,0
108479,1,1,1,1,1,1,1,1,1,1,1,0,10
108480,1,1,1,1,1,1,1,1,1,1,1,0,10
108481,1,1,0,0,0,0,0,0,0,0,0,0,1
108482,1,0,0,0,0,0,0,0,0,0,0,0,0
108483,1,0,0,0,0,0,0,0,0,0,0,0,0
108484,1,0,0,0,0,0,0,0,0,0,0,0,0
108485,1,1,1,0,0,0,0,0,0,0,0,0,2
108486,1,0,0,0,0,0,0,0,0,0,0,0,0
108487,1,0,0,0,0,0,0,0,0,0,0,0,0
108488,1,1,1,1,1,1,0,0,0,0,0,0,5
108489,1,1,1,0,0,0,0,0,0,0,0,0,2
108490,1,0,0,0,0,0,0,0,0,0,0,0,0
108491,1,1,0,0,0,0,0,0,0,0,0,0,1
108492,1,0,0,0,0,0,0,0,0,0,0,0,0
108493,1,0,0,0,0,0,0,0,0,0,0,0,0
108494,1,1,1,1,0,1,0,0,1,0,0,0,8
108495,1,0,0,0,0,0,0,0,0,0,0,0,0
108496,1,1,1,1,1,0,1,1,1,0,0,0,8
108497,1,0,0,0,1,0,1,0,1,0,0,0,8
108498,1,1,1,0,0,0,0,0,0,0,0,0,2
108499,1,1,1,1,1,1,1,1,1,1,1,1,10
108500,1,1,1,1,1,1,1,1,0,0,0,0,7
108501,1,0,0,0,0,0,0,0,0,0,0,0,0
108502,1,0,0,0,0,0,0,0,0,0,0,0,0
108503,1,0,0,0,0,0,0,0,0,0,0,0,0
108504,1,1,1,1,1,0,1,1,1,1,1,1,10
108505,1,0,0,0,0,0,0,0,0,0,0,0,0
108506,1,1,1,1,1,1,1,1,1,1,1,1,10
108507,1,1,1,1,1,1,1,1,1,1,1,1,10
108508,1,1,1,1,1,1,1,1,1,1,1,0,10
108509,1,1,1,1,1,1,1,1,1,1,1,1,10
108510,1,1,1,0,0,0,0,1,0,1,0,1,9
108511,1,1,1,1,0,0,1,0,1,1,0,1,9
108512,1,0,0,0,0,0,0,0,0,0,0,0,0
108513,1,1,1,0,1,1,0,0,0,0,0,0,5
108514,1,1,1,1,1,1,1,0,1,1,1,1,10
108515,1,1,1,1,1,1,0,1,1,1,1,1,10
108516,1,0,0,0,0,0,0,0,0,0,0,0,0
108517,1,0,0,0,0,0,0,0,0,0,0,0,0
108518,1,1,1,1,1,1,1,1,1,1,1,1,10
108519,1,0,0,0,0,0,0,0,0,0,0,0,0
108520,1,1,1,1,0,0,0,1,0,0,1,0,10
108521,1,0,0,0,0,0,0,0,0,0,0,0,0
108522,1,1,1,1,1,1,0,0,0,0,0,0,5
108523,1,0,1,1,0,0,1,0,0,0,0,1,6
108524,1,0,1,0,0,0,0,0,0,0,0,0,2
108525,1,1,1,1,1,1,0,0,0,0,1,0,10
108526,1,1,1,1,0,0,0,0,0,0,0,0,3
108527,1,1,1,1,1,1,1,1,1,1,0,1,9
108528,1,0,0,0,0,0,0,0,0,0,0,0,0
108529,1,0,0,0,0,0,0,0,0,0,0,0,0
108530,1,0,0,1,1,0,0,0,0,0,0,0,4
108531,1,1,1,1,1,1,1,1,1,1,1,1,10
108532,1,0,0,0,0,1,0,0,0,1,1,0,10
108533,1,0,0,1,0,0,0,0,0,0,0,0,3
108534,1,1,1,1,0,1,0,0,0,0,0,0,5
108535,1,0,0,0,0,0,0,0,0,0,0,0,0
108536,1,0,0,0,0,0,0,0,0,0,0,0,0
108537,1,0,1,0,0,0,1,0,1,1,0,1,9
108538,1,1,0,0,0,0,0,0,0,0,0,0,1
108539,1,0,0,0,0,0,0,0,0,0,0,0,0
108540,1,1,1,0,0,0,1,0,1,0,0,0,8
108541,1,1,1,1,1,0,1,0,1,0,1,1,10
108542,1,0,0,0,0,0,0,0,0,0,0,0,0
108543,1,0,0,0,0,0,0,0,0,0,0,0,0
108544,1,0,1,0,1,0,1,0,0,0,0,0,6
108545,1,1,0,0,0,0,0,0,0,0,0,0,1
108546,1,1,0,0,0,0,0,0,0,0,0,0,1
108547,1,1,1,1,1,1,1,1,1,1,1,0,10
108548,1,1,1,1,1,1,0,0,0,0,1,1,10
108549,1,1,0,0,0,0,0,0,0,0,0,0,1
108550,1,0,0,1,0,1,0,0,0,0,0,0,5
108551,1,0,0,0,0,0,0,0,0,0,0,0,0
108552,1,0,0,0,0,0,0,0,0,0,0,0,0
108553,1,0,0,0,0,0,0,0,0,0,0,0,0
108554,1,1,1,1,1,1,1,1,1,0,1,0,10
108555,1,1,1,0,0,1,0,0,0,0,0,0,5
108556,1,1,1,0,0,0,0,0,0,0,0,0,2
108557,1,1,1,0,1,1,0,1,1,1,1,1,10
108558,1,1,1,1,1,1,1,1,1,1,1,1,10
108559,1,1,1,0,0,0,0,0,1,0,0,0,8
108560,1,1,0,1,0,1,1,0,0,1,1,0,10
108561,1,0,1,1,0,1,0,1,0,0,1,0,10
108562,1,1,1,1,1,1,1,1,1,1,1,1,10
108563,1,0,0,0,0,0,0,0,0,0,0,0,0
108564,1,0,0,0,0,0,0,0,0,0,0,0,0
108565,1,0,0,0,0,0,0,0,0,0,0,0,0
108566,1,1,1,1,1,1,1,1,0,0,0,0,7
108567,1,1,1,1,1,0,0,0,0,0,0,0,4
108568,1,1,1,1,1,1,1,1,1,0,1,1,10
108569,1,1,0,1,1,0,1,1,1,1,1,1,10
108570,1,1,0,1,1,1,1,0,1,1,1,0,10
108571,1,0,1,1,1,1,1,1,1,1,1,0,10
108572,1,0,0,0,0,0,0,0,0,0,0,0,0
108573,1,0,1,0,0,0,0,0,0,0,0,0,2
108574,1,1,0,0,0,0,0,0,0,0,0,0,1
108575,1,1,0,1,0,1,1,0,0,0,0,0,6
108576,1,1,1,1,1,0,0,0,0,0,0,0,4
108577,1,0,1,1,1,1,1,1,1,1,1,1,10
108578,1,1,1,0,0,0,0,0,0,0,0,0,2
108579,1,1,0,0,0,0,0,0,0,0,0,0,1
108580,1,0,0,0,0,0,0,0,0,0,0,0,0
108581,1,0,0,0,0,0,0,0,0,0,0,0,0
108582,1,1,1,1,0,1,0,0,0,0,0,0,5
108583,1,0,0,0,0,0,0,0,0,0,0,0,0
108584,1,1,1,1,0,0,1,1,1,1,1,0,10
108585,1,1,1,0,0,0,0,0,0,0,0,0,2
108586,1,0,0,0,0,0,0,0,0,0,0,0,0
108587,1,0,0,0,0,0,0,0,0,0,0,0,0
108588,1,1,1,1,1,1,1,1,1,1,1,1,10
108589,1,1,1,0,1,1,1,1,1,1,1,0,10
108590,1,1,0,0,0,0,0,0,0,0,0,0,1
108591,1,0,1,0,0,0,0,0,0,0,0,0,2
108592,1,1,1,1,1,1,1,1,1,1,1,1,10
108593,1,1,1,1,1,1,1,1,1,1,1,1,10
108594,1,0,0,1,0,0,0,0,0,0,0,0,3
108595,1,0,0,0,0,1,0,1,1,0,0,0,8
108596,1,0,0,0,0,0,0,0,0,0,0,0,0
108597,1,1,1,0,0,0,0,0,0,0,0,0,2
108598,1,1,1,1,1,1,1,1,1,1,1,0,10
108599,1,0,0,0,0,0,0,0,0,0,0,0,0
108600,1,1,1,0,1,1,1,1,0,1,0,0,9
108601,1,0,0,0,0,0,0,0,0,0,0,0,0
108602,1,1,1,0,0,0,0,0,0,0,0,0,2
108603,1,0,0,1,0,0,0,0,0,0,0,0,3
108604,1,1,1,1,0,1,1,0,1,0,0,0,8
108605,1,1,1,1,1,1,1,1,0,0,0,0,7
108606,1,1,0,0,0,0,0,0,0,0,0,0,1
108607,1,1,1,1,1,1,1,1,1,1,1,1,10
108608,1,1,1,0,0,0,0,0,0,0,1,1,10
108609,1,0,0,1,0,0,0,0,0,0,0,0,3
108610,1,1,1,1,1,1,1,1,1,1,1,0,10
108611,1,0,1,1,1,1,1,1,1,0,0,0,8
108612,1,1,1,1,1,1,0,0,0,1,0,1,9
108613,1,1,0,0,1,0,0,1,1,0,0,0,8
108614,1,1,1,0,0,0,0,0,0,0,0,0,2
108615,1,0,0,0,0,0,1,0,0,0,0,0,6
108616,1,0,0,0,0,0,0,0,1,0,0,1,8
108617,1,1,1,0,0,0,0,0,0,0,0,0,2
108618,1,0,0,0,0,0,0,0,0,0,0,0,0
108619,1,0,0,0,0,0,0,0,0,0,0,0,0
108620,1,1,1,0,0,0,0,0,0,0,1,0,10
108621,1,0,0,0,0,0,0,0,0,0,0,0,0
108622,1,1,1,0,0,0,0,1,0,1,1,0,10
108623,1,0,0,0,0,0,0,0,0,0,0,0,0
108624,1,1,0,1,0,0,0,0,0,0,0,0,3
108625,1,1,0,1,1,1,1,1,1,1,1,1,10
108626,1,1,1,1,1,1,1,1,1,1,1,1,10
108627,1,1,1,0,0,0,0,0,0,0,0,0,2
108628,1,1,1,1,1,0,0,0,0,0,0,0,4
108629,1,0,0,0,0,0,0,0,0,0,0,0,0
108630,1,0,0,0,0,0,0,0,0,0,0,0,0
108631,1,1,1,0,1,0,0,1,0,0,0,0,7
108632,1,0,0,0,0,0,0,0,0,0,0,0,0
108633,1,0,0,0,1,0,0,0,0,0,0,0,4
108634,1,1,1,1,1,1,1,1,1,1,1,1,10
108635,1,1,1,1,0,0,0,0,0,0,0,0,3
108636,1,0,0,0,0,0,0,0,0,0,0,0,0
108637,1,0,0,0,0,0,0,0,0,0,0,0,0
108638,1,1,1,0,0,0,0,0,0,0,0,0,2
108639,1,0,0,0,0,1,1,0,0,0,0,0,6
108640,1,1,1,0,0,0,0,0,0,0,0,0,2
108641,1,1,0,0,0,0,0,0,0,0,0,0,1
108642,1,0,1,1,1,1,1,1,1,0,0,0,8
108643,1,0,0,0,0,0,0,0,0,0,0,0,0
108644,1,0,0,0,0,0,0,0,0,0,0,0,0
108645,1,0,0,0,0,1,0,1,1,1,1,1,10
108646,1,1,0,0,0,1,0,0,0,0,0,0,5
108647,1,1,1,0,0,0,0,0,0,0,0,0,2
108648,1,0,0,1,1,0,1,1,1,1,1,1,10
108649,1,0,1,0,1,1,1,1,1,1,1,0,10
108650,1,1,1,1,0,1,1,1,1,1,1,1,10
108651,1,1,0,0,0,0,0,0,0,0,0,0,1
108652,1,0,0,0,0,0,0,0,0,0,0,0,0
108653,1,0,0,0,0,1,1,0,1,1,0,0,9
108654,1,0,0,0,0,0,0,0,0,0,0,0,0
108655,1,0,0,0,0,0,0,0,1,1,0,0,9
108656,1,1,1,0,1,1,1,1,1,1,0,1,9
108657,1,1,0,0,0,0,0,0,0,0,0,0,1
108658,1,1,0,1,1,1,1,1,1,1,1,0,10
108659,1,0,0,0,0,0,0,0,0,0,0,0,0
108660,1,1,0,0,0,0,0,0,0,0,0,0,1
108661,1,0,0,0,0,0,0,0,0,0,0,0,0
108662,1,0,0,0,0,0,0,0,0,0,0,0,0
108663,1,0,0,0,0,0,0,0,0,0,0,0,0
108664,1,0,0,1,0,1,0,1,0,1,0,1,9
108665,1,1,0,0,0,0,1,0,0,0,0,0,6
108666,1,0,0,0,0,0,0,0,0,0,0,0,0
108667,1,1,1,1,0,0,0,0,1,1,0,0,9
108668,1,0,0,0,0,1,1,0,1,1,1,1,10
108669,1,1,1,1,1,1,1,1,0,0,0,0,7
108670,1,0,0,0,0,1,0,0,0,0,0,0,5
108671,1,0,0,0,0,0,0,0,0,0,0,0,0
108672,1,0,0,0,0,0,0,0,0,1,0,0,9
108673,1,0,0,0,0,0,0,0,0,0,0,0,0
108674,1,1,1,1,1,1,1,1,1,1,1,1,10
108675,1,1,1,0,0,0,0,1,1,1,1,1,10
108676,1,1,0,1,0,0,0,0,0,1,0,0,9
108677,1,0,0,1,1,0,1,1,1,1,1,0,10
108678,1,1,1,1,0,1,1,1,1,0,0,0,8
108679,1,1,1,0,1,1,1,1,1,1,1,1,10
108680,1,1,1,0,1,0,0,1,0,0,0,0,7
108681,1,1,1,0,1,0,0,0,0,0,0,0,4
108682,1,0,0,1,1,1,1,0,0,1,1,0,10
108683,1,1,1,1,1,1,1,1,1,1,1,1,10
108684,1,0,0,0,0,0,0,0,0,0,0,0,0
108685,1,1,1,1,1,1,1,1,1,1,1,1,10
108686,1,0,0,1,0,0,0,0,0,0,0,0,3
108687,1,1,1,0,0,1,1,1,0,0,0,0,7
108688,1,1,1,1,1,1,1,1,1,1,1,1,10
108689,1,1,1,1,1,0,0,1,0,0,0,0,7
108690,1,0,0,0,0,0,0,0,0,0,0,0,0
108691,1,1,1,1,0,0,1,0,0,0,0,1,6
108692,1,0,0,1,1,0,0,0,1,0,0,0,8
108693,1,0,0,1,0,0,0,0,0,0,0,0,3
108694,1,1,1,0,0,0,0,0,0,1,0,0,9
108695,1,1,1,0,0,0,0,0,0,0,0,0,2
108696,1,1,0,0,1,1,1,1,1,1,0,0,9
108697,1,1,1,1,1,1,1,1,0,0,0,0,7
108698,1,1,1,1,0,1,1,1,1,1,1,0,10
108699,1,0,0,0,0,0,0,0,0,0,0,0,0
108700,1,1,1,1,1,0,0,0,0,0,0,0,4
108701,1,1,1,1,0,1,0,1,0,1,1,0,10
108702,1,1,1,1,1,1,1,1,1,1,1,0,10
108703,1,1,1,1,1,1,1,1,1,1,0,0,9
108704,1,0,1,0,0,1,1,1,1,0,1,0,10
108705,1,1,1,1,1,1,1,1,0,1,1,0,10
108706,1,1,0,0,0,1,1,1,1,1,1,0,10
108707,1,0,0,0,0,0,0,0,0,0,1,0,10
108708,1,1,0,0,0,0,0,1,1,1,1,1,10
108709,1,1,1,1,1,0,0,0,0,0,0,0,4
108710,1,0,1,1,1,0,1,0,1,0,0,0,8
108711,1,0,0,0,0,0,0,1,0,0,0,0,7
108712,1,1,1,1,1,0,0,1,1,1,0,1,9
108713,1,1,0,0,0,1,1,1,1,1,0,0,9
108714,1,1,1,0,0,1,1,1,1,1,1,1,10
108715,1,1,0,0,0,0,0,0,0,0,0,0,1
108716,1,1,1,0,0,1,0,0,0,0,0,0,5
108717,1,1,1,1,0,0,0,1,0,0,1,0,10
108718,1,0,0,0,0,0,0,0,0,0,0,0,0
108719,1,0,1,1,1,1,1,1,1,1,1,1,10
108720,1,1,1,1,1,1,1,0,1,1,1,0,10
108721,1,0,0,0,0,0,0,0,0,0,0,0,0
108722,1,1,0,1,1,0,0,0,0,1,0,0,9
108723,1,1,0,0,0,0,0,0,0,0,0,0,1
108724,1,0,0,0,0,0,0,0,0,0,0,1,0
108725,1,1,1,0,0,0,1,0,0,0,0,0,6
108726,1,0,0,0,0,0,0,0,0,0,0,0,0
108727,1,0,1,0,0,0,0,0,0,0,0,0,2
108728,1,1,1,1,0,0,0,0,0,0,0,0,3
108729,1,1,1,0,0,0,0,0,0,0,0,0,2
108730,1,1,1,1,1,0,0,0,0,0,0,0,4
108731,1,1,1,1,1,1,1,1,1,1,1,0,10
108732,1,1,0,0,0,0,0,0,0,0,0,0,1
108733,1,1,1,1,1,0,0,1,1,0,0,0,8
108734,1,1,1,1,0,0,0,0,0,0,0,0,3
108735,1,1,0,0,0,0,0,0,0,0,0,0,1
108736,1,1,1,0,0,0,0,1,0,1,0,0,9
108737,1,1,0,0,0,0,0,0,0,0,0,0,1
108738,1,1,1,1,1,1,1,1,1,1,1,1,10
108739,1,1,1,1,1,1,1,1,1,1,1,0,10
108740,1,1,1,1,1,1,1,1,0,0,0,0,7
108741,1,1,1,0,1,1,1,0,0,0,0,0,6
108742,1,1,1,0,0,0,0,0,0,0,0,0,2
108743,1,1,1,1,0,1,1,1,1,1,1,1,10
108744,1,1,0,1,0,1,1,1,1,0,0,0,8
108745,1,1,1,1,1,1,0,1,1,1,1,0,10
108746,1,1,1,1,1,0,1,0,0,1,1,0,10
108747,1,1,1,1,1,1,1,1,1,1,1,1,10
108748,1,1,1,1,1,1,1,1,1,0,0,0,8
108749,1,1,1,1,1,1,1,1,1,1,1,1,10
108750,1,0,0,0,0,0,0,0,0,0,0,0,0
108751,1,1,1,1,1,1,1,1,1,1,1,1,10
108752,1,1,0,1,1,0,1,1,1,1,1,1,10
108753,1,1,1,0,1,1,1,0,1,0,1,1,10
108754,1,1,1,1,1,0,1,1,1,1,1,1,10
108755,1,1,1,1,1,1,0,1,1,1,1,1,10
108756,1,1,1,0,0,0,0,0,1,1,1,0,10
108757,1,0,0,0,0,0,0,0,0,0,0,0,0
108758,1,1,0,0,0,0,0,1,1,0,0,0,8
108759,1,0,0,0,0,1,0,0,0,0,0,0,5
108760,1,1,1,0,1,1,1,0,1,1,1,1,10
108761,1,1,1,1,1,1,1,1,1,1,1,1,10
108762,1,0,0,0,0,0,0,0,0,0,0,0,0
108763,1,1,1,1,0,0,0,0,0,0,0,0,3
108764,1,0,0,0,0,0,0,0,0,0,0,0,0
108765,1,1,1,1,1,0,1,1,1,1,1,1,10
108766,1,0,0,0,0,0,0,0,0,0,0,0,0
108767,1,0,0,0,0,0,0,0,0,0,0,0,0
108768,1,1,1,0,0,0,0,0,0,0,0,0,2
108769,1,0,0,0,0,0,0,0,0,0,0,0,0
108770,1,1,1,1,0,1,1,1,1,1,1,1,10
108771,1,1,1,1,1,1,1,1,1,0,1,0,10
108772,1,0,0,0,0,0,0,0,0,0,0,0,0
108773,1,1,1,1,1,1,1,1,1,1,0,0,9
108774,1,1,1,0,0,1,1,0,1,1,1,1,10
108775,1,1,1,1,1,1,0,0,0,0,0,0,5
108776,1,1,1,0,0,0,0,0,0,0,0,0,2
108777,1,1,0,0,0,0,0,0,0,0,0,0,1
108778,1,1,0,1,1,1,1,1,1,1,1,0,10
108779,1,0,0,0,0,0,0,0,0,0,0,0,0
108780,1,1,0,0,0,0,0,0,0,0,0,0,1
108781,1,0,1,1,0,0,0,0,0,0,0,0,3
108782,1,0,0,1,0,1,0,0,0,0,0,0,5
108783,1,0,0,0,0,0,0,0,0,0,0,0,0
108784,1,0,0,0,0,0,0,0,0,0,0,0,0
108785,1,1,0,1,1,1,1,0,0,0,0,0,6
108786,1,0,0,0,0,0,0,0,0,0,0,0,0
108787,1,1,0,1,0,0,0,1,0,0,0,0,7
108788,1,1,0,1,0,1,1,0,0,0,0,0,6
108789,1,0,0,0,0,0,0,0,0,0,0,0,0
108790,1,1,1,0,0,0,0,0,0,0,0,0,2
108791,1,1,1,0,1,1,1,0,0,0,0,0,6
108792,1,1,0,1,1,1,0,1,1,1,0,0,9
108793,1,1,0,0,0,0,0,0,0,0,0,0,1
108794,1,0,0,0,0,0,0,0,0,0,0,0,0
108795,1,1,1,1,0,0,0,0,0,0,0,0,3
108796,1,1,1,1,0,1,0,0,0,0,0,0,5
108797,1,0,1,1,1,0,0,0,0,0,0,0,4
108798,1,0,0,0,1,0,1,0,0,0,0,0,6
108799,1,0,0,0,0,0,0,0,0,0,0,0,0
108800,1,1,1,0,1,1,0,0,0,0,0,0,5
108801,1,1,0,0,0,0,0,0,0,0,0,0,1
108802,1,1,1,1,1,0,0,0,0,0,0,0,4
108803,1,0,0,0,0,0,0,0,0,0,0,0,0
108804,1,1,0,0,1,1,1,1,1,1,1,0,10
108805,1,0,1,0,0,0,0,0,0,0,0,0,2
108806,1,0,0,0,0,0,0,0,0,0,0,0,0
108807,1,1,1,0,1,0,0,0,0,0,0,0,4
108808,1,0,0,0,0,0,0,0,0,0,0,0,0
108809,1,1,0,0,0,1,0,1,1,0,1,1,10
108810,1,0,0,0,0,0,0,0,0,0,0,0,0
108811,1,1,1,1,1,1,1,1,1,0,0,0,8
108812,1,1,1,1,1,1,1,1,1,1,1,1,10
108813,1,1,0,0,0,0,0,0,0,0,0,0,1
108814,1,1,1,1,1,1,1,1,1,1,1,1,10
108815,1,1,1,1,0,0,0,0,0,0,0,0,3
108816,1,1,0,0,0,0,0,0,0,0,0,0,1
108817,1,1,1,1,1,1,1,0,0,0,1,0,10
108818,1,1,1,1,1,1,1,1,0,1,1,0,10
108819,1,1,1,1,0,1,0,1,0,0,0,0,7
108820,1,1,1,1,1,0,1,0,0,0,0,0,6
108821,1,0,0,0,0,0,0,0,0,0,0,0,0
108822,1,1,1,1,1,0,1,0,0,0,0,0,6
108823,1,1,1,1,1,0,0,0,0,0,0,0,4
108824,1,1,1,0,0,0,0,0,0,0,0,0,2
108825,1,1,0,0,0,0,0,0,0,0,0,0,1
108826,1,0,0,0,0,0,0,0,0,0,0,0,0
108827,1,1,1,0,1,1,0,0,0,0,0,0,5
108828,1,1,1,1,0,0,0,0,0,0,1,1,10
108829,1,0,1,0,0,0,0,0,0,0,0,0,2
108830,1,1,1,1,1,1,0,0,0,0,0,0,5
108831,1,1,1,0,1,1,1,1,0,1,1,0,10
108832,1,1,1,1,0,0,0,0,0,0,0,0,3
108833,1,0,0,0,0,0,0,0,0,0,0,0,0
108834,1,1,1,1,1,1,1,1,1,1,1,1,10
108835,1,0,1,0,0,0,0,0,0,0,0,0,2
108836,1,1,1,1,1,1,0,1,1,0,0,0,8
108837,1,0,0,0,0,0,0,0,0,0,0,0,0
108838,1,0,0,0,0,0,0,0,0,0,1,0,10
108839,1,1,0,0,0,1,1,1,1,0,1,0,10
108840,1,1,1,1,0,0,0,0,0,0,1,0,10
108841,1,1,0,0,0,0,0,0,0,0,0,0,1
108842,1,0,0,1,1,0,0,0,0,0,0,0,4
108843,1,1,1,1,0,1,1,1,1,1,0,0,9
108844,1,0,0,0,0,0,0,0,0,0,0,0,0
108845,1,0,1,1,1,1,1,1,1,1,1,1,10
108846,1,1,1,1,0,0,1,1,1,1,1,1,10
108847,1,1,1,0,0,0,0,0,0,0,0,0,2
108848,1,1,1,1,0,0,1,0,1,1,0,0,9
108849,1,1,1,1,1,1,0,0,1,0,1,1,10
108850,1,1,1,1,1,1,1,1,1,1,1,0,10
108851,1,0,0,0,0,0,0,0,0,0,0,0,0
108852,1,1,1,1,1,1,1,1,1,1,0,0,9
108853,1,1,1,1,1,1,1,1,1,1,1,1,10
108854,1,1,0,0,0,0,0,0,0,0,0,0,1
108855,1,0,0,0,0,0,0,0,0,0,0,0,0
108856,1,1,1,1,1,1,1,1,1,1,0,0,9
108857,1,0,1,0,1,0,1,0,0,0,0,0,6
108858,1,1,1,1,1,1,0,1,1,0,1,0,10
108859,1,0,0,0,0,0,0,0,0,0,0,0,0
108860,1,1,0,0,0,1,0,1,0,0,0,0,7
108861,1,0,1,1,0,1,1,1,0,0,0,0,7
108862,1,0,1,0,0,0,1,1,0,0,0,0,7
108863,1,0,0,0,0,0,0,0,0,0,0,0,0
108864,1,0,0,0,0,0,0,0,0,0,0,0,0
108865,1,0,0,0,0,0,1,0,0,0,0,0,6
108866,1,1,1,1,1,1,1,1,1,1,1,1,10
108867,1,0,0,0,0,0,0,0,0,0,0,0,0
108868,1,0,0,0,0,0,0,0,0,0,0,0,0
108869,1,1,0,0,0,0,0,0,0,0,0,0,1
108870,1,0,0,0,0,0,0,0,0,0,0,0,0
108871,1,1,0,0,0,1,0,1,1,0,0,0,8
108872,1,1,1,1,0,1,0,1,0,0,0,0,7
108873,1,0,0,0,0,0,0,0,0,0,0,0,0
108874,1,0,0,0,0,0,0,0,0,0,0,0,0
108875,1,0,1,1,0,1,1,0,0,1,0,1,9
108876,1,0,0,0,0,0,0,0,0,0,0,0,0
108877,1,0,0,0,0,0,0,0,0,0,0,1,0
108878,1,0,0,0,0,0,0,0,0,1,0,0,9
108879,1,0,0,0,0,0,0,0,0,0,0,0,0
108880,1,1,1,1,1,1,1,1,1,1,1,1,10
108881,1,1,1,1,0,1,1,1,0,0,0,0,7
108882,1,0,0,1,0,0,0,1,1,1,0,0,9
108883,1,0,1,0,1,1,1,1,1,1,1,1,10
108884,1,0,0,0,0,0,0,0,0,0,0,0,0
108885,1,1,1,1,1,1,1,0,0,0,0,0,6
108886,1,0,0,0,0,0,0,0,0,0,0,0,0
108887,1,0,0,0,0,0,0,0,0,0,0,0,0
108888,1,1,1,1,1,1,1,1,1,1,1,1,10
108889,1,1,0,0,0,1,1,1,1,1,1,0,10
108890,1,0,0,0,0,0,0,0,1,0,1,0,10
108891,1,1,0,0,0,1,1,1,1,0,0,0,8
108892,1,1,0,0,0,0,0,0,0,0,0,0,1
108893,1,0,0,0,0,0,0,0,0,0,0,0,0
108894,1,1,1,0,1,1,1,1,1,1,0,1,9
108895,1,0,0,0,0,0,0,0,0,0,0,0,0
108896,1,1,1,1,1,0,1,0,0,0,0,0,6
108897,1,1,1,1,1,1,1,1,0,0,0,0,7
108898,1,1,0,0,0,0,0,0,0,0,0,0,1
108899,1,0,1,1,1,0,1,0,0,0,0,0,6
108900,1,1,1,0,0,0,0,0,1,1,1,1,10
108901,1,0,1,0,0,0,0,0,0,0,0,0,2
108902,1,1,0,0,0,0,0,1,1,0,1,1,10
108903,1,1,0,1,0,0,0,0,0,0,0,0,3
108904,1,0,0,0,0,0,0,0,0,0,0,0,0
108905,1,1,1,0,1,0,0,0,0,0,0,0,4
108906,1,0,0,0,0,0,0,0,0,0,0,0,0
108907,1,0,0,0,0,0,0,0,0,0,0,0,0
108908,1,1,1,1,1,1,0,1,1,1,1,1,10
108909,1,0,0,0,0,0,0,0,0,0,0,0,0
108910,1,1,1,1,1,1,0,1,0,0,1,0,10
108911,1,1,1,1,0,1,0,0,1,0,0,0,8
108912,1,1,1,1,0,1,1,1,1,1,1,0,10
108913,1,1,0,0,0,0,0,0,0,0,0,0,1
108914,1,1,0,0,0,0,0,0,0,0,0,0,1
108915,1,1,1,1,1,1,1,1,1,1,1,1,10
108916,1,0,1,1,0,0,0,0,1,0,0,0,8
108917,1,1,1,1,1,1,1,1,1,0,1,0,10
108918,1,1,1,1,0,0,0,0,0,0,0,0,3
108919,1,0,0,0,0,0,0,0,0,0,0,0,0
108920,1,0,0,0,0,1,0,0,0,0,0,0,5
108921,1,0,0,0,0,1,1,1,1,0,1,0,10
108922,1,0,0,0,0,0,0,0,0,0,0,0,0
108923,1,1,1,1,1,0,0,0,0,0,0,0,4
108924,1,1,0,1,1,1,0,1,1,1,1,0,10
108925,1,1,1,1,1,1,0,1,0,0,0,0,7
108926,1,1,1,1,1,1,1,1,1,1,1,1,10
108927,1,1,1,1,1,1,1,1,0,1,0,0,9
108928,1,1,1,0,0,0,0,0,0,0,1,0,10
108929,1,0,1,1,0,0,0,0,1,1,0,0,9
108930,1,0,0,0,0,0,0,0,0,0,0,0,0
108931,1,1,1,1,1,1,1,1,1,1,1,1,10
108932,1,0,1,1,0,0,0,0,0,1,1,1,10
108933,1,1,0,1,1,0,0,0,0,0,0,0,4
108934,1,0,0,0,0,0,0,0,0,0,0,0,0
108935,1,1,1,1,1,0,0,1,0,1,1,1,10
108936,1,0,1,0,0,0,0,0,0,0,0,0,2
108937,1,0,0,1,0,0,0,0,0,0,0,0,3
108938,1,0,0,0,0,0,0,0,0,0,0,0,0
108939,1,0,0,0,0,0,0,0,0,0,0,0,0
108940,1,1,0,1,1,1,0,0,1,1,1,0,10
108941,1,1,0,0,0,0,0,0,0,0,0,0,1
108942,1,0,0,0,0,0,0,0,0,0,0,0,0
108943,1,0,1,1,1,1,0,0,0,1,0,0,9
108944,1,0,1,0,1,1,1,1,1,1,0,0,9
108945,1,1,1,0,0,0,0,0,0,0,0,0,2
108946,1,1,1,1,1,1,1,1,1,1,0,0,9
108947,1,0,1,1,1,0,0,0,1,0,0,0,8
108948,1,1,1,1,0,0,0,0,0,0,0,0,3
108949,1,1,1,1,1,0,0,0,0,0,0,0,4
108950,1,1,0,0,0,1,0,1,1,1,1,0,10
108951,1,1,0,0,0,0,1,0,0,0,0,0,6
108952,1,1,1,1,0,1,1,1,1,0,1,0,10
108953,1,1,1,1,1,1,1,1,1,1,1,1,10
108954,1,1,1,1,0,0,0,0,0,0,0,0,3
108955,1,0,0,0,0,0,0,0,0,0,0,0,0
108956,1,1,1,1,0,1,0,0,0,0,0,0,5
108957,1,1,0,1,1,0,0,0,1,1,0,0,9
108958,1,1,0,0,0,0,0,0,0,0,0,0,1
108959,1,0,0,0,0,0,0,0,0,0,0,0,0
108960,1,0,0,0,0,0,0,0,0,0,0,0,0
108961,1,1,0,1,1,1,1,1,1,1,1,1,10
108962,1,1,1,0,0,1,1,1,1,0,0,0,8
108963,1,1,1,1,1,0,0,1,1,1,1,1,10
108964,1,0,0,0,0,0,0,0,0,1,0,0,9
108965,1,0,1,0,0,0,1,0,0,0,0,0,6
108966,1,1,0,0,0,0,0,0,0,0,0,0,1
108967,1,0,0,0,0,0,0,0,0,0,0,0,0
108968,1,0,0,0,0,0,0,0,0,0,0,0,0
108969,1,0,0,0,0,0,0,0,0,0,0,0,0
108970,1,1,0,0,0,0,0,0,0,0,0,0,1
108971,1,0,0,0,0,0,0,0,0,0,0,0,0
108972,1,0,0,0,0,0,0,0,0,0,0,0,0
108973,1,0,0,0,0,0,0,0,0,0,0,0,0
108974,1,0,0,0,0,0,0,0,0,0,0,0,0
108975,1,1,1,1,1,1,1,1,1,0,0,0,8
108976,1,0,0,0,0,0,0,0,0,0,0,0,0
108977,1,1,1,0,1,0,0,0,0,0,0,0,4
108978,1,0,0,0,0,0,0,0,0,0,0,0,0
108979,1,0,0,1,1,1,1,0,0,0,0,0,6
108980,1,0,1,0,0,0,1,0,0,0,0,0,6
108981,1,0,0,0,0,0,0,0,0,0,0,0,0
108982,1,1,1,0,0,0,0,0,0,0,0,0,2
108983,1,0,1,1,1,1,1,1,1,1,1,0,10
108984,1,1,1,1,1,0,1,0,0,1,1,0,10
108985,1,0,0,0,0,0,0,0,0,0,0,0,0
108986,1,1,1,1,0,0,0,0,0,0,0,0,3
108987,1,0,0,1,0,0,0,0,0,0,1,0,10
108988,1,0,1,0,0,1,0,1,0,1,1,1,10
108989,1,0,0,0,0,0,0,0,0,0,0,0,0
108990,1,0,0,0,1,0,1,1,0,0,0,0,7
108991,1,1,1,1,1,1,0,0,0,0,0,0,5
108992,1,1,0,0,0,0,0,0,0,0,0,0,1
108993,1,0,0,0,0,0,0,0,0,0,0,0,0
108994,1,0,0,1,1,1,1,1,1,1,0,1,9
108995,1,0,1,1,1,1,1,1,0,0,0,0,7
108996,1,1,1,1,1,1,1,1,1,1,1,1,10
108997,1,1,1,1,1,1,1,1,1,1,1,0,10
108998,1,0,1,0,0,0,0,0,0,0,0,0,2
108999,1,1,1,1,1,1,1,1,1,1,1,1,10
109000,1,0,0,0,0,0,0,0,0,0,0,0,0
109001,1,1,0,0,0,0,0,0,0,0,0,0,1
109002,1,0,0,0,0,0,0,0,0,0,0,0,0
109003,1,1,0,1,0,0,0,1,0,0,0,0,7
109004,1,1,0,1,0,1,0,0,1,0,1,1,10
109005,1,1,0,0,0,0,0,0,0,0,0,0,1
109006,1,1,1,1,1,1,1,0,0,0,0,0,6
109007,1,1,0,1,1,1,0,1,0,1,1,1,10
109008,1,0,0,0,0,0,0,1,0,0,0,0,7
109009,1,1,0,0,0,0,0,1,0,0,0,0,7
109010,1,1,1,1,0,0,0,0,0,0,0,0,3
109011,1,0,0,0,0,0,0,1,0,1,1,0,10
109012,1,0,0,1,0,0,0,0,0,0,0,0,3
109013,1,1,1,1,1,1,1,1,1,1,1,1,10
109014,1,1,1,1,1,1,1,1,0,0,0,0,7
109015,1,0,0,0,0,0,0,0,0,0,0,0,0
109016,1,0,1,0,0,0,0,0,0,0,0,0,2
109017,1,1,1,1,1,1,1,1,0,0,0,0,7
109018,1,0,0,0,0,0,0,0,0,0,0,0,0
109019,1,0,0,0,0,0,0,0,0,0,0,0,0
109020,1,0,0,1,1,0,0,0,0,0,0,0,4
109021,1,1,0,0,0,0,0,0,0,0,0,0,1
109022,1,1,1,1,1,1,1,1,1,1,1,1,10
109023,1,1,0,0,0,0,0,0,0,0,0,0,1
109024,1,0,1,0,0,0,0,1,0,0,0,0,7
109025,1,1,1,0,1,0,0,0,0,0,0,0,4
109026,1,0,0,0,0,0,0,0,0,0,0,0,0
109027,1,0,0,0,0,0,0,0,0,0,0,0,0
109028,1,0,0,0,0,0,0,0,0,0,0,0,0
109029,1,0,0,0,0,0,0,0,0,0,0,0,0
109030,1,0,0,0,0,0,0,0,1,1,1,1,10
109031,1,0,0,0,0,0,0,0,0,0,0,0,0
109032,1,0,1,0,0,0,0,1,1,0,1,1,10
109033,1,1,1,1,1,1,1,1,1,1,1,1,10
109034,1,0,0,0,0,0,0,0,0,0,0,0,0
109035,1,1,0,0,0,0,0,1,0,0,0,0,7
109036,1,1,1,1,1,1,1,0,1,0,1,1,10
109037,1,1,0,0,0,0,0,0,0,0,0,0,1
109038,1,1,1,1,1,1,1,1,1,1,1,1,10
109039,1,1,0,0,0,0,0,0,0,0,0,0,1
109040,1,0,0,0,0,0,0,0,0,0,0,0,0
109041,1,0,1,0,1,1,0,1,1,1,0,0,9
109042,1,1,1,1,0,1,1,0,0,0,0,0,6
109043,1,0,0,0,0,0,0,1,0,0,0,0,7
109044,1,1,1,1,1,1,1,0,0,0,1,1,10
109045,1,0,0,0,0,0,0,0,0,0,0,0,0
109046,1,0,1,1,0,1,0,0,0,0,0,0,5
109047,1,0,0,0,0,0,0,0,0,0,0,0,0
109048,1,1,1,1,1,0,1,1,1,1,1,1,10
109049,1,1,0,0,0,0,0,0,0,0,0,0,1
109050,1,0,0,0,0,0,0,0,0,0,0,0,0
109051,1,1,1,1,1,1,1,1,1,1,1,1,10
109052,1,0,0,1,1,0,0,1,0,0,0,0,7
109053,1,1,0,0,0,0,0,0,0,0,0,0,1
109054,1,0,0,0,0,0,0,0,0,0,0,0,0
109055,1,0,0,0,0,0,0,0,0,0,0,0,0
109056,1,1,1,1,1,1,1,1,1,1,1,1,10
109057,1,0,0,1,1,0,0,0,0,0,0,0,4
109058,1,1,0,1,0,0,0,0,0,0,0,0,3
109059,1,1,0,0,1,1,1,0,0,0,0,0,6
109060,1,1,1,1,1,1,1,0,0,0,0,0,6
109061,1,1,1,0,0,0,0,0,0,0,0,0,2
109062,1,1,0,0,0,0,0,0,0,0,0,0,1
109063,1,0,0,0,0,0,0,0,0,0,0,0,0
109064,1,1,1,1,1,0,1,1,1,0,0,0,8
109065,1,0,0,1,0,1,1,1,1,1,1,0,10
109066,1,1,1,1,0,0,0,0,0,0,0,0,3
109067,1,0,1,1,0,0,0,0,0,0,0,0,3
109068,1,1,1,1,1,1,1,1,1,1,1,1,10
109069,1,1,0,0,0,0,0,0,0,0,0,0,1
109070,1,0,0,0,0,1,1,0,0,0,0,0,6
109071,1,0,0,0,0,0,0,0,0,0,0,0,0
109072,1,1,1,1,0,1,1,1,1,1,0,0,9
109073,1,1,1,1,1,1,1,0,0,0,0,0,6
109074,1,0,0,0,0,0,0,0,0,0,0,0,0
109075,1,0,0,0,0,0,0,0,0,0,0,0,0
109076,1,1,0,0,0,0,0,0,0,0,0,0,1
109077,1,1,1,0,0,0,1,0,0,0,0,0,6
109078,1,0,0,0,0,0,0,0,0,0,0,0,0
109079,1,0,0,0,0,0,0,0,0,0,0,0,0
109080,1,0,0,0,0,0,0,0,0,0,0,0,0
109081,1,1,0,0,0,0,0,0,0,0,0,0,1
109082,1,0,0,1,0,0,0,0,0,0,0,0,3
109083,1,1,1,1,1,0,0,0,0,0,0,0,4
109084,1,0,1,0,1,0,0,0,0,0,0,0,4
109085,1,0,0,0,0,0,0,0,0,0,0,0,0
109086,1,0,1,1,1,1,1,0,0,0,0,0,6
109087,1,1,1,1,1,1,0,0,0,0,0,0,5
109088,1,1,1,1,1,1,1,1,1,0,1,0,10
109089,1,0,0,0,0,0,0,0,0,0,0,1,0
109090,1,0,0,0,0,0,0,0,0,0,0,0,0
109091,1,0,0,0,1,0,0,0,0,0,0,0,4
109092,1,0,0,0,0,0,0,1,0,0,0,0,7
109093,1,1,0,0,0,0,0,0,1,1,0,1,9
109094,1,0,0,0,0,0,0,0,0,0,0,0,0
109095,1,1,1,1,1,1,1,1,1,1,1,1,10
109096,1,1,1,1,1,1,1,1,1,1,0,0,9
109097,1,0,1,0,1,0,1,0,1,1,1,1,10
109098,1,1,0,0,0,0,0,0,0,0,0,0,1
109099,1,1,1,1,1,1,1,1,1,1,0,1,9
109100,1,1,0,0,0,0,0,0,0,0,0,0,1
109101,1,0,0,0,0,0,0,0,0,0,0,0,0
109102,1,1,0,0,0,0,0,0,0,0,0,0,1
109103,1,0,0,0,0,0,0,1,0,0,0,0,7
109104,1,1,1,1,0,1,1,1,1,1,1,1,10
109105,1,1,0,0,0,0,0,0,0,0,0,0,1
109106,1,0,1,0,0,0,0,0,0,0,0,0,2
109107,1,0,0,0,0,0,0,0,0,0,0,0,0
109108,1,1,0,1,0,0,0,1,1,0,0,0,8
109109,1,1,1,1,0,0,0,0,0,0,0,0,3
109110,1,0,0,0,0,0,0,0,0,0,0,0,0
109111,1,0,0,1,1,1,1,1,0,0,1,0,10
109112,1,1,0,0,1,1,1,1,1,1,1,1,10
109113,1,1,0,0,0,0,0,0,0,0,0,0,1
109114,1,1,1,1,1,1,0,0,0,0,0,0,5
109115,1,0,1,1,0,0,1,0,0,0,0,0,6
109116,1,1,1,1,1,1,1,1,1,1,1,1,10
109117,1,1,1,0,0,0,0,0,0,0,0,0,2
109118,1,1,0,0,0,0,0,0,0,0,0,0,1
109119,1,1,0,0,0,0,0,0,0,1,1,0,10
109120,1,1,0,0,0,0,0,0,0,0,0,0,1
109121,1,1,1,1,1,1,1,1,1,1,1,1,10
109122,1,1,1,1,1,1,1,1,1,1,1,1,10
109123,1,1,1,1,0,0,0,0,0,0,0,0,3
109124,1,1,0,1,1,0,0,0,0,1,1,0,10
109125,1,1,1,1,1,1,1,1,1,1,1,1,10
109126,1,1,1,0,0,0,0,0,0,0,0,0,2
109127,1,1,0,0,0,0,0,0,0,0,0,0,1
109128,1,1,0,0,0,0,0,0,0,0,0,0,1
109129,1,1,1,0,0,0,0,0,0,0,0,0,2
109130,1,0,1,1,0,0,0,0,0,0,0,0,3
109131,1,0,0,0,0,0,0,0,0,0,0,0,0
109132,1,1,0,0,0,0,0,0,0,0,1,0,10
109133,1,1,1,0,0,0,0,0,0,0,0,0,2
109134,1,0,0,0,0,0,0,1,0,0,0,0,7
109135,1,0,0,0,1,1,1,1,1,1,1,0,10
109136,1,0,0,0,0,0,0,0,0,0,0,0,0
109137,1,0,0,0,0,0,0,1,1,1,1,1,10
109138,1,1,1,1,0,0,0,0,0,0,0,0,3
109139,1,1,1,1,0,0,1,0,0,0,0,0,6
109140,1,1,0,0,0,0,0,0,0,0,0,0,1
109141,1,1,1,1,0,1,0,1,1,1,1,0,10
109142,1,0,0,0,0,0,0,0,0,0,0,0,0
109143,1,0,0,0,0,0,0,0,0,0,0,0,0
109144,1,1,0,0,0,0,0,0,0,0,0,0,1
109145,1,0,0,0,0,0,0,0,0,0,0,0,0
109146,1,0,0,0,0,0,0,0,0,0,0,0,0
109147,1,1,1,0,1,0,0,0,0,0,0,0,4
109148,1,0,1,1,0,0,0,0,0,0,0,0,3
109149,1,0,0,0,0,0,0,0,0,0,0,0,0
109150,1,0,0,0,0,0,0,0,0,0,0,0,0
109151,1,0,1,1,1,1,1,1,0,1,1,0,10
109152,1,0,1,0,0,0,0,0,0,0,0,0,2
109153,1,0,0,0,0,0,0,0,0,0,0,0,0
109154,1,0,0,0,0,1,0,0,0,0,0,0,5
109155,1,1,1,1,0,0,0,0,0,0,0,0,3
109156,1,1,0,0,0,1,1,1,1,1,1,1,10
109157,1,0,0,0,0,0,0,0,0,0,0,0,0
109158,1,1,0,0,0,0,0,0,0,0,0,0,1
109159,1,0,0,0,0,0,0,0,0,0,0,0,0
109160,1,0,0,0,0,0,0,0,0,0,0,0,0
109161,1,1,0,0,0,1,1,1,0,0,1,0,10
109162,1,1,1,1,0,1,1,0,0,0,1,0,10
109163,1,1,1,1,1,0,0,0,0,0,0,0,4
109164,1,0,0,1,0,1,1,0,0,0,0,0,6
109165,1,0,0,0,0,0,0,0,0,0,0,0,0
109166,1,0,1,1,0,1,1,1,1,1,1,0,10
109167,1,1,1,0,1,0,0,1,1,1,0,0,9
109168,1,0,0,0,0,0,0,0,0,0,0,0,0
109169,1,1,1,0,0,0,0,0,0,0,0,0,2
109170,1,0,1,0,1,1,0,1,1,1,1,0,10
109171,1,0,0,0,0,0,0,0,0,0,0,0,0
109172,1,1,0,0,0,0,0,0,0,0,0,0,1
109173,1,1,1,0,0,0,0,0,0,0,0,0,2
109174,1,1,1,1,1,1,1,1,1,1,1,1,10
109175,1,0,1,0,0,1,1,1,1,1,1,0,10
109176,1,0,1,0,0,1,1,0,1,1,1,1,10
109177,1,0,0,0,0,0,0,0,0,0,0,0,0
109178,1,0,1,0,0,0,0,0,0,0,0,0,2
109179,1,0,1,0,0,0,0,0,0,0,0,0,2
109180,1,0,1,0,0,0,0,0,0,0,0,0,2
109181,1,1,1,0,0,0,0,0,0,0,0,0,2
109182,1,0,0,0,0,0,0,0,0,0,0,0,0
109183,1,1,1,1,1,1,0,0,0,0,0,0,5
109184,1,1,0,0,0,0,0,0,0,0,0,0,1
109185,1,0,0,0,0,0,0,0,0,0,0,0,0
109186,1,1,1,1,1,0,0,0,0,0,0,0,4
109187,1,0,0,0,0,0,0,0,0,0,0,0,0
109188,1,0,0,0,0,0,0,1,0,1,0,0,9
109189,1,1,1,0,0,0,0,0,0,0,0,0,2
109190,1,1,0,0,0,0,0,0,0,0,0,0,1
109191,1,1,0,1,0,0,0,0,0,0,0,0,3
109192,1,0,0,0,0,0,0,0,0,0,0,0,0
109193,1,1,1,1,1,1,0,0,0,0,0,0,5
109194,1,0,1,1,1,0,0,0,1,0,0,0,8
109195,1,0,0,0,0,0,0,0,0,0,0,1,0
109196,1,1,1,1,1,1,1,1,1,1,1,1,10
109197,1,0,0,0,0,0,0,0,0,0,0,0,0
109198,1,0,1,0,0,0,1,0,0,0,0,0,6
109199,1,1,1,1,1,0,1,0,0,0,0,0,6
109200,1,0,1,1,1,1,1,1,0,1,0,1,9
109201,1,0,0,0,0,0,0,0,0,0,0,0,0
109202,1,0,0,0,0,0,0,0,0,0,0,0,0
109203,1,0,1,1,0,0,0,0,0,0,0,0,3
109204,1,0,0,0,0,0,0,0,0,0,0,0,0
109205,1,1,0,0,0,0,0,0,0,0,0,0,1
109206,1,0,0,0,0,0,0,0,0,0,0,0,0
109207,1,1,1,1,1,1,1,1,1,0,1,1,10
109208,1,1,1,1,1,1,0,1,1,1,1,1,10
109209,1,0,1,1,1,1,1,0,0,0,0,0,6
109210,1,0,1,1,1,1,0,0,0,0,0,0,5
109211,1,1,1,0,0,1,1,1,0,0,1,0,10
109212,1,0,0,0,0,0,0,0,0,0,0,0,0
109213,1,1,0,1,0,0,0,0,0,0,0,0,3
109214,1,0,0,0,0,0,0,0,0,0,0,0,0
109215,1,1,0,0,0,0,0,0,0,0,0,0,1
109216,1,0,0,0,0,0,0,0,0,0,0,0,0
109217,1,0,0,0,0,0,0,0,0,0,0,0,0
109218,1,0,1,0,0,1,0,0,0,0,0,0,5
109219,1,0,0,0,0,0,0,0,0,0,0,0,0
109220,1,1,1,0,1,0,1,1,1,0,1,1,10
109221,1,1,1,0,1,1,1,0,0,1,1,1,10
109222,1,1,1,1,1,1,1,1,1,1,1,1,10
109223,1,1,0,0,0,0,1,0,0,0,0,0,6
109224,1,1,1,1,1,1,1,1,1,1,1,1,10
109225,1,0,1,1,1,1,1,1,0,0,0,0,7
109226,1,1,1,1,1,0,0,0,0,0,0,0,4
109227,1,1,1,1,1,1,1,0,1,1,1,0,10
109228,1,0,0,0,0,0,0,0,0,0,0,0,0
109229,1,0,0,0,0,0,0,1,0,0,0,0,7
109230,1,1,0,0,0,0,0,0,0,0,0,0,1
109231,1,0,0,0,1,0,0,0,0,0,0,0,4
109232,1,0,0,0,0,0,0,0,0,0,0,0,0
109233,1,1,1,0,0,0,0,0,0,0,0,0,2
109234,1,1,1,0,0,0,1,0,1,0,0,0,8
109235,1,0,0,0,0,0,0,0,0,0,0,0,0
109236,1,0,0,0,0,1,0,0,1,0,0,0,8
109237,1,1,1,1,1,1,1,1,1,1,1,1,10
109238,1,1,1,1,1,1,1,1,1,1,1,0,10
109239,1,1,0,0,0,0,0,0,0,0,0,1,1
109240,1,1,1,0,0,0,0,1,1,0,0,0,8
109241,1,0,1,0,0,0,0,0,0,0,0,0,2
109242,1,0,1,1,1,1,1,0,1,1,1,1,10
109243,1,0,1,0,1,1,1,0,1,1,0,0,9
109244,1,1,0,1,1,0,0,1,0,0,1,0,10
109245,1,0,0,0,0,0,0,0,0,0,0,0,0
109246,1,1,1,1,1,1,1,1,1,0,1,0,10
109247,1,0,0,0,0,0,0,0,0,0,0,0,0
109248,1,1,0,1,0,0,1,1,1,0,1,0,10
109249,1,0,0,0,0,0,0,0,0,0,0,0,0
109250,1,0,1,0,1,1,1,1,0,0,0,0,7
109251,1,1,1,1,1,1,1,1,1,1,1,1,10
109252,1,1,0,0,0,0,0,0,0,0,0,0,1
109253,1,1,1,1,1,1,0,0,0,0,0,0,5
109254,1,0,0,0,0,0,0,0,0,0,0,0,0
109255,1,1,1,1,0,0,0,0,0,0,0,0,3
109256,1,1,0,0,0,0,0,0,0,0,0,0,1
109257,1,0,0,0,0,0,0,0,0,0,0,0,0
109258,1,0,0,0,0,0,0,0,0,0,0,0,0
109259,1,0,0,0,0,0,0,0,0,0,0,0,0
109260,1,1,1,1,1,1,1,1,1,1,1,0,10
109261,1,1,1,1,1,1,1,1,1,0,0,1,8
109262,1,0,0,1,1,1,1,1,0,0,0,0,7
109263,1,1,1,0,1,0,1,0,0,0,0,0,6
109264,1,1,1,0,0,0,0,0,0,0,0,0,2
109265,1,1,1,1,1,0,1,1,0,0,1,0,10
109266,1,1,1,1,1,1,1,1,1,0,0,0,8
109267,1,0,0,0,0,0,0,0,0,0,0,0,0
109268,1,0,0,0,0,0,0,0,0,0,0,0,0
109269,1,0,0,1,1,0,1,0,0,1,0,0,9
109270,1,0,0,0,0,0,0,0,0,0,0,0,0
109271,1,1,1,1,1,1,1,1,1,1,1,1,10
109272,1,1,0,0,0,0,0,0,0,0,0,0,1
109273,1,0,0,0,0,0,0,0,0,0,0,0,0
109274,1,0,0,1,1,1,1,1,1,0,1,0,10
109275,1,0,1,1,1,1,1,1,1,1,1,0,10
109276,1,1,1,0,0,1,1,1,0,1,1,0,10
109277,1,0,0,0,0,0,0,0,0,0,0,0,0
109278,1,1,0,1,1,0,0,1,1,1,1,0,10
109279,1,1,0,0,1,0,0,0,0,0,0,0,4
109280,1,0,0,1,1,1,0,1,0,1,1,0,10
109281,1,0,1,1,1,0,1,1,1,1,1,1,10
109282,1,1,0,1,1,1,0,0,1,1,1,1,10
109283,1,1,1,0,1,1,1,1,1,1,1,0,10
109284,1,1,1,1,1,1,1,1,1,1,1,1,10
109285,1,1,1,1,1,1,1,1,1,1,1,0,10
109286,1,0,0,1,0,0,0,0,0,0,0,0,3
109287,1,1,0,1,1,1,0,0,0,1,1,1,10
109288,1,0,0,0,0,0,0,0,0,0,0,0,0
109289,1,1,1,1,0,1,1,1,1,0,0,0,8
109290,1,1,1,1,1,1,1,1,0,1,1,0,10
109291,1,1,1,0,1,1,1,1,1,1,0,0,9
109292,1,0,0,0,0,0,0,0,0,0,0,0,0
109293,1,1,1,1,1,1,1,1,1,1,0,1,9
109294,1,1,0,0,0,0,0,0,0,0,0,0,1
109295,1,1,1,1,1,0,0,1,0,1,0,0,9
109296,1,1,1,0,0,0,0,0,0,0,0,0,2
109297,1,1,0,0,0,0,0,1,1,1,1,1,10
109298,1,1,1,0,1,1,1,1,1,0,1,0,10
109299,1,0,0,0,1,0,0,0,0,0,1,0,10
109300,1,1,1,0,1,1,1,1,1,1,1,1,10
109301,1,1,0,0,1,1,1,1,0,1,1,1,10
109302,1,1,1,1,0,0,0,0,0,0,0,0,3
109303,1,0,0,0,0,0,0,0,0,0,0,0,0
109304,1,1,0,1,0,0,0,0,0,0,0,0,3
109305,1,1,0,0,0,0,0,0,0,0,0,0,1
109306,1,1,1,1,1,1,1,1,1,1,1,0,10
109307,1,0,0,0,0,0,0,0,0,0,0,0,0
109308,1,0,0,0,0,0,0,0,0,0,0,0,0
109309,1,1,1,1,0,0,0,0,0,0,0,0,3
109310,1,0,0,0,0,0,0,0,0,0,0,0,0
109311,1,1,1,0,0,0,0,0,0,0,0,0,2
109312,1,1,1,0,0,0,0,0,0,0,0,0,2
109313,1,1,1,0,0,0,0,0,0,0,0,0,2
109314,1,0,0,0,0,0,0,0,0,0,0,0,0
109315,1,1,1,1,0,1,0,1,0,0,0,0,7
109316,1,0,1,0,0,0,0,0,0,0,0,0,2
109317,1,1,1,0,0,0,0,1,1,1,1,1,10
109318,1,0,0,0,0,0,0,0,0,0,0,0,0
109319,1,0,0,0,0,0,0,0,0,0,0,0,0
109320,1,1,1,0,1,0,0,0,1,1,1,1,10
109321,1,0,0,0,0,0,0,0,0,0,0,0,0
109322,1,0,0,0,0,0,0,0,0,0,0,0,0
109323,1,1,1,1,0,0,0,0,0,0,0,0,3
109324,1,0,0,0,0,0,0,0,0,0,0,0,0
109325,1,1,0,0,0,0,0,0,0,0,0,0,1
109326,1,1,0,1,1,0,0,0,0,0,0,0,4
109327,1,0,1,0,1,1,1,1,1,1,1,1,10
109328,1,0,0,0,0,0,0,0,0,0,0,0,0
109329,1,1,1,1,1,0,0,0,0,0,0,0,4
109330,1,1,1,0,0,0,0,1,1,1,1,1,10
109331,1,0,1,0,1,0,1,0,0,1,1,1,10
109332,1,1,0,0,0,0,0,0,0,0,0,0,1
109333,1,1,1,1,1,1,1,1,1,1,1,1,10
109334,1,0,1,0,0,0,0,0,0,0,0,0,2
109335,1,1,0,1,1,1,1,1,1,1,1,1,10
109336,1,0,1,0,0,0,0,0,0,0,0,0,2
109337,1,1,1,1,1,1,1,0,0,1,1,0,10
109338,1,0,0,0,0,0,0,0,0,0,0,0,0
109339,1,0,0,0,0,0,0,0,0,0,0,0,0
109340,1,0,1,1,1,1,1,1,1,1,0,1,9
109341,1,1,0,0,0,0,0,0,0,0,0,0,1
109342,1,1,1,1,1,1,1,1,1,0,0,0,8
109343,1,0,0,0,0,0,0,0,0,0,0,0,0
109344,1,0,0,0,0,0,0,0,0,0,0,0,0
109345,1,1,1,0,0,0,0,0,0,0,0,0,2
109346,1,0,0,0,0,0,0,0,0,0,0,0,0
109347,1,0,1,0,0,0,0,0,0,0,0,0,2
109348,1,1,0,0,0,0,0,0,0,0,0,0,1
109349,1,0,1,1,1,0,1,1,0,1,1,0,10
109350,1,0,0,1,1,0,1,0,0,0,0,0,6
109351,1,1,1,0,1,1,1,0,1,0,0,1,8
109352,1,0,0,0,0,0,0,0,0,0,0,0,0
109353,1,0,0,0,0,0,0,0,0,0,0,0,0
109354,1,1,1,1,1,1,1,1,0,0,0,0,7
109355,1,1,1,1,1,1,1,0,0,1,0,1,9
109356,1,0,0,0,0,1,0,0,0,0,0,0,5
109357,1,1,0,0,0,0,0,0,0,0,0,0,1
109358,1,1,1,0,0,0,1,1,0,0,0,0,7
109359,1,1,1,1,1,1,0,0,0,0,0,0,5
109360,1,0,0,0,0,0,0,0,0,0,0,0,0
109361,1,1,1,1,0,0,0,1,0,0,0,0,7
109362,1,1,1,1,0,0,0,0,0,0,0,0,3
109363,1,0,1,1,0,1,0,0,0,0,0,0,5
109364,1,1,0,1,0,0,0,0,0,0,0,0,3
109365,1,0,0,0,0,0,0,0,0,0,0,0,0
109366,1,0,0,0,1,1,1,0,1,1,0,0,9
109367,1,1,0,0,0,0,0,0,0,0,0,0,1
109368,1,1,1,0,0,1,1,1,0,0,0,0,7
109369,1,0,0,0,0,0,0,0,0,0,0,0,0
109370,1,0,0,0,0,0,0,0,0,0,0,0,0
109371,1,0,0,0,0,0,0,0,0,0,0,0,0
109372,1,0,0,1,0,0,0,0,0,0,0,0,3
109373,1,0,1,1,0,0,0,0,0,1,1,0,10
109374,1,0,0,0,0,0,0,0,0,0,0,0,0
109375,1,0,1,1,1,0,0,0,0,0,0,0,4
109376,1,1,1,1,0,1,1,1,1,1,1,0,10
109377,1,1,0,1,0,0,0,0,0,0,0,0,3
109378,1,0,0,0,0,0,0,0,0,0,0,0,0
109379,1,0,0,0,0,0,0,0,0,0,0,0,0
109380,1,0,0,0,0,0,0,0,0,0,0,0,0
109381,1,0,0,0,1,0,0,0,0,0,0,0,4
109382,1,0,0,0,0,0,0,0,0,0,0,0,0
109383,1,0,0,0,0,0,0,0,0,0,0,0,0
109384,1,1,1,1,1,1,0,1,1,1,1,1,10
109385,1,1,1,1,1,0,0,0,1,1,1,1,10
109386,1,1,1,1,1,1,1,1,1,1,1,0,10
109387,1,0,1,1,1,0,0,0,0,0,0,0,4
109388,1,0,0,0,0,0,0,0,0,0,0,0,0
109389,1,0,0,1,1,0,0,0,0,0,0,0,4
109390,1,1,1,0,0,0,0,0,0,0,0,0,2
109391,1,1,1,1,1,1,1,1,1,1,1,1,10
109392,1,0,0,0,0,0,0,0,0,0,0,0,0
109393,1,1,0,1,0,0,0,0,0,0,0,0,3
109394,1,1,1,1,0,1,0,0,0,0,0,0,5
109395,1,0,0,0,1,1,0,1,0,0,0,0,7
109396,1,0,1,0,0,0,0,0,0,0,0,0,2
109397,1,0,0,1,1,1,0,0,0,0,0,0,5
109398,1,0,0,0,0,0,0,0,0,0,0,0,0
109399,1,0,0,0,0,0,0,0,0,0,0,0,0
109400,1,1,1,1,1,1,1,1,1,0,0,0,8
109401,1,1,0,1,1,1,1,1,1,0,0,0,8
109402,1,1,1,1,1,1,1,1,1,1,1,1,10
109403,1,0,0,0,0,0,0,0,0,0,0,0,0
109404,1,1,1,0,0,0,1,0,0,0,0,0,6
109405,1,0,0,0,0,1,1,1,0,0,0,0,7
109406,1,1,1,1,1,1,1,0,1,1,1,1,10
109407,1,1,0,0,0,0,0,0,0,0,0,0,1
109408,1,0,0,0,0,0,0,0,0,0,0,0,0
109409,1,0,0,0,0,0,0,0,0,0,0,0,0
109410,1,0,1,1,1,1,1,1,1,1,0,1,9
109411,1,0,0,0,0,0,0,0,0,0,0,0,0
109412,1,1,1,1,1,0,0,1,1,1,1,1,10
109413,1,0,0,0,0,0,0,0,0,0,0,0,0
109414,1,0,0,0,0,0,0,0,0,0,0,0,0
109415,1,0,0,0,0,0,0,0,0,0,0,0,0
109416,1,1,0,0,0,0,0,0,0,0,0,0,1
109417,1,1,0,0,0,0,0,0,0,0,0,0,1
109418,1,0,0,0,0,0,0,0,0,0,0,0,0
109419,1,0,0,1,0,0,0,0,0,0,1,1,10
109420,1,1,1,1,1,1,1,1,1,1,1,1,10
109421,1,0,1,1,1,0,0,0,0,0,0,0,4
109422,1,1,1,1,1,1,1,1,1,1,0,1,9
109423,1,0,0,0,0,0,0,0,0,0,0,0,0
109424,1,1,1,1,0,0,0,0,0,0,0,0,3
109425,1,1,0,0,0,0,0,0,0,0,0,0,1
109426,1,1,1,1,1,1,0,1,1,1,1,1,10
109427,1,0,0,1,1,0,1,0,0,0,0,0,6
109428,1,0,0,0,0,0,0,0,0,0,0,0,0
109429,1,1,1,0,0,1,1,1,0,0,0,1,7
109430,1,1,1,1,1,1,0,1,1,1,1,1,10
109431,1,0,0,0,0,0,0,0,0,0,0,0,0
109432,1,0,1,0,0,1,1,0,0,0,0,0,6
109433,1,0,0,0,0,0,0,0,0,0,0,0,0
109434,1,0,0,0,0,0,0,0,0,0,0,0,0
109435,1,1,1,0,0,0,0,0,1,0,0,0,8
109436,1,1,1,1,1,1,1,1,0,0,1,1,10
109437,1,1,1,0,0,0,0,0,0,0,0,0,2
109438,1,0,0,0,0,0,0,0,0,0,1,0,10
109439,1,1,1,1,1,1,1,1,0,1,1,1,10
109440,1,1,1,1,1,1,1,1,1,0,0,0,8
109441,1,1,1,0,0,0,0,0,0,0,0,0,2
109442,1,1,1,1,0,0,0,0,0,0,0,0,3
109443,1,0,1,0,0,0,0,0,0,0,0,0,2
109444,1,0,0,0,0,0,0,0,0,0,0,0,0
109445,1,1,1,1,0,0,0,0,0,0,0,0,3
109446,1,1,1,1,1,1,0,1,0,0,0,0,7
109447,1,0,1,0,0,1,0,1,1,0,1,0,10
109448,1,1,1,0,1,1,0,1,1,1,1,0,10
109449,1,0,1,1,1,0,1,0,1,1,1,1,10
109450,1,0,0,0,0,0,0,0,0,0,0,0,0
109451,1,1,0,1,1,1,0,1,1,1,1,1,10
109452,1,1,0,0,0,0,0,1,0,0,0,0,7
109453,1,0,0,0,0,0,0,0,0,0,0,0,0
109454,1,1,0,1,1,1,0,0,0,0,0,0,5
109455,1,0,0,0,0,0,0,0,0,0,0,0,0
109456,1,0,0,0,0,0,0,0,0,0,0,0,0
109457,1,1,1,0,1,1,1,1,1,1,1,1,10
109458,1,1,1,0,1,0,0,1,1,1,1,1,10
109459,1,0,1,0,0,0,0,0,0,0,0,0,2
109460,1,1,1,1,1,0,0,0,0,0,0,0,4
109461,1,1,1,1,1,1,1,0,0,0,1,0,10
109462,1,1,0,0,1,0,0,0,0,0,0,0,4
109463,1,0,0,0,1,1,1,0,0,1,1,1,10
109464,1,1,1,1,1,1,1,1,1,0,1,1,10
109465,1,1,1,1,1,1,1,1,1,1,1,1,10
109466,1,1,1,1,1,1,1,1,1,1,1,1,10
109467,1,1,1,1,1,0,0,1,0,0,0,0,7
109468,1,1,1,1,1,1,1,1,1,1,0,0,9
109469,1,1,1,1,1,1,1,1,1,1,1,1,10
109470,1,1,1,0,0,1,1,1,0,0,0,1,7
109471,1,0,0,0,0,0,0,0,0,0,0,0,0
109472,1,1,1,0,0,1,0,0,0,1,0,1,9
109473,1,1,0,0,0,0,0,0,0,0,0,0,1
109474,1,1,1,1,1,1,1,1,1,1,0,0,9
109475,1,0,0,0,0,0,0,0,0,0,0,0,0
109476,1,0,1,0,0,0,1,0,0,0,0,0,6
109477,1,1,0,0,0,0,0,0,0,0,0,0,1
109478,1,0,0,0,0,0,0,0,0,0,0,0,0
109479,1,1,0,0,0,0,0,0,0,0,0,0,1
109480,1,0,1,1,0,0,1,1,1,0,0,0,8
109481,1,1,0,0,0,0,0,0,0,0,0,0,1
109482,1,0,0,0,0,0,0,0,0,0,0,0,0
109483,1,0,0,0,0,0,0,0,0,0,0,0,0
109484,1,1,0,0,0,0,0,0,0,0,0,0,1
109485,1,0,0,0,0,0,0,0,0,0,0,0,0
109486,1,1,0,0,0,0,0,0,0,0,0,0,1
109487,1,1,1,1,1,1,1,1,0,0,0,0,7
109488,1,0,0,0,0,0,0,0,0,0,0,0,0
109489,1,1,1,1,1,1,0,0,0,0,1,0,10
109490,1,1,1,1,1,1,1,1,0,1,1,0,10
109491,1,0,1,0,1,1,1,1,1,0,1,1,10
109492,1,1,0,0,0,0,0,0,0,0,0,0,1
109493,1,1,0,1,0,0,0,1,0,1,1,1,10
109494,1,0,1,1,1,0,0,0,0,0,0,0,4
109495,1,0,1,1,1,0,1,1,0,0,1,0,10
109496,1,1,1,1,1,1,0,0,0,0,0,0,5
109497,1,0,1,1,0,0,1,1,1,1,1,1,10
109498,1,0,0,0,0,0,0,0,0,0,0,0,0
109499,1,0,0,1,0,0,1,1,1,1,1,0,10
109500,1,0,0,0,0,0,0,0,0,0,0,0,0
109501,1,1,0,0,1,1,1,1,1,1,1,0,10
109502,1,1,1,1,0,0,0,0,0,0,0,0,3
109503,1,1,1,0,0,0,0,0,0,0,0,0,2
109504,1,0,0,0,0,0,0,0,0,0,0,0,0
109505,1,1,0,0,0,0,0,0,0,0,0,0,1
109506,1,0,0,0,0,0,0,0,0,0,0,0,0
109507,1,0,1,0,0,0,0,0,0,0,0,0,2
109508,1,1,1,1,1,0,1,1,1,1,0,0,9
109509,1,1,1,1,1,1,0,0,0,0,0,0,5
109510,1,1,1,0,0,0,0,0,0,0,0,0,2
109511,1,0,0,0,0,0,0,0,0,0,0,0,0
109512,1,1,1,0,0,0,0,0,0,0,0,0,2
109513,1,0,0,0,0,1,0,1,1,1,1,1,10
109514,1,0,1,1,1,1,1,0,1,1,1,1,10
109515,1,1,0,0,0,0,0,0,0,0,1,0,10
109516,1,0,0,0,0,0,0,0,0,0,0,0,0
109517,1,0,0,0,0,0,0,0,0,0,0,0,0
109518,1,1,1,0,0,0,0,0,0,0,0,0,2
109519,1,0,0,0,0,0,0,0,0,0,0,0,0
109520,1,0,0,0,0,0,0,0,0,0,0,0,0
109521,1,1,1,1,1,1,1,1,1,1,1,1,10
109522,1,1,0,0,0,0,0,0,0,0,0,0,1
109523,1,0,1,1,1,0,0,1,1,0,1,1,10
109524,1,0,0,0,0,0,0,0,0,0,0,0,0
109525,1,0,0,0,0,0,0,0,0,0,0,0,0
109526,1,0,0,0,0,0,0,0,0,0,0,0,0
109527,1,0,0,0,0,0,0,0,0,0,0,0,0
109528,1,0,0,0,0,0,0,0,0,0,0,0,0
109529,1,0,1,1,1,1,1,1,1,1,1,0,10
109530,1,1,1,1,1,0,0,1,0,1,1,0,10
109531,1,0,0,0,1,0,0,0,0,0,0,0,4
109532,1,1,1,1,1,1,1,1,1,1,1,1,10
109533,1,1,0,0,0,0,0,0,0,0,0,0,1
109534,1,0,0,0,0,0,0,0,0,0,0,0,0
109535,1,0,0,0,0,0,0,0,0,0,0,0,0
109536,1,1,1,1,1,1,1,1,1,1,0,1,9
109537,1,1,0,1,1,1,1,1,0,1,0,0,9
109538,1,0,0,1,1,0,0,1,0,0,0,0,7
109539,1,0,0,0,0,0,0,0,0,0,0,0,0
109540,1,1,1,1,1,1,0,1,1,1,0,0,9
109541,1,0,0,1,0,0,1,1,1,1,0,0,9
109542,1,0,0,0,0,0,0,0,0,0,0,0,0
109543,1,1,1,1,0,0,0,0,1,0,1,0,10
109544,1,1,1,0,0,0,0,0,0,0,0,0,2
109545,1,0,1,0,0,0,0,0,0,0,0,0,2
109546,1,1,1,1,1,1,1,0,1,1,1,1,10
109547,1,0,0,0,0,0,0,1,1,1,1,0,10
109548,1,1,1,1,1,1,1,1,1,1,0,0,9
109549,1,1,0,0,0,0,0,0,0,0,0,0,1
109550,1,1,1,1,1,1,0,0,0,0,0,0,5
109551,1,0,0,0,0,0,0,0,0,0,0,0,0
109552,1,1,1,1,0,0,0,0,0,0,0,0,3
109553,1,0,0,0,0,0,0,0,0,0,0,0,0
109554,1,0,0,0,0,0,0,0,0,0,0,0,0
109555,1,0,0,0,0,0,0,0,0,0,0,0,0
109556,1,1,0,0,0,0,0,0,0,0,0,0,1
109557,1,0,0,0,0,0,0,0,0,0,0,0,0
109558,1,1,0,1,0,1,1,0,1,1,1,0,10
109559,1,0,1,1,1,0,0,0,0,0,0,0,4
109560,1,0,0,0,0,0,0,0,0,0,0,0,0
109561,1,0,1,0,0,1,1,1,1,1,0,0,9
109562,1,0,0,0,0,0,0,0,0,0,0,0,0
109563,1,1,0,1,0,0,0,0,0,0,0,0,3
109564,1,1,1,0,0,0,0,0,0,0,0,0,2
109565,1,1,1,0,1,0,0,0,0,0,1,1,10
109566,1,0,0,0,0,0,0,0,0,0,0,0,0
109567,1,0,0,0,0,0,1,0,0,0,0,0,6
109568,1,1,0,1,1,0,0,0,0,0,0,0,4
109569,1,0,0,0,0,0,0,0,0,0,0,0,0
109570,1,0,0,1,0,0,1,0,0,0,0,0,6
109571,1,1,0,1,1,1,0,0,0,0,0,0,5
109572,1,1,1,1,1,1,1,1,1,0,0,0,8
109573,1,1,0,0,0,0,0,0,0,0,0,0,1
109574,1,0,1,1,1,0,1,0,0,1,1,1,10
109575,1,1,1,0,0,0,0,0,0,0,0,1,2
109576,1,1,1,1,1,1,0,0,0,0,0,0,5
109577,1,1,0,0,0,0,0,0,0,0,0,0,1
109578,1,0,0,0,0,0,0,0,0,0,0,0,0
109579,1,0,1,1,0,0,0,0,0,1,0,0,9
109580,1,1,1,1,1,1,1,1,0,0,0,0,7
109581,1,1,0,0,0,0,0,1,1,0,1,0,10
109582,1,0,0,0,0,0,0,0,0,0,0,0,0
109583,1,1,0,0,0,0,0,0,0,0,1,0,10
109584,1,1,0,1,1,1,1,1,0,0,1,1,10
109585,1,1,1,1,1,1,1,1,1,1,1,1,10
109586,1,1,1,1,1,0,0,0,1,1,1,1,10
109587,1,0,0,0,0,0,0,0,0,0,0,0,0
109588,1,1,0,1,0,0,0,0,0,0,0,0,3
109589,1,0,0,0,0,0,0,0,0,0,0,0,0
109590,1,0,0,0,0,0,0,0,0,0,0,0,0
109591,1,0,0,0,0,0,0,0,0,0,0,0,0
109592,1,1,0,1,1,1,0,0,1,1,0,1,9
109593,1,1,1,0,0,0,0,0,0,0,0,0,2
109594,1,1,1,1,0,0,0,0,0,0,0,0,3
109595,1,0,1,0,0,0,0,0,0,0,0,0,2
109596,1,0,1,1,0,0,1,1,0,1,1,0,10
109597,1,0,0,0,0,1,0,0,0,1,0,0,9
109598,1,1,1,1,1,0,0,0,0,0,0,0,4
109599,1,0,0,0,1,1,1,1,1,1,1,1,10
109600,1,0,0,0,0,0,0,0,0,0,0,0,0
109601,1,1,1,1,0,0,1,1,0,0,0,0,7
109602,1,0,0,0,0,0,0,0,0,0,0,0,0
109603,1,0,1,1,1,1,1,0,0,0,0,0,6
109604,1,0,1,1,1,1,0,0,1,1,0,0,9
109605,1,1,0,1,1,1,1,0,0,0,0,0,6
109606,1,1,1,1,1,0,0,0,0,0,0,0,4
109607,1,1,1,0,1,1,1,0,0,0,0,0,6
109608,1,1,1,1,1,1,1,1,0,0,0,0,7
109609,1,1,1,1,1,0,1,1,1,1,1,1,10
109610,1,1,1,1,1,0,0,0,0,0,0,1,4
109611,1,1,1,1,0,1,1,1,1,1,1,1,10
109612,1,1,0,0,0,0,0,0,0,0,0,0,1
109613,1,1,0,0,0,0,0,0,0,0,0,0,1
109614,1,1,1,1,1,1,1,1,1,1,0,0,9
109615,1,0,1,1,0,0,1,0,0,0,0,0,6
109616,1,0,1,1,1,0,1,0,1,1,1,0,10
109617,1,0,0,0,0,0,0,0,0,0,0,0,0
109618,1,0,0,0,0,0,0,0,0,0,0,0,0
109619,1,0,0,0,0,0,0,0,0,0,0,0,0
109620,1,0,0,0,0,0,0,0,0,0,0,0,0
109621,1,0,0,0,0,0,0,0,0,0,0,0,0
109622,1,1,1,0,0,0,0,0,0,0,0,0,2
109623,1,0,0,0,0,1,0,0,0,0,0,0,5
109624,1,1,1,1,1,1,1,1,1,1,1,1,10
109625,1,0,1,0,0,0,0,0,0,0,1,0,10
109626,1,1,0,0,0,0,0,0,0,0,0,0,1
109627,1,1,1,0,0,0,0,0,0,0,0,0,2
109628,1,0,0,0,0,0,0,0,0,0,0,0,0
109629,1,0,1,1,0,0,0,0,0,0,0,0,3
109630,1,1,0,1,1,1,0,0,0,0,0,0,5
109631,1,0,0,0,0,1,1,1,0,1,1,0,10
109632,1,1,1,1,1,0,0,1,1,1,1,0,10
109633,1,0,1,1,0,0,1,0,0,0,0,0,6
109634,1,1,0,0,0,0,1,0,0,0,0,0,6
109635,1,1,1,0,0,0,0,0,0,0,0,0,2
109636,1,0,0,0,0,0,0,0,0,0,0,0,0
109637,1,0,1,1,1,1,0,1,1,1,0,0,9
109638,1,1,1,1,0,1,1,1,0,0,0,0,7
109639,1,1,1,1,1,1,1,0,1,0,0,0,8
109640,1,1,1,1,1,1,1,1,1,1,1,1,10
109641,1,1,0,0,0,0,0,0,0,0,0,0,1
109642,1,0,1,0,0,0,0,1,1,1,0,1,9
109643,1,0,0,0,0,0,0,0,0,0,0,0,0
109644,1,0,0,0,0,0,0,0,0,0,0,0,0
109645,1,0,0,0,0,0,1,0,0,0,0,0,6
109646,1,1,1,0,1,1,1,0,0,0,0,0,6
109647,1,1,0,0,0,0,0,0,0,0,0,0,1
109648,1,1,0,0,0,0,0,0,0,0,0,0,1
109649,1,0,0,0,0,0,0,0,0,0,0,0,0
109650,1,1,1,1,1,1,1,1,1,1,1,0,10
109651,1,1,0,0,0,0,0,0,0,0,0,0,1
109652,1,0,0,0,0,0,0,0,0,0,0,0,0
109653,1,0,0,1,0,0,0,0,0,0,0,0,3
109654,1,1,0,0,0,0,0,0,0,0,0,1,1
109655,1,0,0,0,0,0,0,0,0,0,0,0,0
109656,1,1,1,1,1,1,1,1,1,1,1,1,10
109657,1,1,1,0,1,1,1,1,1,1,1,1,10
109658,1,0,1,1,1,1,0,1,1,1,0,1,9
109659,1,1,1,1,1,1,0,0,0,1,1,1,10
109660,1,1,1,0,0,0,1,0,0,0,0,0,6
109661,1,0,1,0,0,1,0,1,0,0,0,0,7
109662,1,0,0,0,0,0,0,0,0,0,0,0,0
109663,1,0,1,1,0,0,0,0,0,0,0,0,3
109664,1,1,0,0,1,0,0,0,0,0,0,0,4
109665,1,1,1,1,1,1,0,0,0,0,0,0,5
109666,1,0,0,0,0,0,0,0,0,0,0,0,0
109667,1,0,0,0,0,0,0,0,0,0,0,0,0
109668,1,0,0,1,0,0,0,0,0,0,0,0,3
109669,1,0,0,0,0,0,0,1,1,0,0,0,8
109670,1,1,0,0,0,0,0,0,0,0,0,0,1
109671,1,1,1,1,1,1,1,1,1,1,1,1,10
109672,1,0,1,0,0,0,1,0,0,0,0,0,6
109673,1,1,1,1,0,1,1,1,1,1,0,0,9
109674,1,1,1,0,0,0,0,0,0,0,0,0,2
109675,1,0,0,1,0,1,0,1,1,0,1,0,10
109676,1,1,1,1,1,0,1,1,0,0,0,0,7
109677,1,1,1,1,1,1,1,1,0,0,0,0,7
109678,1,0,1,0,0,0,0,0,0,0,0,0,2
109679,1,0,0,0,0,0,0,0,0,0,0,0,0
109680,1,0,1,0,0,0,0,0,0,0,0,0,2
109681,1,0,0,0,1,0,0,0,0,0,0,0,4
109682,1,1,1,1,0,0,0,0,0,0,0,0,3
109683,1,1,0,0,0,0,0,0,0,0,0,0,1
109684,1,0,1,0,0,0,0,0,0,0,0,0,2
109685,1,1,1,1,1,0,0,0,0,0,0,0,4
109686,1,1,0,0,0,0,0,0,0,0,0,0,1
109687,1,1,0,1,0,1,0,1,1,1,0,0,9
109688,1,1,1,1,0,0,0,0,1,1,1,1,10
109689,1,1,1,1,1,1,1,1,1,0,1,0,10
109690,1,1,1,1,0,1,1,1,1,1,1,1,10
109691,1,0,0,0,0,0,0,0,0,0,0,0,0
109692,1,1,1,1,1,1,1,1,1,1,1,1,10
109693,1,1,1,1,1,1,1,1,1,1,1,1,10
109694,1,1,1,1,1,1,1,1,1,1,1,1,10
109695,1,1,1,0,1,0,0,0,0,0,0,0,4
109696,1,0,0,0,0,0,0,0,0,0,0,0,0
109697,1,1,0,0,0,0,0,0,0,0,0,0,1
109698,1,1,1,0,0,1,1,1,1,1,0,0,9
109699,1,0,0,0,0,0,0,0,0,0,0,0,0
109700,1,0,1,0,1,1,0,1,0,1,0,0,9
109701,1,0,0,0,0,0,0,0,1,1,1,1,10
109702,1,0,0,0,0,0,0,0,0,0,0,0,0
109703,1,0,0,0,0,0,0,0,0,0,0,0,0
109704,1,0,0,0,0,0,0,0,0,0,0,0,0
109705,1,0,0,0,0,0,0,0,0,0,0,0,0
109706,1,0,0,0,0,0,0,0,0,0,0,0,0
109707,1,1,0,1,1,1,0,1,1,1,0,1,9
109708,1,1,0,0,0,0,0,0,1,1,0,1,9
109709,1,1,1,1,1,1,1,1,1,1,1,1,10
109710,1,1,1,0,0,0,0,0,0,0,0,0,2
109711,1,0,0,0,0,0,0,0,0,0,0,0,0
109712,1,0,0,0,0,0,0,0,0,0,0,0,0
109713,1,1,1,0,0,0,0,0,0,0,0,0,2
109714,1,1,1,1,1,1,1,1,1,1,1,1,10
109715,1,1,1,1,1,1,0,0,0,0,0,0,5
109716,1,0,0,0,0,0,0,0,0,0,0,0,0
109717,1,1,1,0,0,0,0,0,0,0,0,0,2
109718,1,0,0,1,0,1,1,1,0,1,1,1,10
109719,1,1,0,0,0,0,0,0,0,0,0,0,1
109720,1,0,0,0,0,0,0,0,0,0,0,0,0
109721,1,0,0,0,0,0,0,0,0,0,0,0,0
109722,1,0,0,1,0,0,0,0,0,0,0,0,3
109723,1,1,1,1,1,1,1,1,1,1,1,1,10
109724,1,0,0,0,0,0,0,0,0,0,0,0,0
109725,1,1,0,1,1,0,0,0,0,0,0,0,4
109726,1,1,0,0,0,0,0,0,0,0,0,0,1
109727,1,1,0,0,0,0,0,0,0,0,0,0,1
109728,1,0,1,1,1,0,1,1,1,1,1,1,10
109729,1,1,1,1,1,1,1,1,1,0,0,0,8
109730,1,1,1,1,1,1,1,1,0,0,0,0,7
109731,1,0,0,0,0,0,0,0,0,0,0,0,0
109732,1,0,0,0,0,0,0,0,0,0,0,0,0
109733,1,1,0,0,0,1,1,1,0,0,0,0,7
109734,1,0,0,1,0,1,0,0,0,0,0,0,5
109735,1,0,0,0,0,0,0,0,0,0,0,0,0
109736,1,0,0,1,1,1,0,1,0,1,0,0,9
109737,1,0,1,0,1,1,1,0,0,0,0,0,6
109738,1,1,1,1,1,1,1,1,1,1,1,1,10
109739,1,1,1,1,1,0,0,1,0,0,0,0,7
109740,1,0,0,0,0,0,0,0,0,1,1,1,10
109741,1,0,0,0,0,0,0,0,0,0,0,0,0
109742,1,0,0,0,0,0,0,0,0,1,1,0,10
109743,1,0,0,0,0,1,1,1,1,0,0,0,8
109744,1,1,1,1,0,0,0,0,0,0,0,0,3
109745,1,0,0,0,0,0,0,0,0,0,0,0,0
109746,1,0,0,0,0,0,0,0,0,0,0,0,0
109747,1,0,0,0,0,0,0,0,0,0,0,0,0
109748,1,0,0,0,0,0,0,0,0,0,0,0,0
109749,1,0,0,0,0,0,0,0,0,0,0,0,0
109750,1,0,0,0,0,0,0,0,0,0,0,0,0
109751,1,0,0,0,0,0,1,1,1,0,1,0,10
109752,1,1,1,0,1,0,1,1,1,1,0,1,9
109753,1,1,1,0,0,0,0,0,0,0,0,0,2
109754,1,1,1,1,1,1,1,1,1,1,1,1,10
109755,1,1,1,1,0,0,0,0,0,0,0,0,3
109756,1,1,1,1,1,1,0,0,0,0,0,0,5
109757,1,0,0,0,0,0,0,0,0,0,0,0,0
109758,1,0,0,0,0,1,1,0,0,0,0,0,6
109759,1,1,0,1,0,0,0,0,0,0,0,0,3
109760,1,1,0,0,1,1,0,0,1,0,0,0,8
109761,1,0,0,0,0,0,0,0,0,0,0,0,0
109762,1,0,0,0,0,0,0,0,0,0,0,0,0
109763,1,0,0,0,0,0,0,0,0,0,0,0,0
109764,1,0,1,0,0,1,1,1,0,1,1,1,10
109765,1,0,1,1,0,0,0,0,0,0,0,0,3
109766,1,1,1,1,1,1,0,0,0,0,0,0,5
109767,1,0,1,0,1,1,0,0,0,0,0,0,5
109768,1,0,0,0,1,1,1,0,1,0,0,0,8
109769,1,1,0,1,0,1,1,1,0,0,0,0,7
109770,1,0,1,0,0,0,0,0,0,0,0,0,2
109771,1,1,0,0,0,0,0,0,0,0,0,0,1
109772,1,1,1,1,1,1,1,1,1,1,0,1,9
109773,1,0,0,0,0,0,0,0,0,0,0,0,0
109774,1,0,0,0,0,0,0,0,0,0,0,0,0
109775,1,0,0,0,0,0,0,0,0,0,0,0,0
109776,1,1,0,0,0,1,0,0,1,1,0,0,9
109777,1,0,0,0,0,0,0,0,0,0,0,0,0
109778,1,0,1,0,0,1,0,0,0,1,0,0,9
109779,1,0,1,1,0,1,1,1,1,0,0,1,8
109780,1,1,0,0,0,0,0,0,0,0,0,0,1
109781,1,0,0,0,0,0,0,0,0,0,0,0,0
109782,1,1,1,0,0,0,0,0,0,0,0,0,2
109783,1,0,1,0,0,0,0,0,0,0,0,0,2
109784,1,1,0,0,0,0,0,0,0,0,0,0,1
109785,1,1,1,1,1,1,1,1,1,1,0,1,9
109786,1,1,1,1,1,1,1,1,1,1,1,1,10
109787,1,1,1,0,0,0,0,0,0,0,0,0,2
109788,1,0,0,0,0,0,0,0,0,0,0,0,0
109789,1,0,0,0,0,0,1,0,1,0,0,0,8
109790,1,1,1,1,1,1,1,1,1,1,0,0,9
109791,1,1,1,1,0,0,0,0,0,0,0,0,3
109792,1,0,0,0,0,0,0,0,0,0,0,0,0
109793,1,1,1,0,0,0,0,0,0,0,0,0,2
109794,1,1,1,0,0,0,0,0,0,0,0,0,2
109795,1,1,1,0,1,1,1,0,0,1,1,0,10
109796,1,0,0,0,0,0,0,0,0,0,0,0,0
109797,1,0,0,0,0,0,0,0,0,0,0,0,0
109798,1,1,0,0,0,0,0,1,0,0,0,0,7
109799,1,1,0,0,0,0,0,0,0,0,0,0,1
109800,1,1,1,0,0,0,0,0,0,0,0,0,2
109801,1,1,0,0,0,0,0,0,0,0,0,0,1
109802,1,0,1,1,0,1,1,1,0,0,0,0,7
109803,1,0,0,0,0,0,0,0,0,0,0,0,0
109804,1,0,0,1,1,1,1,1,0,1,1,0,10
109805,1,0,0,0,0,0,0,0,0,0,0,0,0
109806,1,0,0,0,0,0,0,0,0,0,0,0,0
109807,1,1,0,0,0,0,0,0,0,0,0,0,1
109808,1,1,1,1,0,0,0,0,0,0,0,0,3
109809,1,1,1,1,0,1,1,1,1,0,1,0,10
109810,1,0,0,0,0,0,0,0,0,0,0,0,0
109811,1,1,1,1,0,0,0,0,0,0,0,0,3
109812,1,0,1,0,0,0,0,0,0,1,0,0,9
109813,1,1,1,1,1,1,0,0,1,0,0,0,8
109814,1,0,0,0,0,0,0,0,0,0,0,0,0
109815,1,0,0,0,0,0,0,1,1,0,0,1,8
109816,1,1,0,1,0,0,1,0,1,1,1,1,10
109817,1,0,0,0,0,0,0,0,1,1,1,0,10
109818,1,0,1,1,1,0,0,1,0,1,1,0,10
109819,1,0,1,0,0,0,0,0,0,0,0,0,2
109820,1,0,0,0,0,0,0,1,1,1,1,1,10
109821,1,0,0,0,0,0,0,0,0,0,0,0,0
109822,1,0,0,0,1,0,0,0,0,0,0,0,4
109823,1,0,1,1,1,0,0,1,1,1,1,1,10
109824,1,0,0,0,0,0,0,0,0,0,0,0,0
109825,1,0,1,0,0,0,0,0,0,0,0,0,2
109826,1,1,1,1,1,1,1,1,1,1,1,0,10
109827,1,0,0,0,0,0,0,0,0,0,0,0,0
109828,1,0,0,1,0,0,0,1,0,0,1,1,10
109829,1,1,1,1,1,1,1,1,1,1,1,1,10
109830,1,1,1,1,1,1,1,1,1,1,1,1,10
109831,1,0,1,1,0,1,0,1,0,0,0,0,7
109832,1,0,0,0,0,0,0,0,0,0,0,0,0
109833,1,0,0,0,0,0,0,0,0,0,0,0,0
109834,1,1,1,1,0,1,1,1,1,1,1,1,10
109835,1,0,1,1,1,0,0,1,1,0,1,0,10
109836,1,0,0,0,0,0,0,0,0,0,0,0,0
109837,1,1,0,0,0,0,0,0,0,0,0,0,1
109838,1,0,0,0,0,0,0,0,0,0,0,0,0
109839,1,1,0,0,0,0,0,0,0,0,0,0,1
109840,1,1,1,0,0,1,1,1,1,1,0,0,9
109841,1,0,0,0,0,0,0,0,0,0,0,0,0
109842,1,1,0,0,0,0,0,0,0,0,0,0,1
109843,1,1,1,1,1,1,1,1,1,0,1,1,10
109844,1,0,0,0,0,0,0,0,0,0,0,0,0
109845,1,1,1,1,1,1,1,1,1,1,1,1,10
109846,1,1,0,1,1,1,1,1,1,1,1,1,10
109847,1,0,0,0,0,0,0,0,0,0,0,0,0
109848,1,1,1,0,0,0,0,0,0,0,0,0,2
109849,1,0,1,0,1,1,0,1,0,0,0,0,7
109850,1,0,0,0,0,0,1,1,1,0,1,0,10
109851,1,0,0,0,0,0,0,0,0,0,0,0,0
109852,1,0,0,1,1,1,1,1,1,1,1,1,10
109853,1,1,1,1,1,1,1,1,1,0,0,0,8
109854,1,0,0,0,0,0,0,0,0,0,0,0,0
109855,1,0,0,0,0,0,0,0,0,0,0,0,0
109856,1,0,1,1,0,0,0,0,0,0,0,0,3
109857,1,1,1,0,0,0,0,0,0,0,0,0,2
109858,1,0,1,0,0,1,1,0,0,0,0,0,6
109859,1,1,0,1,0,0,0,0,0,0,0,0,3
109860,1,0,0,0,0,0,0,0,0,0,0,0,0
109861,1,1,1,1,1,1,1,1,1,1,0,1,9
109862,1,0,1,1,0,0,0,0,0,0,0,0,3
109863,1,0,0,0,0,0,0,0,0,0,0,0,0
109864,1,1,1,0,1,0,1,1,1,0,0,0,8
109865,1,0,0,0,0,0,0,0,0,0,0,0,0
109866,1,1,1,0,0,0,0,0,0,0,0,0,2
109867,1,0,1,0,0,0,0,0,0,0,0,0,2
109868,1,1,0,1,0,0,0,0,0,0,0,0,3
109869,1,1,1,1,1,0,0,0,0,0,0,0,4
109870,1,1,1,1,0,0,0,0,0,0,0,0,3
109871,1,0,0,0,0,0,0,0,0,0,0,0,0
109872,1,0,1,0,1,1,1,1,1,1,1,1,10
109873,1,1,1,1,0,0,0,0,0,0,0,0,3
109874,1,0,0,0,0,0,0,0,0,0,0,0,0
109875,1,1,1,1,1,1,1,1,1,1,1,1,10
109876,1,0,0,0,0,0,0,0,0,0,0,0,0
109877,1,0,1,0,0,0,0,1,1,1,0,1,9
109878,1,0,0,0,0,0,0,0,0,0,0,0,0
109879,1,1,1,1,0,0,0,0,0,0,0,0,3
109880,1,0,1,0,1,1,0,0,0,0,0,0,5
109881,1,1,1,1,0,1,1,1,1,1,1,0,10
109882,1,1,0,1,1,0,1,1,1,1,1,1,10
109883,1,0,1,1,1,1,1,0,0,1,0,0,9
109884,1,1,1,0,0,0,0,1,1,1,1,1,10
109885,1,0,0,0,0,0,0,0,0,0,0,0,0
109886,1,1,0,1,0,0,0,0,0,0,0,0,3
109887,1,1,0,0,0,0,0,0,0,0,0,0,1
109888,1,0,1,1,1,1,1,1,1,1,1,1,10
109889,1,1,1,1,1,1,1,1,1,1,1,1,10
109890,1,1,1,1,0,0,1,1,1,1,0,0,9
109891,1,1,0,0,0,0,0,0,0,0,0,0,1
109892,1,0,0,0,0,0,0,0,0,0,0,0,0
109893,1,0,0,0,0,1,0,0,0,0,0,0,5
109894,1,1,0,0,0,0,0,0,0,0,0,0,1
109895,1,0,1,1,0,0,0,0,0,0,0,0,3
109896,1,0,0,0,0,0,0,0,0,0,0,0,0
109897,1,1,0,0,0,0,0,0,0,0,0,0,1
109898,1,0,0,0,0,0,0,0,0,0,0,0,0
109899,1,1,1,1,1,1,1,1,1,1,1,1,10
109900,1,1,0,1,0,1,1,1,1,1,1,0,10
109901,1,0,1,1,0,0,0,0,0,0,0,0,3
109902,1,1,1,1,1,1,1,1,1,1,1,1,10
109903,1,1,1,1,1,1,0,0,0,0,0,0,5
109904,1,1,1,1,1,1,0,0,0,0,0,0,5
109905,1,1,1,1,0,0,1,0,1,1,1,1,10
109906,1,1,1,0,1,0,1,0,0,0,0,0,6
109907,1,0,0,1,1,1,1,1,1,1,1,1,10
109908,1,1,1,0,0,0,0,1,1,1,1,1,10
109909,1,0,0,0,0,0,0,0,0,0,0,0,0
109910,1,1,1,1,1,1,0,0,0,0,0,1,5
109911,1,0,0,0,1,0,0,0,0,0,0,0,4
109912,1,1,1,0,0,0,0,0,0,0,0,0,2
109913,1,0,0,0,0,0,0,0,0,0,0,0,0
109914,1,1,1,0,0,0,0,0,0,0,0,0,2
109915,1,0,0,0,0,0,0,0,0,0,0,0,0
109916,1,1,1,0,1,1,1,0,0,1,0,1,9
109917,1,0,1,0,0,0,1,1,0,0,0,0,7
109918,1,0,0,0,0,0,0,0,0,0,0,0,0
109919,1,1,1,1,1,1,1,0,1,1,1,1,10
109920,1,1,1,1,1,1,1,0,0,0,0,0,6
109921,1,0,0,0,0,0,0,0,0,0,0,0,0
109922,1,0,0,0,1,0,0,0,0,0,0,0,4
109923,1,1,0,0,0,0,0,0,0,0,0,0,1
109924,1,0,1,1,1,1,1,1,1,1,0,1,9
109925,1,0,0,0,0,0,0,0,0,0,0,0,0
109926,1,1,1,1,1,0,0,0,0,0,0,0,4
109927,1,0,0,0,0,0,0,0,0,0,0,0,0
109928,1,0,0,0,0,0,0,0,0,0,0,0,0
109929,1,1,1,1,1,1,1,1,0,0,1,1,10
109930,1,0,0,0,0,0,0,0,0,0,0,0,0
109931,1,1,1,1,1,0,0,0,0,0,0,0,4
109932,1,1,1,1,1,0,1,0,0,0,0,0,6
109933,1,0,0,0,0,0,0,0,0,0,0,0,0
109934,1,1,1,1,1,1,1,0,0,1,1,1,10
109935,1,1,1,1,1,0,0,0,0,0,0,0,4
109936,1,1,1,1,1,1,0,0,0,0,1,1,10
109937,1,1,1,1,1,0,0,0,0,0,0,0,4
109938,1,1,0,0,0,0,0,0,0,0,0,0,1
109939,1,0,0,0,0,0,0,0,1,1,0,1,9
109940,1,1,1,0,0,0,0,0,0,0,0,0,2
109941,1,1,1,0,0,0,0,0,0,0,0,0,2
109942,1,1,1,1,1,1,1,1,1,1,1,1,10
109943,1,1,0,0,0,0,0,0,0,0,0,0,1
109944,1,0,1,0,0,0,0,0,0,0,1,0,10
109945,1,0,0,0,0,0,0,0,0,0,0,0,0
109946,1,0,0,0,0,0,0,0,0,0,0,0,0
109947,1,1,0,0,0,0,0,0,0,0,0,0,1
109948,1,0,0,0,0,0,0,0,0,0,0,0,0
109949,1,1,0,0,0,0,0,0,0,0,0,0,1
109950,1,0,0,0,0,0,0,0,0,0,0,0,0
109951,1,0,0,0,0,0,0,0,0,0,0,0,0
109952,1,0,0,0,0,0,0,0,0,0,0,0,0
109953,1,0,0,0,0,1,0,0,0,0,0,0,5
109954,1,0,0,0,0,0,0,0,0,0,0,0,0
109955,1,0,1,1,1,0,0,0,0,0,0,0,4
109956,1,1,1,0,0,0,0,0,0,0,0,0,2
109957,1,1,1,0,0,0,0,1,1,0,0,0,8
109958,1,0,1,1,1,1,1,1,1,1,1,1,10
109959,1,0,0,0,0,0,0,0,0,0,0,0,0
109960,1,0,0,0,0,0,0,0,0,0,0,0,0
109961,1,1,1,0,0,0,0,1,0,0,0,0,7
109962,1,1,0,1,1,1,0,0,0,0,0,0,5
109963,1,1,1,1,1,1,1,1,0,0,1,1,10
109964,1,0,0,0,0,0,0,0,0,0,0,0,0
109965,1,0,0,0,0,0,0,0,0,0,0,0,0
109966,1,0,0,0,0,0,0,0,0,0,0,0,0
109967,1,0,0,0,0,0,0,0,0,0,0,0,0
109968,1,1,0,0,0,0,0,0,0,0,0,0,1
109969,1,1,1,0,1,0,0,0,0,0,0,0,4
109970,1,0,0,0,1,1,1,1,0,0,0,0,7
109971,1,1,1,1,1,1,0,0,0,0,0,0,5
109972,1,0,0,0,0,0,0,0,0,0,0,0,0
109973,1,0,0,0,0,1,0,0,0,0,0,0,5
109974,1,0,0,0,0,0,0,0,0,0,0,0,0
109975,1,0,0,0,0,0,0,0,0,0,0,0,0
109976,1,0,0,0,0,0,0,0,0,0,0,0,0
109977,1,0,1,1,0,1,1,0,1,1,1,0,10
109978,1,1,1,0,0,0,0,0,0,0,0,0,2
109979,1,0,0,0,0,0,0,0,0,0,0,0,0
109980,1,0,1,1,1,1,1,1,0,1,0,1,9
109981,1,0,0,0,0,0,0,0,0,0,0,0,0
109982,1,1,1,1,1,1,1,1,1,1,1,0,10
109983,1,0,0,0,0,0,0,0,0,0,0,0,0
109984,1,1,0,0,0,0,0,0,0,0,0,0,1
109985,1,0,1,0,1,1,1,0,0,0,0,0,6
109986,1,1,0,0,0,0,0,0,0,0,0,0,1
109987,1,0,0,0,0,0,0,0,0,0,0,0,0
109988,1,1,1,1,1,1,1,0,0,0,1,0,10
109989,1,1,1,1,0,1,0,0,1,0,0,0,8
109990,1,0,0,0,0,0,0,0,0,0,0,0,0
109991,1,1,1,1,1,1,1,1,1,1,1,0,10
109992,1,0,0,0,0,0,0,0,0,0,0,0,0
109993,1,1,1,1,1,1,0,0,0,0,0,0,5
109994,1,0,0,0,0,0,0,0,0,0,0,0,0
109995,1,0,1,0,0,0,0,0,0,0,0,0,2
109996,1,1,1,0,1,0,0,0,0,0,0,0,4
109997,1,1,1,1,0,0,0,0,0,0,0,0,3
109998,1,1,1,0,1,1,1,1,0,0,0,0,7
109999,1,1,0,0,0,0,0,0,0,0,0,0,1
110000,1,1,0,1,0,0,0,0,0,0,0,0,3
110001,1,0,0,0,0,0,0,0,0,0,0,0,0
110002,1,1,1,1,0,0,0,0,0,0,0,0,3
110003,1,0,0,0,0,0,0,0,0,0,0,0,0
110004,1,1,1,1,0,1,1,0,0,1,0,1,9
110005,1,1,1,1,0,0,0,1,0,0,1,0,10
110006,1,0,1,1,1,1,1,1,1,1,1,1,10
110007,1,0,1,0,1,1,0,0,0,0,0,0,5
110008,1,0,0,0,0,0,0,0,0,0,0,0,0
110009,1,1,1,1,1,1,0,1,1,1,1,0,10
110010,1,0,0,0,0,0,0,0,0,0,0,0,0
110011,1,0,0,0,0,0,0,0,0,0,0,0,0
110012,1,0,0,0,0,0,0,1,1,1,1,1,10
110013,1,1,0,1,1,1,1,0,0,0,0,0,6
110014,1,0,1,0,0,0,0,0,0,0,0,0,2
110015,1,0,0,0,0,0,0,0,0,0,0,0,0
110016,1,1,1,1,1,1,1,1,1,1,1,0,10
110017,1,1,1,0,0,0,0,0,0,0,0,0,2
110018,1,0,0,0,0,0,0,0,0,0,0,0,0
110019,1,0,0,0,0,0,0,0,0,0,0,0,0
110020,1,1,0,0,0,0,0,0,0,0,0,0,1
110021,1,1,0,0,0,0,0,0,0,0,0,0,1
110022,1,1,0,0,0,0,0,0,0,0,0,0,1
110023,1,0,0,0,0,0,0,0,0,0,0,0,0
110024,1,0,1,0,1,0,0,0,0,1,0,0,9
110025,1,0,0,0,1,1,1,0,0,0,0,0,6
110026,1,1,0,0,0,0,0,0,0,0,1,0,10
110027,1,0,0,1,0,1,0,0,0,0,0,0,5
110028,1,0,1,1,0,1,1,0,0,1,1,1,10
110029,1,0,1,0,0,0,1,1,1,0,0,0,8
110030,1,0,0,0,0,1,0,0,0,0,0,0,5
110031,1,1,1,1,0,1,1,1,1,1,1,1,10
110032,1,1,1,1,0,1,1,1,0,0,0,0,7
110033,1,0,0,1,0,0,0,0,0,0,0,0,3
110034,1,1,1,0,0,0,0,0,0,0,0,0,2
110035,1,1,0,0,0,0,1,1,1,1,0,0,9
110036,1,0,1,0,0,0,0,0,0,0,0,0,2
110037,1,0,0,0,0,0,0,0,0,0,0,0,0
110038,1,0,0,0,0,0,0,0,0,0,0,0,0
110039,1,0,1,0,0,0,0,0,0,1,0,0,9
110040,1,0,0,0,0,0,0,0,0,0,0,0,0
110041,1,0,0,0,0,0,0,0,0,0,0,0,0
110042,1,0,0,0,0,0,0,0,0,0,0,0,0
110043,1,1,0,1,1,1,0,1,1,1,0,1,9
110044,1,0,0,0,0,0,0,0,0,0,0,0,0
110045,1,1,1,0,1,1,0,0,0,0,0,0,5
110046,1,1,0,1,1,1,0,1,0,0,0,0,7
110047,1,0,1,0,1,0,0,0,0,0,0,0,4
110048,1,0,0,0,0,0,0,0,0,0,0,0,0
110049,1,0,0,0,0,0,0,0,0,0,0,0,0
110050,1,1,1,1,0,1,0,0,0,0,0,0,5
110051,1,1,0,0,0,0,0,0,0,0,0,0,1
110052,1,1,1,1,1,1,1,1,1,1,0,0,9
110053,1,1,0,1,1,0,0,0,0,0,0,0,4
110054,1,0,0,0,0,0,0,0,0,0,0,0,0
110055,1,1,1,1,1,1,1,1,1,1,1,1,10
110056,1,1,1,1,1,1,0,0,1,0,1,0,10
110057,1,1,0,0,0,0,0,0,0,0,0,0,1
110058,1,1,1,0,0,0,0,0,0,0,0,0,2
110059,1,0,0,0,0,0,0,0,0,0,0,0,0
110060,1,0,0,0,0,0,0,0,0,1,0,0,9
110061,1,0,0,0,0,0,0,0,0,0,0,0,0
110062,1,1,1,1,0,1,1,0,0,0,0,0,6
110063,1,0,1,0,0,1,0,1,0,0,0,0,7
110064,1,0,0,0,0,0,0,0,0,0,0,0,0
110065,1,1,0,0,0,1,1,1,1,1,0,0,9
110066,1,0,0,0,0,0,0,0,0,0,0,0,0
110067,1,0,0,0,0,0,0,0,0,0,0,0,0
110068,1,0,0,0,0,0,0,0,0,0,0,0,0
110069,1,0,1,1,1,0,0,0,0,0,0,0,4
110070,1,1,0,0,0,0,0,0,0,0,0,0,1
110071,1,0,0,0,0,0,0,0,0,0,0,0,0
110072,1,0,0,0,0,0,0,0,0,0,0,0,0
110073,1,0,1,1,1,1,1,1,0,0,0,0,7
110074,1,0,0,0,0,0,0,0,0,0,0,0,0
110075,1,1,0,0,0,0,0,0,0,0,0,0,1
110076,1,1,1,1,1,1,1,0,1,1,1,1,10
110077,1,0,0,1,0,0,1,0,0,1,1,0,10
110078,1,1,1,1,0,0,1,1,0,0,0,0,7
110079,1,1,1,0,0,0,0,0,0,0,0,0,2
110080,1,1,1,1,1,1,1,0,1,1,1,0,10
110081,1,1,1,1,0,0,0,0,0,0,0,0,3
110082,1,1,0,0,0,0,0,0,0,0,0,0,1
110083,1,1,0,1,0,0,0,0,0,0,0,0,3
110084,1,1,0,1,0,0,0,0,1,1,0,1,9
110085,1,0,0,0,0,0,0,0,0,0,0,0,0
110086,1,0,0,0,0,0,0,0,0,0,0,0,0
110087,1,0,1,1,1,1,0,1,1,1,1,1,10
110088,1,1,1,0,1,1,1,0,0,0,0,0,6
110089,1,1,1,1,1,0,1,1,0,0,0,0,7
110090,1,0,0,0,0,0,0,0,0,0,0,0,0
110091,1,1,1,1,1,1,1,1,1,0,0,0,8
110092,1,1,0,1,0,0,0,0,0,0,0,0,3
110093,1,1,1,1,1,1,1,1,1,0,0,0,8
110094,1,0,0,0,0,0,0,0,0,0,0,0,0
110095,1,1,1,1,0,0,0,0,0,0,0,0,3
110096,1,1,0,0,0,0,0,0,0,0,0,0,1
110097,1,0,0,0,0,0,0,0,0,0,0,0,0
110098,1,1,0,0,0,0,0,0,0,0,0,0,1
110099,1,1,0,0,0,0,0,0,0,0,0,0,1
110100,1,0,0,0,0,0,0,0,0,0,0,0,0
110101,1,1,0,0,0,0,0,0,0,0,0,0,1
110102,1,1,1,0,0,0,0,0,0,0,0,0,2
110103,1,1,1,1,1,0,1,0,0,0,0,0,6
110104,1,0,0,0,1,0,0,0,0,0,0,0,4
110105,1,1,1,1,1,0,0,0,0,0,0,0,4
110106,1,0,1,0,0,0,0,0,0,0,0,0,2
110107,1,1,0,0,0,0,0,0,0,0,0,0,1
110108,1,0,0,0,0,0,0,0,0,0,0,0,0
110109,1,1,1,0,1,1,0,1,0,0,0,0,7
110110,1,0,0,0,0,0,1,1,0,0,0,1,7
110111,1,1,0,0,0,0,0,0,0,0,0,0,1
110112,1,1,0,0,0,0,0,0,0,0,0,0,1
110113,1,1,0,0,0,0,0,0,0,0,0,0,1
110114,1,0,0,0,0,0,0,0,0,0,0,0,0
110115,1,0,0,0,0,0,1,0,0,0,0,0,6
110116,1,1,1,1,1,0,0,0,0,0,0,0,4
110117,1,1,0,0,0,0,0,0,0,0,0,0,1
110118,1,0,0,0,0,0,0,0,0,0,0,0,0
110119,1,1,0,0,0,0,1,0,0,0,0,0,6
110120,1,0,1,0,0,0,0,0,0,0,0,0,2
110121,1,0,0,0,0,1,1,1,0,0,1,0,10
110122,1,0,0,0,0,0,0,0,0,0,0,0,0
110123,1,0,0,0,0,0,0,0,0,0,0,0,0
110124,1,0,0,0,0,0,0,0,0,0,0,0,0
110125,1,1,0,0,0,0,0,0,0,0,0,0,1
110126,1,0,0,1,0,0,0,0,0,0,0,0,3
110127,1,1,0,0,1,1,0,1,1,1,1,0,10
110128,1,1,0,0,0,1,1,1,1,0,0,0,8
110129,1,0,0,0,0,0,0,0,0,0,0,0,0
110130,1,1,1,0,0,1,0,1,1,1,1,1,10
110131,1,0,0,0,0,0,0,0,0,0,0,0,0
110132,1,1,1,1,1,1,0,1,1,0,0,0,8
110133,1,0,1,0,0,1,1,1,1,0,0,0,8
110134,1,1,0,0,0,0,0,0,0,0,0,0,1
110135,1,1,1,1,0,1,1,1,1,1,1,1,10
110136,1,1,1,1,1,1,1,0,1,1,0,0,9
110137,1,0,0,0,0,1,0,0,0,0,0,0,5
110138,1,0,0,0,0,0,0,0,0,1,0,0,9
110139,1,0,0,0,0,0,0,0,0,0,0,0,0
110140,1,0,0,0,0,0,0,1,0,1,0,0,9
110141,1,0,1,0,1,1,0,0,1,1,0,0,9
110142,1,1,0,0,0,1,1,1,1,0,0,1,8
110143,1,1,1,1,0,0,0,0,0,0,0,0,3
110144,1,0,0,0,0,0,1,0,0,0,0,0,6
110145,1,0,0,0,0,0,0,0,0,0,0,0,0
110146,1,1,1,0,0,0,0,0,0,0,0,0,2
110147,1,1,0,1,0,0,0,0,0,0,0,0,3
110148,1,1,0,0,0,0,0,0,0,0,0,0,1
110149,1,0,0,0,0,0,0,0,0,0,0,0,0
110150,1,1,0,0,0,0,0,0,0,0,0,0,1
110151,1,0,0,0,0,0,1,1,1,1,1,1,10
110152,1,1,1,1,1,0,1,1,1,1,1,0,10
110153,1,0,0,0,0,0,0,0,0,0,0,0,0
110154,1,1,1,0,1,0,0,0,0,0,0,0,4
110155,1,0,1,0,0,0,0,0,0,0,0,0,2
110156,1,0,0,0,1,0,1,1,1,1,1,1,10
110157,1,1,1,1,1,1,0,1,1,0,0,0,8
110158,1,0,0,0,0,0,0,0,0,0,0,0,0
110159,1,1,0,0,0,0,0,0,0,0,0,0,1
110160,1,1,1,0,0,0,0,0,0,0,0,0,2
110161,1,1,0,1,0,0,0,0,0,0,0,0,3
110162,1,0,0,0,0,0,0,0,0,0,0,0,0
110163,1,0,1,0,0,0,0,0,0,0,0,0,2
110164,1,0,1,1,0,0,0,0,0,0,0,0,3
110165,1,0,0,0,0,0,0,0,0,1,0,0,9
110166,1,0,0,0,0,0,0,0,0,0,0,0,0
110167,1,0,0,0,0,0,0,0,0,0,0,0,0
110168,1,1,1,1,1,0,0,0,0,1,1,1,10
110169,1,0,0,0,0,0,0,0,0,0,1,0,10
110170,1,1,1,1,0,0,0,1,1,1,0,0,9
110171,1,0,0,1,1,1,0,0,0,0,0,0,5
110172,1,0,0,0,0,0,0,0,0,0,0,0,0
110173,1,1,0,0,0,0,0,0,0,0,0,0,1
110174,1,0,0,0,0,0,0,0,0,0,0,0,0
110175,1,0,0,0,0,0,0,0,0,0,0,0,0
110176,1,1,1,1,0,0,0,0,0,0,0,0,3
110177,1,0,0,0,0,0,0,0,0,1,0,0,9
110178,1,1,0,0,0,0,0,0,0,0,0,0,1
110179,1,1,1,1,0,0,0,0,0,0,0,0,3
110180,1,1,1,1,1,1,1,1,1,1,1,1,10
110181,1,0,1,1,0,0,0,0,0,0,0,0,3
110182,1,0,0,0,0,0,0,0,0,0,0,0,0
110183,1,1,0,0,1,1,1,0,0,0,0,0,6
110184,1,0,0,1,1,1,1,1,0,0,0,0,7
110185,1,1,0,0,0,0,1,0,0,1,1,0,10
110186,1,0,1,1,1,1,0,1,0,0,0,0,7
110187,1,0,1,1,1,1,1,1,1,0,1,0,10
110188,1,0,1,1,1,0,1,1,1,0,0,0,8
110189,1,0,1,1,0,0,0,0,0,0,0,0,3
110190,1,1,1,1,0,0,0,0,0,0,0,0,3
110191,1,1,1,1,1,0,0,0,0,0,0,0,4
110192,1,1,0,1,1,0,0,0,0,0,0,0,4
110193,1,1,0,0,0,1,1,1,1,1,1,1,10
110194,1,1,0,1,0,0,0,0,0,0,0,0,3
110195,1,1,1,0,0,0,0,0,0,0,0,0,2
110196,1,0,0,0,0,0,1,1,0,0,0,1,7
110197,1,1,1,1,1,1,1,1,1,1,1,0,10
110198,1,1,0,0,0,0,0,0,0,0,0,0,1
110199,1,0,0,0,0,0,0,0,0,0,0,0,0
110200,1,1,1,1,1,1,1,0,1,1,1,1,10
110201,1,1,0,1,0,1,0,0,0,1,1,1,10
110202,1,1,1,1,1,1,1,1,1,1,1,0,10
110203,1,1,0,0,0,0,0,0,0,0,0,0,1
110204,1,0,1,0,0,0,0,0,0,0,0,0,2
110205,1,1,1,1,1,1,1,1,1,1,1,1,10
110206,1,1,0,0,0,0,0,0,0,0,0,0,1
110207,1,1,1,0,0,0,0,1,0,0,1,0,10
110208,1,1,1,1,1,0,0,0,0,0,0,0,4
110209,1,0,0,0,0,1,0,0,0,0,0,0,5
110210,1,0,0,0,0,0,0,0,0,0,0,0,0
110211,1,0,0,0,0,0,0,0,0,0,0,0,0
110212,1,0,0,0,0,0,0,0,0,0,0,0,0
110213,1,0,0,0,1,0,1,1,1,0,0,0,8
110214,1,1,1,0,0,0,0,0,0,0,0,0,2
110215,1,1,1,0,0,0,0,0,0,0,0,0,2
110216,1,0,0,0,0,0,0,0,0,0,0,0,0
110217,1,0,0,0,0,0,0,0,0,0,0,0,0
110218,1,1,1,1,1,1,1,1,1,1,1,1,10
110219,1,1,1,1,1,1,1,0,1,0,1,0,10
110220,1,0,1,1,1,1,1,1,1,0,1,0,10
110221,1,0,0,0,0,0,0,0,0,0,0,0,0
110222,1,0,1,0,0,0,0,0,0,0,0,0,2
110223,1,1,0,0,0,0,1,0,0,1,1,0,10
110224,1,0,1,0,0,0,1,0,0,0,1,1,10
110225,1,0,1,0,0,0,0,0,0,0,0,0,2
110226,1,1,1,0,0,0,0,0,0,0,0,0,2
110227,1,0,1,0,0,0,0,0,0,0,0,0,2
110228,1,0,1,1,1,1,1,1,1,1,1,1,10
110229,1,0,0,1,1,0,1,1,1,1,0,0,9
110230,1,1,0,0,0,0,0,0,0,0,0,0,1
110231,1,1,0,0,0,0,0,0,0,0,1,0,10
110232,1,0,0,0,0,0,0,0,0,0,0,0,0
110233,1,1,1,1,1,0,0,0,0,0,0,0,4
110234,1,0,0,1,0,0,0,0,0,0,0,0,3
110235,1,1,1,1,1,0,0,0,0,0,0,0,4
110236,1,1,1,1,0,0,0,0,0,0,0,0,3
110237,1,1,1,0,0,0,0,0,0,0,0,0,2
110238,1,1,1,1,0,0,0,1,1,1,0,0,9
110239,1,1,1,0,1,1,0,0,0,0,0,0,5
110240,1,1,1,0,0,0,1,0,0,0,0,0,6
110241,1,1,1,1,0,0,0,1,1,1,1,1,10
110242,1,1,1,0,0,1,1,0,0,0,0,0,6
110243,1,0,0,0,0,0,0,0,0,0,0,0,0
110244,1,1,1,1,1,1,0,1,0,1,1,1,10
110245,1,1,0,0,0,0,0,0,0,0,0,0,1
110246,1,1,1,1,1,0,0,0,0,0,0,0,4
110247,1,1,0,0,0,0,0,0,0,0,0,0,1
110248,1,1,1,0,0,0,0,0,0,0,0,0,2
110249,1,0,0,0,0,0,0,0,0,0,0,0,0
110250,1,0,0,0,0,0,0,0,0,0,0,0,0
110251,1,1,0,1,0,0,0,0,0,0,0,0,3
110252,1,0,0,0,0,0,0,0,0,0,0,0,0
110253,1,0,0,0,0,0,0,0,0,0,0,0,0
110254,1,1,1,1,1,1,1,1,1,1,1,1,10
110255,1,1,0,0,0,0,0,0,0,0,0,0,1
110256,1,0,0,0,0,0,0,0,0,0,0,0,0
110257,1,0,0,0,0,0,0,0,0,0,0,0,0
110258,1,1,0,1,0,0,0,0,0,0,0,0,3
110259,1,0,0,0,0,0,0,0,0,0,0,0,0
110260,1,0,0,0,0,0,0,0,0,0,0,0,0
110261,1,1,1,0,0,0,0,0,0,0,0,0,2
110262,1,1,1,1,1,1,1,1,1,1,0,0,9
110263,1,0,0,0,0,0,0,0,0,0,0,0,0
110264,1,0,1,0,1,1,1,0,1,1,1,1,10
110265,1,0,1,1,1,0,1,1,1,1,1,0,10
110266,1,0,0,0,0,0,0,0,0,0,0,0,0
110267,1,1,1,0,1,0,0,1,1,1,1,0,10
110268,1,0,0,0,0,0,0,0,0,0,0,0,0
110269,1,0,0,0,0,0,0,0,0,0,0,0,0
110270,1,0,1,0,0,1,1,1,1,1,1,1,10
110271,1,1,1,1,1,1,1,0,1,1,1,1,10
110272,1,0,0,1,1,1,0,0,0,0,0,0,5
110273,1,1,1,1,1,0,0,0,0,0,1,0,10
110274,1,0,0,0,0,0,1,0,0,0,0,0,6
110275,1,0,0,0,0,0,0,0,0,0,0,0,0
110276,1,0,0,0,0,0,0,0,0,0,0,0,0
110277,1,1,1,0,0,0,0,0,0,0,0,0,2
110278,1,1,1,1,1,1,1,1,1,1,1,1,10
110279,1,0,0,0,0,0,0,0,0,0,0,0,0
110280,1,0,1,0,0,0,0,0,0,0,0,0,2
110281,1,1,0,0,0,0,0,0,0,0,0,0,1
110282,1,0,0,0,0,0,0,0,0,0,0,0,0
110283,1,1,0,0,0,0,0,0,0,0,0,0,1
110284,1,0,0,0,0,0,0,0,0,0,0,0,0
110285,1,0,0,0,0,1,1,0,1,0,1,0,10
110286,1,1,1,1,1,1,1,1,1,1,0,0,9
110287,1,0,0,0,0,0,0,0,0,0,0,0,0
110288,1,0,0,1,0,0,0,0,0,0,0,0,3
110289,1,0,1,0,0,0,0,0,0,0,0,0,2
110290,1,0,1,1,1,1,1,1,1,0,0,1,8
110291,1,1,1,1,1,1,1,0,1,0,1,0,10
110292,1,1,1,1,1,0,1,1,0,0,0,0,7
110293,1,0,0,0,0,0,0,0,0,0,0,0,0
110294,1,0,0,0,0,0,0,0,0,0,0,0,0
110295,1,0,0,0,0,0,0,0,0,0,0,0,0
110296,1,0,0,0,0,0,0,0,0,0,0,0,0
110297,1,1,0,0,0,0,1,1,1,1,0,0,9
110298,1,1,1,1,1,1,1,1,1,0,0,1,8
110299,1,1,0,0,0,0,0,0,0,0,0,0,1
110300,1,1,1,1,1,0,0,0,0,0,0,0,4
110301,1,0,0,0,0,0,0,0,0,0,0,0,0
110302,1,0,0,0,0,0,0,0,0,0,0,0,0
110303,1,1,1,1,1,0,0,0,0,0,0,0,4
110304,1,1,0,0,0,0,0,0,0,0,0,0,1
110305,1,0,0,0,0,0,0,0,0,0,0,0,0
110306,1,1,1,0,1,1,1,1,1,1,1,1,10
110307,1,0,0,0,0,0,0,1,0,1,1,0,10
110308,1,1,0,0,0,0,0,0,0,0,0,0,1
110309,1,1,0,0,0,0,0,0,0,0,0,0,1
110310,1,0,0,0,1,0,0,0,0,0,0,0,4
110311,1,0,0,0,0,0,0,0,0,0,0,0,0
110312,1,1,1,0,0,0,0,0,0,0,0,0,2
110313,1,0,0,0,0,1,1,0,0,0,0,0,6
110314,1,0,0,1,0,1,0,0,0,0,0,1,5
110315,1,1,1,1,1,0,1,0,1,1,1,1,10
110316,1,1,0,0,0,0,0,0,0,0,0,0,1
110317,1,0,0,1,1,0,1,0,0,0,0,0,6
110318,1,1,1,1,1,1,1,1,1,1,1,1,10
110319,1,1,0,0,0,1,1,1,1,1,1,1,10
110320,1,0,1,0,0,0,0,0,0,0,0,0,2
110321,1,0,1,0,0,1,1,1,0,0,0,0,7
110322,1,0,0,0,0,1,0,0,0,0,0,0,5
110323,1,0,0,0,0,0,0,0,0,0,0,0,0
110324,1,0,0,0,0,0,0,0,0,0,0,0,0
110325,1,1,1,0,0,0,0,0,0,0,0,0,2
110326,1,1,1,1,1,1,1,0,0,0,0,0,6
110327,1,1,0,0,0,0,0,1,0,0,0,0,7
110328,1,0,0,0,0,0,0,0,0,0,0,0,0
110329,1,1,1,1,1,1,1,1,1,1,1,0,10
110330,1,1,0,0,0,0,1,1,1,1,1,0,10
110331,1,1,1,0,0,0,0,0,0,0,0,0,2
110332,1,0,0,0,0,0,0,0,0,0,0,0,0
110333,1,1,0,0,0,0,1,0,0,0,0,0,6
110334,1,1,0,0,0,0,0,0,0,0,0,0,1
110335,1,0,1,0,1,1,0,0,0,0,0,0,5
110336,1,0,0,0,0,0,0,0,0,0,0,0,0
110337,1,1,1,1,1,0,0,0,0,0,0,0,4
110338,1,0,0,0,1,0,0,0,1,0,0,0,8
110339,1,1,1,0,1,0,1,1,1,1,1,1,10
110340,1,0,0,0,0,0,0,0,0,0,0,0,0
110341,1,0,0,0,0,0,0,0,0,0,0,0,0
110342,1,1,1,0,0,0,0,1,1,1,1,0,10
110343,1,0,0,0,0,0,0,0,0,0,0,0,0
110344,1,0,1,1,1,0,1,1,1,1,1,1,10
110345,1,1,0,0,0,0,0,0,0,0,0,0,1
110346,1,0,0,0,1,1,0,0,1,0,1,0,10
110347,1,1,1,0,0,1,1,1,0,0,0,0,7
110348,1,0,0,0,0,0,0,0,0,0,0,0,0
110349,1,0,1,0,1,0,1,0,0,1,1,0,10
110350,1,1,1,0,1,1,1,1,1,0,0,0,8
110351,1,1,1,1,1,1,1,1,1,1,1,1,10
110352,1,1,0,0,0,0,0,0,0,0,0,0,1
110353,1,0,0,0,0,0,0,0,0,0,0,0,0
110354,1,0,1,0,0,0,0,0,0,0,0,0,2
110355,1,1,1,1,1,0,0,0,0,0,0,0,4
110356,1,0,1,0,0,0,0,0,0,0,0,0,2
110357,1,1,1,1,1,1,1,1,1,1,1,1,10
110358,1,1,1,1,1,1,1,1,1,1,1,1,10
110359,1,0,1,1,1,0,1,1,1,1,1,1,10
110360,1,1,1,0,0,0,0,0,0,0,0,0,2
110361,1,0,0,0,0,0,0,0,0,0,1,0,10
110362,1,1,1,1,1,1,1,1,1,1,1,0,10
110363,1,0,1,1,1,1,1,1,1,0,0,0,8
110364,1,1,1,1,1,1,1,1,1,1,0,0,9
110365,1,1,0,0,0,0,0,0,0,0,0,0,1
110366,1,1,0,0,0,0,0,0,0,0,0,0,1
110367,1,1,0,0,0,0,0,0,1,1,0,0,9
110368,1,0,1,0,1,0,0,0,0,0,0,0,4
110369,1,0,0,0,0,0,0,0,0,0,0,0,0
110370,1,1,1,1,1,1,0,1,1,1,1,0,10
110371,1,1,0,0,0,0,0,0,0,0,0,0,1
110372,1,0,0,0,0,0,0,0,0,0,0,0,0
110373,1,0,0,0,0,0,0,0,0,0,0,0,0
110374,1,1,1,0,0,1,1,1,0,1,1,0,10
110375,1,0,0,0,0,0,0,0,0,0,0,0,0
110376,1,1,1,0,0,0,0,1,0,1,1,0,10
110377,1,0,0,0,0,0,0,0,0,0,0,0,0
110378,1,1,1,1,1,1,1,0,0,0,0,0,6
110379,1,1,0,1,1,1,1,1,1,1,0,0,9
110380,1,1,0,1,0,0,0,0,0,0,0,0,3
110381,1,1,0,1,0,0,0,0,0,0,0,0,3
110382,1,0,1,0,0,0,0,1,0,0,0,0,7
110383,1,1,0,0,0,0,0,0,0,0,0,0,1
110384,1,1,0,0,0,0,0,0,0,0,0,0,1
110385,1,0,1,0,0,0,1,1,0,0,0,0,7
110386,1,0,0,1,1,0,0,0,0,0,0,0,4
110387,1,1,1,1,1,1,1,1,1,0,0,0,8
110388,1,1,0,1,1,1,1,0,0,0,0,0,6
110389,1,0,0,0,0,0,0,0,0,0,0,0,0
110390,1,0,1,0,0,0,0,0,0,0,0,0,2
110391,1,0,1,1,1,0,0,0,0,0,0,0,4
110392,1,1,1,0,0,1,1,1,0,0,1,0,10
110393,1,1,1,1,1,1,0,1,0,0,0,0,7
110394,1,1,1,0,0,1,0,0,0,0,0,0,5
110395,1,1,1,0,0,0,0,0,0,0,0,0,2
110396,1,1,1,0,0,1,1,0,0,0,0,0,6
110397,1,0,1,0,0,0,0,0,0,0,0,0,2
110398,1,0,0,0,0,0,0,0,0,0,0,0,0
110399,1,0,0,0,0,0,0,0,0,0,0,0,0
110400,1,1,1,1,1,1,1,1,1,1,1,0,10
110401,1,1,0,0,0,0,1,1,0,0,0,0,7
110402,1,0,0,0,0,0,0,0,0,0,0,0,0
110403,1,0,0,0,0,0,0,0,0,0,0,0,0
110404,1,1,1,0,0,0,0,0,0,0,0,0,2
110405,1,1,0,0,0,0,0,0,0,0,0,0,1
110406,1,1,1,1,1,1,1,1,1,1,1,1,10
110407,1,0,0,0,0,0,0,0,0,0,0,0,0
110408,1,0,0,1,1,0,0,0,0,0,0,0,4
110409,1,0,1,0,0,0,1,0,0,1,0,1,9
110410,1,1,0,1,1,0,1,1,0,0,0,0,7
110411,1,1,0,0,1,1,1,1,1,0,1,0,10
110412,1,0,0,0,0,0,0,0,0,0,0,0,0
110413,1,1,0,0,1,0,0,0,0,0,0,0,4
110414,1,0,0,0,0,0,0,0,0,0,0,0,0
110415,1,0,1,1,1,0,0,0,0,0,0,0,4
110416,1,0,0,0,0,0,0,1,0,0,0,0,7
110417,1,0,0,1,1,1,1,1,0,0,0,0,7
110418,1,1,1,1,1,1,0,0,0,0,0,0,5
110419,1,0,1,1,0,0,0,0,0,0,0,0,3
110420,1,0,0,0,1,1,1,0,1,1,0,1,9
110421,1,1,1,0,0,0,0,0,0,0,0,0,2
110422,1,0,0,0,0,0,0,0,0,0,0,0,0
110423,1,1,0,1,1,0,1,0,1,1,0,0,9
110424,1,0,0,0,0,0,0,0,0,0,0,0,0
110425,1,0,1,1,0,0,0,0,0,0,0,1,3
110426,1,0,1,1,1,1,1,1,0,0,0,0,7
110427,1,1,0,0,0,0,0,0,0,0,0,0,1
110428,1,0,0,0,0,0,0,0,0,0,0,0,0
110429,1,0,0,0,0,0,0,0,0,0,0,0,0
110430,1,1,0,0,0,0,0,0,0,0,0,0,1
110431,1,0,0,1,1,1,0,0,1,0,1,0,10
110432,1,1,0,0,0,0,1,0,1,0,0,1,8
110433,1,1,0,0,0,0,0,0,0,0,0,0,1
110434,1,1,0,1,0,1,0,1,1,1,1,1,10
110435,1,0,1,0,0,0,0,0,0,1,1,0,10
110436,1,1,1,0,0,0,1,0,1,1,1,0,10
110437,1,1,1,0,0,1,1,1,1,0,0,1,8
110438,1,0,0,0,0,0,0,0,0,0,0,0,0
110439,1,1,1,1,1,1,1,1,1,0,0,1,8
110440,1,0,1,0,0,0,0,0,0,0,0,0,2
110441,1,1,1,0,1,1,0,1,0,1,1,1,10
110442,1,0,1,0,0,0,0,1,0,1,0,0,9
110443,1,0,0,0,1,1,0,1,1,1,1,0,10
110444,1,1,1,1,1,1,1,0,1,1,0,1,9
110445,1,0,0,0,1,0,0,1,1,0,0,0,8
110446,1,1,1,1,1,1,1,1,1,0,1,1,10
110447,1,1,0,0,0,0,0,0,0,0,0,0,1
110448,1,0,0,0,0,0,0,0,0,0,0,0,0
110449,1,0,0,0,0,0,0,0,0,0,0,0,0
110450,1,0,1,1,0,0,0,0,0,0,0,0,3
110451,1,0,1,0,1,0,1,1,0,1,1,1,10
110452,1,1,0,1,1,0,0,0,0,0,0,0,4
110453,1,1,1,1,1,1,1,1,1,1,1,1,10
110454,1,0,0,1,1,1,0,0,0,0,0,0,5
110455,1,1,1,0,0,1,1,0,1,1,0,1,9
110456,1,1,1,1,1,1,0,1,1,1,1,1,10
110457,1,0,0,0,0,0,0,0,0,0,0,0,0
110458,1,1,1,0,1,1,1,0,1,1,1,0,10
110459,1,1,1,1,1,1,1,1,1,1,1,1,10
110460,1,1,1,1,1,1,1,0,1,0,1,1,10
110461,1,0,0,0,0,0,0,1,0,0,0,0,7
110462,1,1,1,0,1,1,0,1,1,0,0,0,8
110463,1,1,1,0,0,0,0,0,0,0,0,0,2
110464,1,1,0,0,0,0,0,0,0,0,0,0,1
110465,1,1,1,1,1,1,0,1,1,0,0,0,8
110466,1,1,1,1,1,1,1,1,1,1,1,0,10
110467,1,1,1,1,1,1,1,1,1,1,1,0,10
110468,1,1,0,0,0,0,0,0,0,0,0,0,1
110469,1,1,1,1,1,1,1,1,0,0,1,0,10
110470,1,0,1,1,0,1,1,0,0,0,0,0,6
110471,1,0,0,0,0,0,0,0,1,1,0,0,9
110472,1,0,0,0,0,0,0,0,0,0,0,0,0
110473,1,0,1,0,0,0,0,0,0,0,0,0,2
110474,1,0,0,0,0,0,0,0,0,0,0,0,0
110475,1,1,0,0,0,0,0,0,0,0,0,0,1
110476,1,0,0,0,0,0,0,0,0,0,0,0,0
110477,1,0,1,0,1,0,0,0,0,0,0,0,4
110478,1,0,0,0,0,1,0,1,0,0,1,0,10
110479,1,0,0,0,0,0,0,0,0,0,0,0,0
110480,1,0,0,0,0,0,0,0,0,0,0,0,0
110481,1,0,0,0,0,0,0,0,0,0,0,0,0
110482,1,1,0,1,1,1,0,1,1,1,1,1,10
110483,1,0,0,0,0,0,0,0,0,0,0,0,0
110484,1,1,0,0,0,0,0,0,0,0,0,0,1
110485,1,1,0,1,1,1,1,1,0,0,0,0,7
110486,1,0,1,0,0,0,0,0,0,0,0,0,2
110487,1,0,1,0,1,0,0,0,0,0,0,0,4
110488,1,0,1,0,0,0,0,0,0,0,0,0,2
110489,1,1,1,1,1,1,1,1,1,1,1,0,10
110490,1,0,0,0,0,0,0,0,0,0,0,0,0
110491,1,0,1,1,1,1,1,0,1,1,1,0,10
110492,1,0,0,0,0,0,0,0,0,0,0,0,0
110493,1,0,0,0,0,0,0,0,0,0,0,0,0
110494,1,0,0,0,1,1,0,0,1,1,0,1,9
110495,1,0,1,1,1,0,0,0,0,0,0,0,4
110496,1,1,0,0,0,0,0,0,0,0,0,0,1
110497,1,1,0,0,0,0,0,0,0,0,0,0,1
110498,1,1,1,1,1,0,0,0,1,1,1,1,10
110499,1,0,0,0,0,0,0,0,0,0,0,0,0
110500,1,1,0,0,0,0,0,0,0,0,0,0,1
110501,1,1,0,0,0,0,0,0,0,0,0,0,1
110502,1,0,1,0,0,1,0,1,0,0,0,0,7
110503,1,0,0,0,0,0,0,0,0,0,0,0,0
110504,1,0,0,0,0,0,0,0,0,0,0,0,0
110505,1,0,1,0,0,0,0,0,0,0,0,0,2
110506,1,0,0,0,0,0,0,0,0,0,0,0,0
110507,1,1,1,1,0,0,0,0,0,0,0,0,3
110508,1,0,0,0,0,0,0,0,0,0,0,0,0
110509,1,0,0,0,0,0,0,1,0,0,1,1,10
110510,1,1,1,1,1,1,0,1,1,1,1,0,10
110511,1,1,1,0,0,0,0,0,0,0,0,0,2
110512,1,1,0,1,0,0,0,0,0,0,0,0,3
110513,1,1,1,1,1,1,1,1,1,1,1,1,10
110514,1,1,1,0,1,1,1,1,1,1,0,1,9
110515,1,0,1,1,0,0,0,0,0,0,0,0,3
110516,1,0,0,0,0,0,0,0,0,0,0,0,0
110517,1,0,0,1,0,0,0,0,0,0,0,0,3
110518,1,0,0,0,0,0,0,0,0,0,0,0,0
110519,1,1,0,1,1,0,0,0,0,0,0,0,4
110520,1,0,0,0,0,1,0,0,0,0,0,0,5
110521,1,1,0,1,0,1,0,0,0,0,0,0,5
110522,1,0,0,0,0,0,0,0,0,0,0,0,0
110523,1,1,1,1,1,0,0,0,0,0,0,0,4
110524,1,0,0,0,0,0,0,0,0,0,0,0,0
110525,1,1,1,1,0,0,0,0,0,0,0,0,3
110526,1,0,1,0,0,0,0,0,0,0,0,0,2
110527,1,0,1,1,1,1,1,1,1,1,0,0,9
110528,1,0,0,0,0,0,0,0,0,0,0,0,0
110529,1,0,0,0,0,0,0,0,0,0,0,0,0
110530,1,0,0,0,0,0,1,1,1,0,0,1,8
110531,1,1,1,1,1,0,0,0,0,0,0,0,4
110532,1,0,0,0,0,0,0,0,0,0,0,0,0
110533,1,1,0,0,0,0,0,1,1,1,1,1,10
110534,1,1,0,0,0,0,1,1,1,1,1,0,10
110535,1,0,1,0,1,0,1,0,1,0,1,0,10
110536,1,0,0,0,0,0,0,0,0,0,0,0,0
110537,1,0,0,0,0,0,0,0,0,0,0,0,0
110538,1,1,0,1,1,1,1,1,1,1,0,0,9
110539,1,1,1,1,0,0,0,0,0,0,0,0,3
110540,1,1,0,1,1,1,0,0,1,0,0,1,8
110541,1,1,0,0,1,0,0,0,0,0,0,0,4
110542,1,0,0,0,0,0,0,0,0,0,0,0,0
110543,1,0,0,0,0,0,0,0,0,0,0,0,0
110544,1,1,0,0,0,0,0,0,0,0,0,0,1
110545,1,0,1,0,0,0,0,0,0,0,0,0,2
110546,1,1,1,1,1,0,0,1,1,1,1,0,10
110547,1,0,0,0,0,0,0,0,0,0,0,0,0
110548,1,0,0,0,0,0,0,0,0,0,0,0,0
110549,1,0,0,0,0,0,0,0,0,0,0,0,0
110550,1,0,0,0,0,0,0,0,0,0,0,0,0
110551,1,0,1,0,0,1,0,0,0,0,0,0,5
110552,1,1,1,0,0,0,0,0,0,0,0,0,2
110553,1,1,0,1,1,1,1,1,1,1,1,0,10
110554,1,1,1,1,1,1,1,1,0,0,1,0,10
110555,1,0,0,0,0,0,0,0,0,0,0,0,0
110556,1,0,0,0,0,0,0,0,0,0,0,0,0
110557,1,1,1,1,0,1,1,0,1,0,1,1,10
110558,1,1,0,1,0,1,0,0,1,1,0,1,9
110559,1,1,1,1,1,1,1,0,1,1,1,0,10
110560,1,1,0,1,1,1,1,1,1,1,0,1,9
110561,1,0,0,0,0,0,0,0,0,0,0,0,0
110562,1,1,1,1,0,0,0,0,0,1,0,0,9
110563,1,1,1,1,0,1,1,0,1,1,1,0,10
110564,1,1,1,1,1,1,1,1,1,1,1,1,10
110565,1,1,0,1,1,1,1,1,1,1,1,1,10
110566,1,0,1,1,1,1,1,1,0,1,0,1,9
110567,1,0,0,0,0,0,0,0,0,0,0,0,0
110568,1,0,0,0,0,0,0,0,0,0,0,0,0
110569,1,0,1,1,1,1,1,1,1,1,1,1,10
110570,1,0,1,1,1,1,1,1,1,1,1,1,10
110571,1,1,1,0,0,0,0,0,0,0,0,0,2
110572,1,0,0,0,0,0,0,0,0,0,0,0,0
110573,1,1,1,0,0,0,0,0,0,0,0,0,2
110574,1,0,0,0,1,1,1,0,0,0,0,0,6
110575,1,1,1,1,1,1,1,1,1,1,1,1,10
110576,1,0,0,1,0,0,0,0,0,0,0,0,3
110577,1,1,1,1,1,1,1,1,0,1,1,1,10
110578,1,1,1,0,0,1,1,1,1,1,1,0,10
110579,1,0,0,0,0,1,0,0,0,0,0,0,5
110580,1,0,0,0,0,0,0,0,0,0,0,0,0
110581,1,1,1,1,1,1,0,0,0,0,0,0,5
110582,1,0,0,0,0,0,0,0,0,0,0,0,0
110583,1,1,1,1,1,1,0,1,1,1,0,1,9
110584,1,1,0,0,0,0,0,0,0,0,0,0,1
110585,1,0,0,0,0,0,0,0,0,0,0,0,0
110586,1,0,0,0,0,0,0,0,0,0,0,0,0
110587,1,1,1,0,0,1,1,0,0,0,0,0,6
110588,1,0,0,0,0,0,0,0,1,0,0,0,8
110589,1,0,1,0,0,0,0,0,0,0,0,0,2
110590,1,0,1,1,1,0,1,0,0,0,0,0,6
110591,1,0,1,1,0,1,1,0,0,0,0,0,6
110592,1,1,1,1,1,1,1,1,1,0,1,1,10
110593,1,0,0,0,0,0,0,0,0,0,0,0,0
110594,1,1,1,0,0,0,0,0,0,0,0,0,2
110595,1,0,0,0,0,0,0,0,0,0,0,0,0
110596,1,0,0,1,0,0,0,0,0,0,0,0,3
110597,1,0,0,0,0,1,1,1,1,1,0,0,9
110598,1,1,1,1,1,1,1,1,1,0,0,0,8
110599,1,0,0,0,0,0,0,0,0,0,0,0,0
110600,1,1,0,0,0,0,0,0,0,0,0,0,1
110601,1,1,0,1,1,0,0,0,0,0,0,0,4
110602,1,1,0,0,0,0,0,0,0,0,0,0,1
110603,1,0,1,0,0,0,0,0,0,0,0,0,2
110604,1,0,0,0,0,0,0,0,0,0,0,0,0
110605,1,0,0,0,0,0,0,0,0,0,0,0,0
110606,1,0,0,1,0,0,0,0,0,0,0,0,3
110607,1,1,1,1,0,0,0,0,0,0,0,0,3
110608,1,1,1,0,1,0,0,0,0,0,0,0,4
110609,1,1,1,1,1,1,1,1,1,0,0,0,8
110610,1,0,0,1,1,1,0,0,0,0,0,0,5
110611,1,0,0,0,0,0,0,0,0,1,0,0,9
110612,1,0,0,0,0,0,0,0,0,0,0,0,0
110613,1,0,1,1,1,0,0,0,0,0,0,0,4
110614,1,1,1,0,0,0,1,1,1,0,0,0,8
110615,1,0,0,0,0,0,0,0,0,0,0,0,0
110616,1,1,0,1,0,0,0,0,0,0,0,0,3
110617,1,1,0,0,0,0,0,0,0,0,0,0,1
110618,1,1,0,0,0,0,0,1,0,0,0,0,7
110619,1,0,0,0,0,1,0,0,1,0,1,0,10
110620,1,1,1,1,1,1,0,0,0,0,0,0,5
110621,1,1,1,1,1,1,1,1,1,1,1,1,10
110622,1,0,0,0,0,0,0,0,0,0,0,0,0
110623,1,0,0,0,0,0,1,1,0,1,0,0,9
110624,1,0,0,0,0,0,0,0,0,0,0,0,0
110625,1,1,1,0,0,1,1,1,0,1,1,0,10
110626,1,0,0,1,1,1,0,0,0,0,0,0,5
110627,1,0,0,0,0,1,0,0,0,0,0,0,5
110628,1,0,0,0,0,0,0,0,0,0,0,0,0
110629,1,1,0,0,0,0,0,0,0,0,0,0,1
110630,1,1,0,0,0,0,0,0,0,0,0,0,1
110631,1,1,1,1,1,1,1,0,1,1,1,1,10
110632,1,0,0,0,0,0,0,0,0,0,0,0,0
110633,1,0,0,1,1,1,1,1,1,0,0,1,8
110634,1,1,0,0,0,0,0,0,0,0,0,0,1
110635,1,0,0,0,0,0,0,1,1,0,1,1,10
110636,1,0,0,0,0,0,0,0,0,0,0,0,0
110637,1,0,0,0,0,0,0,0,0,0,0,0,0
110638,1,0,0,0,0,0,0,0,0,0,0,0,0
110639,1,1,0,1,1,1,0,1,0,1,1,0,10
110640,1,0,0,0,0,0,0,0,0,0,0,0,0
110641,1,1,1,1,1,1,0,0,0,0,0,0,5
110642,1,0,1,1,0,0,0,0,1,0,1,0,10
110643,1,0,0,0,0,0,1,0,0,0,0,0,6
110644,1,1,0,1,1,1,0,1,0,0,0,0,7
110645,1,0,0,1,0,0,0,0,0,0,0,0,3
110646,1,1,1,1,0,1,1,1,0,1,1,0,10
110647,1,0,0,0,0,0,0,0,0,0,0,0,0
110648,1,1,0,1,0,0,0,0,0,0,0,0,3
110649,1,0,1,0,0,0,0,0,0,0,0,1,2
110650,1,0,1,1,1,1,0,1,1,1,1,0,10
110651,1,0,0,0,0,0,0,0,0,0,0,1,0
110652,1,1,0,0,0,0,0,0,0,0,0,0,1
110653,1,0,0,0,0,0,0,0,0,0,0,0,0
110654,1,0,0,0,0,0,0,0,0,0,0,0,0
110655,1,0,0,0,0,0,0,0,0,0,0,0,0
110656,1,0,0,0,0,0,1,1,0,0,0,0,7
110657,1,0,0,0,0,0,0,0,0,0,0,0,0
110658,1,0,0,0,0,0,0,0,0,0,0,0,0
110659,1,1,1,1,1,1,1,1,1,1,0,0,9
110660,1,1,0,1,0,0,0,0,0,0,0,0,3
110661,1,1,1,0,0,0,0,0,0,0,0,0,2
110662,1,1,1,1,1,1,0,0,0,0,0,0,5
110663,1,0,0,0,0,1,0,0,0,0,0,0,5
110664,1,1,0,0,0,0,0,0,0,0,0,0,1
110665,1,1,0,0,1,1,0,0,0,0,0,0,5
110666,1,1,0,0,0,0,0,0,0,0,0,0,1
110667,1,0,1,0,0,0,0,0,0,0,0,0,2
110668,1,0,0,0,1,0,0,0,0,0,0,0,4
110669,1,1,0,0,1,1,1,1,1,0,0,0,8
110670,1,0,1,0,0,1,0,0,0,0,0,0,5
110671,1,0,0,0,0,0,0,0,0,0,0,0,0
110672,1,0,0,0,0,0,0,0,0,0,0,0,0
110673,1,1,1,0,0,1,0,0,0,0,0,0,5
110674,1,1,1,0,0,0,0,0,0,0,0,0,2
110675,1,0,0,0,0,0,0,0,0,1,1,1,10
110676,1,0,0,0,0,1,0,1,0,0,0,0,7
110677,1,0,0,0,0,0,0,0,0,0,0,0,0
110678,1,0,1,0,0,0,0,0,0,0,0,0,2
110679,1,1,0,1,1,1,1,1,1,0,0,0,8
110680,1,0,0,0,0,0,0,0,0,0,0,0,0
110681,1,1,0,1,0,0,0,1,0,1,0,0,9
110682,1,0,1,1,1,0,1,0,1,0,0,0,8
110683,1,0,0,0,0,0,0,0,0,0,0,0,0
110684,1,1,1,1,1,1,1,0,0,0,0,0,6
110685,1,0,0,0,0,0,0,0,0,0,0,0,0
110686,1,0,0,0,0,0,0,0,0,0,0,0,0
110687,1,0,0,0,0,0,0,0,0,0,0,0,0
110688,1,1,1,1,1,1,1,1,1,1,1,0,10
110689,1,0,1,1,1,1,0,1,1,1,1,0,10
110690,1,1,1,1,1,1,1,0,0,0,0,0,6
110691,1,0,0,0,0,0,0,0,0,0,0,0,0
110692,1,1,0,0,0,0,0,0,0,0,0,0,1
110693,1,0,1,1,0,0,0,0,0,0,0,0,3
110694,1,1,1,0,0,0,0,0,0,0,0,0,2
110695,1,1,0,0,0,0,0,0,0,0,0,0,1
110696,1,1,0,1,1,1,0,0,0,0,0,0,5
110697,1,1,0,1,1,1,1,1,1,0,1,0,10
110698,1,0,0,0,0,1,1,1,1,1,1,1,10
110699,1,0,0,0,0,0,0,0,0,0,0,0,0
110700,1,0,1,1,1,1,1,0,0,0,1,1,10
110701,1,0,1,1,1,1,1,0,1,1,0,1,9
110702,1,1,1,1,1,1,1,1,1,1,1,1,10
110703,1,1,1,1,0,0,0,0,1,1,1,0,10
110704,1,1,1,0,0,0,0,0,0,0,0,0,2
110705,1,0,0,0,0,0,0,0,0,0,0,0,0
110706,1,0,1,1,1,1,1,0,0,0,0,0,6
110707,1,0,1,1,0,1,0,0,0,0,0,0,5
110708,1,1,1,0,1,1,0,0,0,0,0,0,5
110709,1,1,0,0,0,0,0,0,0,0,0,0,1
110710,1,0,0,1,0,0,0,0,0,0,0,0,3
110711,1,1,1,1,1,1,1,1,1,1,1,1,10
110712,1,1,0,0,0,0,0,0,0,0,0,0,1
110713,1,0,0,0,1,1,1,1,1,1,0,0,9
110714,1,0,0,0,0,0,0,0,0,0,0,0,0
110715,1,0,1,0,0,0,0,0,0,0,0,0,2
110716,1,0,0,0,0,0,0,0,0,0,0,0,0
110717,1,0,0,0,0,0,0,0,0,0,0,0,0
110718,1,1,1,1,1,1,1,1,1,1,1,1,10
110719,1,0,0,0,0,0,0,0,0,0,0,0,0
110720,1,1,1,1,1,1,1,1,1,1,0,1,9
110721,1,1,0,1,1,1,1,1,0,1,0,0,9
110722,1,1,1,0,1,1,1,1,1,1,1,1,10
110723,1,1,0,0,0,0,0,0,0,0,0,0,1
110724,1,0,0,0,0,0,0,0,0,0,0,0,0
110725,1,0,1,0,0,0,0,0,0,0,0,0,2
110726,1,1,1,1,0,0,0,0,0,1,0,1,9
110727,1,1,1,1,0,1,1,1,0,0,0,0,7
110728,1,1,1,0,0,0,0,0,0,0,0,0,2
110729,1,1,1,1,1,0,0,0,0,0,0,0,4
110730,1,1,1,1,0,1,1,1,1,1,1,1,10
110731,1,0,0,0,0,0,0,0,0,0,0,0,0
110732,1,1,0,0,0,0,0,0,0,0,0,0,1
110733,1,1,1,0,0,0,0,1,0,1,0,1,9
110734,1,0,0,0,0,0,0,0,0,0,0,0,0
110735,1,1,1,0,0,1,0,0,1,0,0,0,8
110736,1,0,1,1,0,1,1,1,1,1,1,0,10
110737,1,0,0,0,0,0,0,0,0,0,0,0,0
110738,1,1,0,0,0,0,0,0,0,0,0,0,1
110739,1,0,0,0,0,0,0,0,0,0,0,0,0
110740,1,0,0,0,0,0,0,0,0,0,0,0,0
110741,1,1,1,1,1,1,1,0,0,0,0,0,6
110742,1,0,1,0,0,0,1,1,1,0,0,1,8
110743,1,0,0,1,0,0,0,0,0,0,0,0,3
110744,1,0,0,0,0,0,0,0,0,0,0,0,0
110745,1,0,0,1,1,0,0,1,1,1,1,1,10
110746,1,0,0,0,0,0,0,0,0,0,0,0,0
110747,1,0,1,1,0,0,0,0,0,0,0,0,3
110748,1,1,0,1,1,1,0,1,1,1,1,0,10
110749,1,0,0,0,0,0,0,0,0,0,0,0,0
110750,1,1,0,0,0,0,0,0,0,0,0,0,1
110751,1,0,0,0,0,0,0,0,0,0,0,0,0
110752,1,0,0,0,0,0,0,0,0,0,0,0,0
110753,1,0,1,0,0,0,0,0,0,0,0,0,2
110754,1,1,1,0,0,0,0,0,0,0,0,0,2
110755,1,1,0,0,0,0,0,0,0,0,0,0,1
110756,1,0,0,0,0,0,0,0,0,0,0,0,0
110757,1,1,1,1,0,1,0,1,1,1,1,1,10
110758,1,0,0,0,0,0,0,0,0,0,0,0,0
110759,1,0,1,0,0,1,0,0,0,0,0,0,5
110760,1,0,0,0,0,0,0,0,0,0,0,0,0
110761,1,1,0,0,1,1,1,0,0,1,0,0,9
110762,1,0,0,0,0,0,0,0,0,0,0,0,0
110763,1,1,0,1,0,0,0,0,0,0,0,0,3
110764,1,0,1,1,1,0,1,0,0,0,0,0,6
110765,1,0,0,0,0,0,0,0,0,0,0,0,0
110766,1,0,1,0,0,0,0,0,0,0,0,0,2
110767,1,0,0,0,0,0,0,0,0,0,0,0,0
110768,1,0,1,1,0,0,0,0,0,0,0,0,3
110769,1,0,0,0,0,0,0,0,0,0,0,0,0
110770,1,0,0,1,0,0,0,0,0,0,1,0,10
110771,1,1,0,0,0,0,0,0,0,0,0,0,1
110772,1,0,0,0,0,0,0,0,0,0,0,0,0
110773,1,0,0,0,0,0,0,0,0,0,0,0,0
110774,1,0,0,0,0,0,0,0,0,0,0,0,0
110775,1,1,0,0,0,0,0,0,0,0,0,0,1
110776,1,1,1,0,1,1,0,1,1,0,1,1,10
110777,1,1,0,1,1,1,0,0,0,0,0,0,5
110778,1,0,0,0,0,0,0,0,0,0,0,0,0
110779,1,0,0,0,0,1,1,0,0,0,0,0,6
110780,1,1,1,0,1,1,0,0,0,0,0,0,5
110781,1,1,1,1,0,0,0,0,0,0,0,0,3
110782,1,0,0,0,0,0,0,0,0,0,0,0,0
110783,1,1,1,0,0,0,0,1,0,0,0,0,7
110784,1,0,0,0,0,0,0,0,0,0,0,0,0
110785,1,0,0,0,0,0,0,0,0,0,0,0,0
110786,1,0,0,0,0,0,0,0,0,0,0,0,0
110787,1,1,1,0,0,0,1,1,0,1,1,0,10
110788,1,0,1,0,0,0,0,0,0,0,0,1,2
110789,1,0,1,0,0,0,1,1,1,1,1,0,10
110790,1,0,0,0,0,0,0,0,0,0,0,0,0
110791,1,1,1,0,0,0,0,0,0,0,0,0,2
110792,1,1,1,0,1,1,0,0,0,0,0,0,5
110793,1,0,0,0,0,0,0,0,0,0,0,0,0
110794,1,1,1,1,0,1,1,1,1,1,1,1,10
110795,1,1,0,0,0,0,1,0,0,0,0,0,6
110796,1,0,1,1,0,0,1,0,1,1,0,1,9
110797,1,1,0,0,0,0,0,0,0,0,0,0,1
110798,1,0,0,0,0,0,0,0,0,0,0,0,0
110799,1,0,0,0,0,0,0,0,0,0,0,0,0
110800,1,1,1,1,1,0,0,0,0,0,0,0,4
110801,1,1,1,1,1,0,1,1,1,1,1,1,10
110802,1,1,0,1,1,1,1,1,1,0,0,0,8
110803,1,0,0,0,0,0,0,0,0,0,0,0,0
110804,1,0,0,0,0,0,0,0,0,0,0,0,0
110805,1,0,1,1,1,0,0,0,0,0,0,0,4
110806,1,1,1,1,1,1,0,0,0,0,0,0,5
110807,1,0,0,1,1,1,0,0,0,0,0,0,5
110808,1,1,0,1,0,1,0,1,1,1,1,1,10
110809,1,0,0,1,0,1,0,1,1,1,1,0,10
110810,1,1,0,0,0,0,1,1,1,0,0,0,8
110811,1,0,1,0,0,0,0,0,0,0,0,0,2
110812,1,0,0,0,0,0,0,0,0,0,0,0,0
110813,1,1,1,1,0,0,0,1,1,0,0,0,8
110814,1,1,0,0,0,0,0,0,0,0,0,0,1
110815,1,0,0,0,0,0,0,0,0,0,0,0,0
110816,1,0,0,0,0,0,0,0,0,0,0,0,0
110817,1,0,0,1,1,1,1,0,0,1,1,0,10
110818,1,1,0,0,0,0,0,0,0,0,0,0,1
110819,1,0,0,0,0,1,0,1,0,0,0,0,7
110820,1,1,0,1,0,0,0,0,0,0,0,0,3
110821,1,1,1,1,1,1,1,1,1,1,1,1,10
110822,1,1,1,1,1,1,1,1,1,1,1,0,10
110823,1,1,1,1,0,0,1,0,0,1,1,0,10
110824,1,1,1,1,0,0,0,0,0,0,0,0,3
110825,1,1,0,0,1,1,1,1,1,1,1,1,10
110826,1,0,0,0,1,1,0,0,0,0,0,0,5
110827,1,0,0,0,0,0,0,0,0,0,0,0,0
110828,1,1,0,0,0,0,1,1,1,1,1,1,10
110829,1,1,0,0,0,0,0,0,0,0,0,0,1
110830,1,1,1,1,1,1,1,1,1,0,1,0,10
110831,1,1,1,1,1,0,1,0,1,0,1,0,10
110832,1,1,1,0,0,0,0,0,0,0,0,0,2
110833,1,0,0,0,0,0,0,0,0,0,0,0,0
110834,1,1,1,0,1,1,1,1,1,1,1,0,10
110835,1,0,1,0,1,0,0,0,1,1,0,1,9
110836,1,0,0,0,0,0,0,0,0,0,0,0,0
110837,1,1,1,1,1,1,1,1,1,1,1,0,10
110838,1,0,1,0,0,0,0,0,0,0,0,0,2
110839,1,0,1,1,0,0,0,1,0,0,0,0,7
110840,1,1,0,1,0,0,0,0,0,0,0,0,3
110841,1,0,1,0,1,1,0,1,0,1,1,0,10
110842,1,1,1,0,0,1,1,0,1,1,1,0,10
110843,1,0,0,0,0,0,0,0,0,0,0,0,0
110844,1,0,0,0,0,0,0,0,0,0,0,0,0
110845,1,1,1,1,1,1,0,0,0,0,0,0,5
110846,1,0,1,0,1,1,1,1,1,1,1,1,10
110847,1,0,0,0,0,0,0,0,0,0,0,0,0
110848,1,0,1,1,0,1,0,1,0,1,1,0,10
110849,1,0,0,0,0,0,0,0,0,0,0,0,0
110850,1,0,0,1,0,0,0,0,0,0,0,0,3
110851,1,0,0,1,0,0,1,1,0,0,0,0,7
110852,1,1,0,0,0,0,0,0,0,0,0,0,1
110853,1,1,1,1,1,1,1,1,1,1,1,1,10
110854,1,1,0,0,0,0,0,0,0,0,0,0,1
110855,1,0,0,0,0,0,0,0,0,0,0,0,0
110856,1,0,0,0,0,0,0,0,0,1,1,0,10
110857,1,0,0,0,0,0,0,0,0,0,0,0,0
110858,1,0,1,1,1,1,1,1,0,0,0,0,7
110859,1,0,1,1,1,1,1,1,1,1,1,1,10
110860,1,0,0,0,0,0,0,0,0,0,0,0,0
110861,1,0,0,0,0,0,0,0,0,0,0,0,0
110862,1,0,0,0,0,0,0,0,0,0,0,0,0
110863,1,0,0,0,0,0,0,0,0,0,0,0,0
110864,1,0,0,0,0,0,0,0,0,0,0,0,0
110865,1,0,0,0,0,0,0,0,0,0,0,0,0
110866,1,0,0,0,0,0,0,0,0,0,0,0,0
110867,1,0,0,0,0,0,0,0,0,0,0,0,0
110868,1,0,0,0,0,0,0,0,0,0,0,0,0
110869,1,1,1,1,1,0,1,1,1,0,0,0,8
110870,1,1,1,1,1,1,1,1,1,1,1,1,10
110871,1,0,1,1,1,1,1,0,0,0,1,1,10
110872,1,1,1,1,1,0,1,1,0,0,0,0,7
110873,1,0,1,1,1,1,1,1,1,1,1,1,10
110874,1,0,0,0,0,0,0,0,0,0,0,0,0
110875,1,1,1,1,1,1,1,0,1,0,1,1,10
110876,1,0,1,1,0,1,1,1,1,0,1,0,10
110877,1,0,0,0,0,0,0,0,0,0,0,0,0
110878,1,1,1,1,1,1,1,1,0,0,0,0,7
110879,1,1,1,1,1,1,1,1,1,1,1,0,10
110880,1,1,0,1,1,1,1,1,1,1,1,1,10
110881,1,0,1,1,0,0,0,0,0,0,0,0,3
110882,1,1,1,1,1,1,1,1,0,0,0,0,7
110883,1,1,0,0,0,0,0,0,0,0,0,0,1
110884,1,1,1,1,1,1,1,1,1,1,1,0,10
110885,1,0,0,0,0,0,0,0,0,0,0,0,0
110886,1,1,1,1,1,0,1,1,1,1,1,1,10
110887,1,0,0,0,0,0,0,0,0,0,0,0,0
110888,1,1,1,1,1,1,1,0,1,1,1,0,10
110889,1,0,0,0,1,1,1,0,0,1,1,0,10
110890,1,0,1,1,0,0,0,0,0,0,0,0,3
110891,1,0,0,0,0,0,0,0,0,0,0,0,0
110892,1,0,1,1,1,1,1,1,1,0,1,1,10
110893,1,0,0,1,1,1,1,1,1,1,0,0,9
110894,1,0,0,0,0,0,0,0,0,0,0,0,0
110895,1,1,1,1,1,0,1,1,1,0,1,0,10
110896,1,1,1,1,1,1,1,1,1,1,1,0,10
110897,1,0,0,0,0,0,0,0,0,0,0,0,0
110898,1,1,1,0,1,0,0,0,0,0,0,0,4
110899,1,0,0,0,0,1,0,0,0,0,0,0,5
110900,1,1,1,1,1,1,1,1,1,0,1,1,10
110901,1,0,0,0,0,0,0,0,1,1,1,0,10
110902,1,1,1,1,1,0,0,0,0,0,0,0,4
110903,1,0,0,0,0,0,0,0,0,0,0,0,0
110904,1,1,0,1,1,1,1,1,1,1,0,0,9
110905,1,0,1,0,0,1,1,1,1,1,1,1,10
110906,1,1,1,1,1,1,0,0,0,0,1,1,10
110907,1,1,1,1,1,1,1,1,1,0,0,0,8
110908,1,1,1,1,1,1,1,0,0,0,0,0,6
110909,1,0,1,1,1,1,1,1,1,1,1,0,10
110910,1,0,1,1,1,1,1,1,1,1,1,0,10
110911,1,0,0,0,0,0,0,0,0,0,0,0,0
110912,1,0,1,1,1,1,0,0,0,0,0,0,5
110913,1,1,1,0,1,1,1,1,0,1,1,0,10
110914,1,0,0,0,0,0,0,0,0,0,0,0,0
110915,1,0,0,0,1,0,0,0,0,0,0,0,4
110916,1,0,0,0,0,0,0,0,0,0,0,0,0
110917,1,0,0,0,0,0,0,0,0,0,0,0,0
110918,1,0,0,0,0,0,0,0,0,0,0,0,0
110919,1,0,0,0,0,0,0,0,0,0,0,0,0
110920,1,1,1,1,1,1,1,1,1,1,1,0,10
110921,1,1,1,0,1,0,0,0,0,0,0,0,4
110922,1,1,1,1,1,1,0,0,0,0,0,0,5
110923,1,1,1,0,0,0,0,0,0,0,0,0,2
110924,1,1,0,1,1,0,1,1,1,1,1,0,10
110925,1,1,1,1,1,1,1,0,0,0,0,1,6
110926,1,1,1,0,1,1,1,0,1,1,1,1,10
110927,1,0,0,0,0,0,0,0,0,0,0,0,0
110928,1,1,0,1,0,1,1,1,1,1,1,1,10
110929,1,0,0,0,0,0,0,0,0,0,0,0,0
110930,1,1,1,1,0,0,1,0,0,0,0,0,6
110931,1,1,0,0,1,0,1,0,1,0,0,0,8
110932,1,1,1,0,0,1,1,1,0,1,1,0,10
110933,1,1,1,1,1,1,1,1,1,1,1,1,10
110934,1,1,0,0,0,0,0,0,0,0,0,0,1
110935,1,1,1,1,1,1,0,0,0,0,0,0,5
110936,1,1,1,1,1,1,1,1,0,0,0,0,7
110937,1,1,1,1,1,1,1,1,1,1,0,1,9
110938,1,1,1,1,1,0,0,1,1,0,0,1,8
110939,1,1,1,0,1,1,0,0,0,0,1,1,10
110940,1,1,1,1,1,1,1,1,1,0,1,0,10
110941,1,1,0,0,0,0,0,0,0,0,0,1,1
110942,1,1,0,0,0,0,0,0,0,0,0,0,1
110943,1,1,1,1,1,1,0,0,0,0,0,0,5
110944,1,1,0,0,0,0,0,0,0,0,0,0,1
110945,1,1,1,0,0,1,0,0,0,0,0,0,5
110946,1,1,0,0,0,0,0,1,0,0,0,1,7
110947,1,1,0,1,1,1,1,0,0,0,1,1,10
110948,1,1,1,1,1,1,1,1,1,1,1,1,10
110949,1,1,1,1,1,1,0,0,1,1,1,1,10
110950,1,1,1,1,0,0,0,0,0,0,0,0,3
110951,1,1,1,1,1,1,0,0,0,0,0,0,5
110952,1,1,1,1,0,1,0,0,0,0,0,0,5
110953,1,1,1,1,1,1,1,1,1,1,1,0,10
110954,1,1,1,1,1,1,1,1,1,1,1,1,10
110955,1,0,1,1,1,1,1,1,0,0,0,0,7
110956,1,0,1,0,1,1,1,0,1,1,1,1,10
110957,1,1,1,0,0,0,0,0,0,0,0,0,2
110958,1,0,1,1,1,1,0,1,1,1,1,0,10
110959,1,0,1,0,0,0,0,0,0,1,0,0,9
110960,1,0,1,0,0,0,0,0,0,0,0,0,2
110961,1,1,1,1,1,0,1,1,1,1,1,0,10
110962,1,0,1,1,1,1,1,0,1,1,1,0,10
110963,1,1,1,1,1,1,1,1,1,1,1,1,10
110964,1,0,1,1,1,1,1,1,1,1,1,0,10
110965,1,1,1,1,1,1,1,1,0,0,0,0,7
110966,1,1,1,1,1,1,0,0,0,0,0,0,5
110967,1,0,1,1,0,0,0,0,0,0,0,0,3
110968,1,0,1,1,1,0,0,1,0,1,1,0,10
110969,1,1,1,1,1,1,1,1,1,1,1,1,10
110970,1,1,1,0,0,0,0,0,0,0,0,0,2
110971,1,1,1,1,0,0,0,0,0,0,0,0,3
110972,1,0,1,0,0,0,0,0,0,0,0,0,2
110973,1,1,1,1,0,0,0,0,0,0,0,0,3
110974,1,0,1,0,0,0,0,0,0,0,0,0,2
110975,1,1,1,0,0,0,0,0,0,0,0,0,2
110976,1,0,1,0,0,0,0,0,0,0,0,1,2
110977,1,0,1,0,0,0,0,0,0,0,0,0,2
110978,1,1,1,1,1,1,1,1,1,1,1,1,10
110979,1,1,1,0,1,0,1,0,0,0,1,0,10
110980,1,0,1,1,0,0,0,0,0,0,0,0,3
110981,1,1,1,1,0,0,0,0,0,0,0,0,3
110982,1,1,1,0,1,1,0,1,1,0,1,0,10
110983,1,0,0,1,0,1,0,0,0,0,0,0,5
110984,1,1,1,1,1,1,1,1,1,0,0,0,8
110985,1,1,0,1,1,1,1,1,1,1,1,0,10
110986,1,0,0,1,0,0,0,0,0,0,0,0,3
110987,1,0,0,1,0,0,0,0,0,0,0,0,3
110988,1,0,0,1,1,1,0,0,1,1,1,0,10
110989,1,0,1,1,0,1,1,1,1,1,1,1,10
110990,1,0,0,1,0,1,1,1,0,0,0,0,7
110991,1,1,1,1,1,1,1,1,1,1,1,1,10
110992,1,1,1,1,0,1,1,1,1,1,1,1,10
110993,1,1,0,1,1,0,1,1,0,1,1,1,10
110994,1,0,1,1,0,0,0,0,0,0,0,0,3
110995,1,0,0,1,1,0,0,0,1,1,1,0,10
110996,1,0,0,0,1,0,0,0,0,0,0,0,4
110997,1,1,1,0,1,1,1,0,0,0,0,0,6
110998,1,0,0,0,1,1,1,1,1,0,1,1,10
110999,1,1,1,1,1,1,1,1,1,1,1,1,10
111000,1,0,0,0,1,1,1,1,1,1,0,0,9
111001,1,1,0,0,0,0,0,0,0,0,0,0,1
111002,1,1,1,0,1,0,1,0,0,0,0,0,6
111003,1,0,0,0,1,0,0,1,0,1,0,0,9
111004,1,0,0,0,1,1,1,0,0,0,1,0,10
111005,1,1,1,1,1,1,1,0,0,0,0,0,6
111006,1,0,0,0,1,0,0,0,1,0,0,0,8
111007,1,1,1,1,1,1,1,1,1,1,1,1,10
111008,1,0,0,0,1,0,1,1,1,1,1,0,10
111009,1,1,1,1,1,1,1,0,0,0,1,0,10
111010,1,0,0,0,1,0,0,1,0,1,0,0,9
111011,1,0,0,1,1,1,1,1,1,1,1,0,10
111012,1,1,0,0,1,0,0,0,0,0,0,0,4
111013,1,0,1,0,1,0,1,1,0,0,0,0,7
111014,1,1,0,0,0,1,1,1,1,0,0,0,8
111015,1,1,1,1,1,1,0,0,1,0,0,0,8
111016,1,1,0,0,0,1,1,0,1,1,1,1,10
111017,1,0,0,0,0,1,1,1,0,1,1,1,10
111018,1,0,1,0,1,1,1,1,1,1,1,1,10
111019,1,1,1,1,1,1,1,1,1,1,0,0,9
111020,1,0,0,0,0,1,1,1,1,1,1,1,10
111021,1,1,0,1,0,1,0,1,1,1,1,0,10
111022,1,1,0,0,0,1,1,0,0,0,0,0,6
111023,1,1,0,0,0,1,0,1,1,1,0,0,9
111024,1,0,1,1,1,1,0,0,0,0,0,0,5
111025,1,1,0,0,0,1,1,1,1,1,1,1,10
111026,1,0,0,1,1,1,0,0,0,1,1,1,10
111027,1,1,1,0,0,1,0,1,1,0,0,0,8
111028,1,0,1,0,0,1,0,1,1,1,1,1,10
111029,1,0,0,0,0,1,0,0,0,0,0,0,5
111030,1,0,1,0,0,1,0,0,0,1,1,0,10
111031,1,1,1,1,0,1,0,1,1,1,1,0,10
111032,1,1,1,1,1,1,0,1,1,0,0,0,8
111033,1,1,1,1,0,1,0,1,1,1,1,0,10
111034,1,1,1,1,1,1,1,1,1,1,1,1,10
111035,1,1,1,1,1,1,1,1,1,1,1,0,10
111036,1,0,1,1,1,1,1,1,1,1,1,1,10
111037,1,0,0,1,0,1,1,0,0,0,0,0,6
111038,1,1,1,1,1,0,1,0,0,0,0,0,6
111039,1,0,0,0,0,0,1,0,0,0,1,0,10
111040,1,0,1,1,1,0,1,1,1,1,1,1,10
111041,1,0,0,0,0,1,1,0,0,0,0,0,6
111042,1,1,1,1,1,1,1,1,0,0,0,0,7
111043,1,1,1,1,1,1,1,1,1,0,0,0,8
111044,1,0,0,0,0,0,1,1,1,1,1,1,10
111045,1,0,0,0,0,1,0,1,0,0,0,0,7
111046,1,0,0,0,0,0,1,1,1,1,1,0,10
111047,1,0,0,0,1,1,1,0,1,1,0,0,9
111048,1,0,0,0,0,0,1,0,0,0,0,0,6
111049,1,0,1,1,1,1,1,1,1,1,1,0,10
111050,1,0,0,0,0,0,1,0,1,1,1,0,10
111051,1,0,1,0,1,1,1,1,1,1,1,1,10
111052,1,0,1,1,0,0,1,0,1,0,0,0,8
111053,1,1,1,0,0,0,1,1,1,0,0,0,8
111054,1,0,0,0,0,0,1,0,1,1,1,0,10
111055,1,1,1,1,1,1,1,1,1,1,1,1,10
111056,1,0,1,1,1,1,1,1,1,1,0,0,9
111057,1,1,1,0,0,0,1,1,0,0,0,0,7
111058,1,0,0,0,0,0,1,1,1,1,0,0,9
111059,1,0,0,1,1,1,1,1,1,1,0,1,9
111060,1,1,1,0,0,0,1,0,0,1,1,1,10
111061,1,1,1,1,0,0,1,0,1,1,1,0,10
111062,1,1,1,1,1,1,0,1,0,0,0,0,7
111063,1,1,1,1,1,1,1,1,1,0,1,1,10
111064,1,0,0,1,1,1,0,1,1,1,1,1,10
111065,1,0,0,1,1,1,1,1,1,1,1,0,10
111066,1,1,1,1,1,1,1,1,1,1,1,1,10
111067,1,1,0,0,0,0,0,1,1,1,1,0,10
111068,1,1,1,1,0,0,0,1,1,1,0,0,9
111069,1,0,0,1,1,1,0,1,1,1,1,0,10
111070,1,1,0,0,0,0,1,1,0,0,0,0,7
111071,1,0,0,0,0,0,0,1,1,0,0,0,8
111072,1,1,1,0,0,1,0,1,0,0,0,0,7
111073,1,0,0,0,0,0,0,1,0,1,0,1,9
111074,1,1,1,1,0,1,1,1,0,0,0,0,7
111075,1,1,0,0,0,0,0,1,1,1,1,1,10
111076,1,1,1,0,0,0,0,1,1,1,1,1,10
111077,1,0,1,0,0,0,0,1,1,0,1,0,10
111078,1,0,0,1,1,1,1,1,1,1,1,1,10
111079,1,1,1,1,1,0,1,1,1,0,1,0,10
111080,1,0,0,1,1,1,1,1,1,1,1,1,10
111081,1,1,0,0,0,0,0,1,0,0,0,0,7
111082,1,0,0,0,1,0,0,1,1,0,0,0,8
111083,1,1,1,1,1,1,1,1,1,1,1,1,10
111084,1,1,1,1,1,1,1,0,1,1,0,0,9
111085,1,0,1,1,1,1,1,1,1,1,1,1,10
111086,1,0,0,0,1,0,0,0,1,0,1,0,10
111087,1,1,1,1,0,0,0,0,0,0,0,1,3
111088,1,1,1,1,1,1,1,1,1,1,1,1,10
111089,1,0,1,0,0,0,0,0,1,0,0,0,8
111090,1,1,0,1,1,1,1,1,1,0,1,0,10
111091,1,1,1,0,1,1,1,1,1,1,1,1,10
111092,1,1,1,1,1,1,1,0,0,1,1,1,10
111093,1,1,1,1,1,1,1,1,1,1,1,1,10
111094,1,1,1,1,1,0,1,0,0,1,1,1,10
111095,1,1,1,0,0,0,1,1,1,1,1,0,10
111096,1,0,0,0,0,0,0,0,0,0,1,0,10
111097,1,1,1,1,1,1,1,1,1,1,1,0,10
111098,1,1,1,1,0,1,0,0,0,0,1,1,10
111099,1,0,0,1,0,1,0,1,1,0,1,0,10
111100,1,1,0,0,0,0,0,0,0,0,1,0,10
111101,1,1,1,0,1,1,1,1,1,1,1,1,10
111102,1,1,1,1,1,1,1,1,1,1,1,0,10
111103,1,0,1,1,0,1,1,1,1,1,1,1,10
111104,1,0,0,0,0,0,0,0,0,0,0,1,0
