ID,Age,Gender,Member_Tenure,Avg_Visits_Per_Month,Class_Attendance,Used_PT_Sessions,Has_App,Signed_Up_PT
1,39,0,8,6.224531369884142,3,4,1,0
2,33,0,34,7.318017238056992,1,0,0,0
3,41,0,59,12.672170472948999,3,3,1,1
4,50,0,18,4.871907772450141,2,1,1,0
5,32,0,31,3.788319945799538,8,2,1,0
6,32,1,59,9.350956480342171,3,4,0,0
7,50,1,27,7.915947132998,1,5,0,0
8,42,1,16,11.621009716257644,2,6,1,1
9,30,0,58,6.941498282445927,3,5,1,1
10,40,0,10,11.632451777575994,1,2,1,0
11,30,0,40,8.048805793154836,1,2,1,0
12,30,1,12,9.587345325691162,4,0,1,0
13,37,1,22,12.871830461048805,2,7,0,0
14,15,1,16,7.498256285782482,4,2,0,0
15,17,0,12,11.13399870702622,4,4,1,0
16,29,1,11,6.159204284785976,1,2,0,0
17,24,0,20,8.682616861688723,3,3,1,0
18,38,1,51,3.6660224849501244,3,3,0,0
19,25,1,1,6.4870400930623076,1,2,1,0
20,20,1,27,4.825894223425566,3,3,1,1
21,49,1,3,11.662257809764213,2,1,1,0
22,32,0,12,13.216395082852607,5,1,1,0
23,35,1,30,6.935894167004178,5,0,0,0
24,20,1,9,5.680885452796728,6,2,0,0
25,29,0,53,4.05816650987009,3,0,1,0
26,36,0,54,8.7936241283062,2,0,0,0
27,23,0,37,6.193140935994768,1,1,1,0
28,38,0,1,6.353850975955197,2,2,0,0
29,28,0,42,12.888765852295805,1,2,1,0
30,32,1,49,7.110804045361454,3,3,1,0
31,28,0,4,9.759948711016008,4,1,0,0
32,53,0,15,8.158883269743837,4,2,1,0
33,34,1,51,3.9343837779786988,1,1,0,0
34,24,1,27,2.4653588814856837,1,2,1,0
35,43,1,8,9.462566176087034,5,2,0,0
36,22,0,23,13.112331562600412,3,3,1,0
37,37,1,15,8.944962606261502,0,0,1,0
38,15,1,27,9.872270549552407,8,2,1,0
39,21,0,31,5.285881083243559,2,1,1,0
40,36,0,39,11.044683026189027,5,2,1,1
41,42,1,47,11.007513364646115,3,2,1,0
42,36,1,8,5.911404583087464,2,2,0,0
43,33,1,30,9.636226321499382,7,2,1,0
44,31,1,58,2.700746447981098,0,0,1,0
45,20,1,55,10.17173590027696,3,3,0,0
46,27,1,42,6.2827472426598625,4,0,0,0
47,30,0,18,4.3186125892699385,4,1,1,0
48,45,0,4,9.207919870976012,4,2,1,0
49,38,0,47,2.6848101046530637,8,1,1,0
50,17,1,43,9.02724074230497,4,1,1,0
51,38,1,22,4.6031626113653115,2,2,1,0
52,31,1,3,3.961171630304422,1,1,0,0
53,28,0,15,8.179558884139052,2,2,1,0
54,41,1,35,7.4823462274553965,0,1,1,0
55,45,0,47,12.37036835327152,4,1,1,1
56,44,0,38,4.145596249632142,3,1,1,0
57,26,1,33,12.125163473494126,1,2,0,0
58,31,1,14,4.5870661871921685,3,2,0,0
59,38,1,48,10.758327249275121,6,0,1,0
60,44,0,1,11.318277568560122,4,1,1,0
61,30,0,53,8.964376357672776,1,0,1,0
62,33,0,49,5.627138358384757,1,2,1,0
63,23,0,26,3.4311365841306554,3,4,1,0
64,23,1,8,2.1446705492144593,3,1,0,0
65,43,1,50,13.556872862212655,7,0,1,1
66,48,1,16,7.10943531880409,5,2,0,0
67,34,0,38,4.685997356817454,7,2,1,0
68,45,1,10,4.570518181879759,3,1,1,0
69,38,0,42,8.503587180820281,2,3,1,0
70,28,1,37,6.815443689187726,4,4,0,0
71,38,0,26,2.2421222634290956,2,1,1,0
72,50,0,28,10.593622008390348,6,2,1,0
73,34,1,12,9.004950666493773,3,4,1,0
74,50,1,20,13.519732997506651,1,1,1,0
75,8,0,49,11.422374342663616,2,2,1,0
76,43,0,14,0.0,6,1,1,0
77,35,1,46,12.250921921512688,4,5,0,0
78,32,0,35,11.622473747823612,3,4,1,0
79,35,0,29,5.790881742931999,4,2,0,0
80,15,0,12,6.702272728630762,3,1,0,0
81,32,0,52,9.235175321723725,4,3,1,0
82,38,1,18,4.957354973609515,2,1,1,0
83,49,1,44,7.271813395361509,7,0,1,0
84,29,1,2,11.00011233747774,3,2,1,0
85,26,1,2,9.553183726070241,4,1,1,0
86,29,0,59,5.999645708114782,6,2,0,1
87,44,0,17,11.068281669923675,4,5,1,0
88,38,0,10,8.908685787628793,2,2,1,0
89,29,0,18,8.80611635884062,6,2,1,0
90,40,0,22,6.4552029110563875,2,0,0,0
91,35,1,19,7.9803843689934135,3,2,1,0
92,44,1,58,5.6777255551406824,2,1,0,0
93,27,0,53,2.1783452458890507,4,2,1,0
94,31,1,1,7.160623502903047,6,4,1,0
95,31,1,24,7.633543261715604,2,3,0,0
96,20,1,36,8.411866338462996,2,1,1,0
97,37,1,25,11.636463795105485,6,1,1,0
98,37,1,36,6.04314546581987,2,3,1,0
99,35,1,31,6.896743989455841,1,1,0,0
100,32,1,31,10.298532792863655,6,0,1,0
101,20,1,2,5.742433656254463,4,1,1,0
102,30,0,19,8.461248586425434,4,1,0,0
103,31,0,53,6.775153959306931,2,3,1,0
104,26,1,12,7.269126851865721,1,1,1,0
105,33,0,10,10.27443466763203,4,2,1,0
106,39,0,31,6.87964083205868,5,4,1,0
107,53,1,45,10.372232021719505,5,5,1,0
108,36,0,22,2.1427006753845257,2,4,0,0
109,37,1,23,3.7111559782416164,2,1,1,0
110,34,1,52,1.0453997277534537,3,1,1,0
111,15,1,23,4.502688148499099,7,5,1,1
112,34,0,15,13.570530988547517,3,2,0,0
113,35,0,26,7.947392273949641,5,2,1,0
114,59,1,3,5.836091748627629,4,1,1,0
115,33,1,23,10.34842047497727,2,1,0,0
116,38,1,20,10.772033171771517,0,1,0,0
117,34,0,45,4.337456557812422,4,3,0,0
118,23,0,40,15.494600353922337,0,1,1,0
119,46,1,57,8.828992529003166,1,2,1,0
120,42,0,39,9.207055965363024,1,1,1,0
121,42,1,56,9.491699454073586,6,0,1,1
122,25,0,8,9.485413610137918,2,3,1,0
123,49,0,18,6.135579785856567,7,2,1,0
124,20,0,41,14.337557872888407,4,2,1,0
125,40,0,6,7.144434659769022,6,1,0,0
126,56,1,27,10.872553332929979,5,0,0,0
127,25,1,36,6.575196133336257,1,3,1,0
128,29,0,15,6.043200490690056,4,3,1,0
129,35,1,37,13.70559383975297,3,0,0,0
130,29,0,58,7.67488689014348,5,2,1,0
131,19,1,5,7.897678397031366,1,1,1,0
132,35,0,39,8.85085161651503,3,2,0,0
133,24,1,9,15.805311413962407,5,2,1,1
134,39,1,7,14.50628350376428,3,3,1,0
135,25,1,41,11.851347824977319,0,0,0,0
136,50,1,20,16.560867748221348,2,2,1,1
137,27,1,10,5.166269840237274,2,1,1,0
138,31,1,26,9.967651972074169,3,3,0,0
139,43,1,4,8.227468792941314,4,2,1,0
140,22,1,38,2.69273680389243,4,2,1,0
141,37,1,24,9.389290791991327,3,3,0,0
142,48,0,14,6.527520560257853,0,1,1,0
143,18,1,41,12.600502522940928,2,1,1,0
144,36,0,1,6.814934406684895,2,3,1,0
145,37,1,17,6.6443240923314715,9,2,1,0
146,42,0,45,12.599206477553913,3,1,0,0
147,22,1,24,7.8036380647334855,5,2,0,0
148,21,0,27,11.488633081241467,3,2,1,0
149,40,0,7,9.273078319769898,4,3,1,0
150,37,0,9,9.313314383910418,2,1,1,0
151,37,1,43,7.267857881358781,0,3,1,0
152,38,0,35,9.506630137121023,1,0,1,0
153,28,0,58,7.605524564032324,0,2,1,0
154,37,1,12,5.5885896570308935,2,6,0,0
155,37,1,21,7.6872370540506365,5,1,1,0
156,27,0,3,11.863492366025172,3,1,0,0
157,53,0,15,9.608027676774098,3,1,1,0
158,39,0,21,10.305322193980299,2,2,0,0
159,23,1,10,8.004402114326332,1,3,0,0
160,41,0,33,2.186629531455514,3,0,1,0
161,25,0,46,4.335714504742772,2,2,1,0
162,42,0,59,7.132983339368398,2,2,1,0
163,46,0,52,4.5948129634481365,3,2,1,0
164,26,1,6,6.426927312227684,1,3,1,0
165,44,0,2,6.318336290857394,0,2,1,0
166,39,0,29,6.408773779617302,3,3,1,0
167,43,0,55,12.311509565912337,3,2,1,0
168,53,0,40,7.841065175211411,5,3,1,0
169,32,0,33,10.804010474301602,2,2,0,0
170,27,1,4,8.491834833674078,3,2,1,0
171,26,1,59,12.247239822980339,3,4,1,1
172,26,1,4,11.062938815442877,2,2,1,0
173,34,1,29,6.225452390988298,6,0,1,0
174,38,1,37,13.884888419894537,5,2,1,0
175,37,0,20,6.636432778944751,3,3,1,0
176,43,1,41,8.600001997494983,1,2,1,0
177,35,1,23,9.131080499090983,3,2,1,0
178,49,1,45,9.465094280643493,4,1,1,1
179,32,1,18,10.388539684928704,2,4,1,0
180,62,0,49,5.729646743756927,2,1,1,0
181,41,1,25,10.137005800440102,3,1,1,1
182,26,1,1,9.74343667102602,2,0,1,0
183,24,1,54,8.001416104367255,1,1,1,0
184,39,0,15,7.430769488137817,1,0,1,0
185,32,0,34,5.5756950634228755,3,3,1,0
186,42,0,48,9.441053486373358,3,6,1,0
187,39,1,20,6.018591440125112,3,0,0,0
188,34,0,54,8.713642310598944,0,2,1,0
189,26,0,37,7.696012931545729,4,2,0,0
190,19,1,27,3.997517732752324,3,6,1,0
191,30,0,22,5.19968445838102,5,4,1,0
192,43,1,51,9.214327573320602,8,0,1,0
193,37,0,5,6.427045658091776,3,2,1,0
194,22,1,34,6.324739494537401,2,0,1,0
195,36,1,39,5.708157793266944,5,3,0,1
196,38,1,3,5.8099654314065425,3,2,1,0
197,26,1,17,12.927999553569043,0,2,1,0
198,36,0,24,4.64018258898615,4,2,0,0
199,35,0,24,12.418709736995535,1,3,0,0
200,23,0,3,7.007806337605164,1,5,1,0
201,38,1,45,6.038736522266371,2,3,1,0
202,40,1,7,9.151470691493808,1,4,0,0
203,45,0,25,8.159122352811341,3,2,1,0
204,45,1,56,7.407500147394008,5,2,1,0
205,21,0,3,8.659650891480412,4,2,0,0
206,25,1,15,8.111594590808803,3,2,0,0
207,40,1,29,7.353206745980479,3,1,1,0
208,40,0,50,10.807023137752221,4,2,1,0
209,40,0,29,3.6590698534665194,3,4,0,0
210,73,0,10,5.25600553050676,3,2,1,0
211,40,1,32,5.635354498094255,2,0,1,0
212,46,1,23,4.826190013973273,3,0,0,0
213,44,0,39,8.257779827997219,4,2,1,0
214,41,0,9,9.516258677223476,2,1,0,0
215,31,0,37,2.1124085164372355,8,0,0,0
216,42,1,52,6.577840780892581,2,2,0,0
217,27,1,40,7.035009258352651,1,2,0,0
218,32,0,14,7.142432131527709,8,2,1,0
219,30,1,4,4.144736090400421,2,5,0,1
220,35,1,20,7.060037381517111,3,3,0,0
221,58,0,28,5.266631324389685,1,1,0,0
222,16,0,14,6.996868679896039,3,2,0,0
223,41,1,44,2.8411174440033937,6,1,0,0
224,18,1,34,7.017321729893061,3,1,1,0
225,30,0,13,5.8428992121125205,2,2,1,0
226,45,0,31,7.212556856759336,2,1,1,0
227,35,0,33,8.902378130943422,2,3,1,0
228,24,1,52,7.865794818754338,4,1,1,0
229,27,0,39,10.380185605326673,3,1,1,0
230,41,0,28,6.917700760410973,1,2,0,0
231,27,1,25,9.85665445359528,5,4,1,0
232,37,1,32,11.374961319140493,2,1,1,0
233,35,0,9,8.82127911639186,3,3,0,0
234,28,0,28,7.937606508403366,3,2,1,0
235,56,1,58,9.243086252536365,5,2,1,1
236,41,0,31,8.927250852363372,4,4,1,0
237,14,0,17,11.003729024279775,6,4,1,0
238,36,1,53,10.381398378529596,4,2,0,0
239,28,0,23,10.41748163127432,1,0,0,1
240,43,1,13,8.13207787268543,4,2,0,0
241,27,1,55,9.023679898077452,2,2,0,0
242,33,0,10,8.967578789767902,2,2,1,0
243,40,0,16,4.377861793676887,5,1,0,0
244,43,1,6,11.206748055275936,2,0,0,0
245,22,1,48,2.992128410166594,2,1,0,0
246,31,1,11,10.136559972881113,1,2,1,0
247,30,1,58,8.800988290573125,4,3,1,0
248,28,0,52,7.147135316692384,2,2,1,0
249,52,1,3,9.173570476478753,4,0,1,0
250,39,0,28,9.255707978688346,0,1,1,0
251,22,0,41,4.076600279740771,3,3,1,0
252,44,0,15,12.248378846244517,6,1,1,0
253,56,0,13,8.216414161555,3,3,1,0
254,45,1,42,14.944196913622761,1,0,1,0
255,19,0,52,10.36931308591012,4,3,1,0
256,30,0,56,8.148192040746151,0,1,0,0
257,47,0,45,5.929882142022146,2,3,0,0
258,27,1,17,7.667481388421814,4,3,1,0
259,39,1,7,8.449492185747996,1,2,0,0
260,42,0,28,12.396290462983163,3,1,1,0
261,25,0,38,11.679979502931587,5,1,1,0
262,34,0,13,9.35446544742484,2,2,1,0
263,2,1,17,13.307573507709991,1,2,1,0
264,24,1,15,1.9514566111983438,5,4,1,0
265,32,1,36,9.388362159584924,1,1,1,0
266,22,1,28,11.766955755561304,2,0,1,0
267,51,0,15,9.642313314246652,2,3,0,0
268,20,1,46,4.001576063529504,2,1,1,0
269,30,1,53,12.168329400553382,2,6,0,0
270,36,0,11,10.284045690120303,1,1,1,0
271,49,0,56,9.02903588064038,2,2,1,1
272,20,1,31,8.265073973468217,3,6,0,1
273,46,1,4,13.981106204446263,3,4,0,1
274,35,0,35,9.333552631198856,0,1,1,0
275,25,1,34,7.274241023788509,5,1,1,0
276,39,1,52,5.565864497313321,7,1,1,0
277,36,0,27,10.272587417625843,3,0,1,0
278,28,0,10,10.958700185826803,1,1,1,1
279,35,0,30,8.169546663451069,3,1,1,0
280,31,1,45,6.3266645604617695,1,7,1,1
281,36,0,20,11.99016979463615,3,0,1,0
282,41,0,29,5.337753746909502,3,2,1,0
283,50,1,58,13.908336143995939,1,4,0,1
284,22,1,53,5.796398544955906,5,2,0,0
285,56,0,29,4.165105958453997,4,3,1,0
286,15,0,23,4.5488999079099015,0,0,1,0
287,33,0,57,4.670837515120296,3,0,1,1
288,40,1,50,7.290211687889457,1,4,1,0
289,37,1,21,6.59548245319747,11,2,1,0
290,28,0,48,11.073919474492147,0,2,0,0
291,32,1,43,10.646224445868441,4,0,1,0
292,30,1,10,7.329466822952931,3,2,1,1
293,29,1,41,17.31015321729461,3,4,1,0
294,43,1,12,7.289716799645022,0,1,1,0
295,38,0,30,7.689450934811405,1,5,1,1
296,28,0,51,4.1677461556028454,4,3,0,1
297,43,1,33,7.7583790261250885,7,3,1,1
298,38,1,18,8.8922020741733,1,1,1,0
299,43,1,14,4.447337318318566,0,4,1,0
300,41,0,22,6.503925725570915,2,1,1,0
301,26,1,21,8.98103218992684,4,7,1,1
302,29,1,1,6.42549356269769,2,3,1,0
303,42,0,49,5.797522482887164,3,1,1,0
304,41,0,43,10.346399042611829,3,1,0,0
305,34,1,52,4.153658566600808,1,2,0,0
306,36,1,15,4.736232864219032,3,0,1,0
307,47,0,36,8.53213802175284,2,1,1,0
308,29,1,47,10.53847778822085,4,1,0,0
309,40,0,54,8.91657189867986,4,0,1,0
310,32,0,22,7.328338233931368,2,2,0,0
311,32,1,32,7.0838341423877225,1,1,1,0
312,45,1,58,11.03132564847961,3,2,1,0
313,43,1,46,10.577004298912048,2,1,1,0
314,43,1,54,8.149547755528717,5,1,1,0
315,48,0,33,7.167143902590446,3,1,1,0
316,35,1,58,8.105816577935911,3,2,1,0
317,41,0,41,5.818407654220776,7,2,1,0
318,31,0,59,7.549473045815299,4,0,0,0
319,38,0,39,6.531389984028304,2,1,1,0
320,33,0,23,7.69746554486462,4,1,1,0
321,35,0,43,6.638947191017294,3,2,0,0
322,40,0,55,9.571855621813999,3,0,1,0
323,26,0,2,10.455216199548307,6,2,1,1
324,55,0,2,6.860852539355935,2,2,0,0
325,24,1,38,5.564360993399807,0,5,1,0
326,22,0,55,10.134865202552518,3,2,0,0
327,46,0,51,8.554276438365324,3,2,1,0
328,42,1,29,6.899791764448933,1,0,1,0
329,41,1,52,12.126655740089621,3,0,0,0
330,41,1,46,6.304897218600519,0,0,1,0
331,34,0,3,2.0211910529594714,2,2,1,0
332,26,1,39,5.876121888104006,4,1,1,0
333,35,0,7,12.855135430673938,6,2,1,0
334,28,0,36,7.046888806799578,3,1,1,1
335,44,0,29,6.4536821256921275,3,4,1,0
336,33,1,55,8.079809363760692,0,2,1,1
337,26,0,37,11.033189263678704,7,0,1,0
338,31,0,49,7.751300027848525,3,2,1,0
339,39,0,58,9.774042745725922,4,1,1,0
340,29,1,36,7.432201307189575,5,0,1,0
341,26,1,23,9.797633513439099,2,5,1,0
342,37,0,45,8.540788381704534,0,5,1,0
343,37,1,16,6.806024675332333,1,4,1,1
344,29,1,48,8.77427592980401,1,4,1,0
345,30,1,31,6.372470276855799,2,3,0,0
346,37,0,34,3.8654349445006826,2,2,1,0
347,20,1,50,7.940336618443584,3,3,0,0
348,20,0,1,4.1318769263304524,2,1,1,0
349,27,1,18,9.792288606586663,3,2,1,0
350,32,0,58,7.887527684825541,3,3,1,1
351,38,0,40,12.269875845271502,6,1,1,0
352,49,0,43,7.00928866692726,4,1,1,1
353,43,1,56,7.939918409469428,4,4,1,0
354,33,0,56,3.59112184656046,1,1,1,0
355,34,1,15,4.687720066488363,0,1,1,0
356,24,0,48,2.96383171295442,4,1,0,0
357,34,1,49,11.232481433438494,2,2,1,0
358,32,1,17,6.6213370550176425,7,2,1,0
359,38,1,44,11.981239254180213,3,2,0,0
360,26,1,10,0.0,1,0,0,0
361,40,1,20,12.644223195632325,1,2,1,0
362,50,0,6,7.795931327885365,4,2,0,0
363,33,1,8,9.019542166895993,3,4,1,0
364,39,0,45,4.811171809450493,4,0,1,0
365,41,1,34,9.581869756511981,3,2,0,0
366,30,1,32,6.878257561834368,2,0,1,0
367,37,0,51,4.418137333864301,0,2,1,0
368,35,0,54,4.377000941294196,1,2,1,0
369,35,0,42,4.3239486902531,3,3,0,0
370,27,1,4,9.140718787390488,3,2,1,0
371,35,1,44,6.093105152415206,3,3,1,0
372,39,1,50,3.0797187328704894,1,2,1,0
373,49,1,39,9.107898542113125,6,2,1,0
374,44,1,20,1.481811430392007,2,3,0,0
375,56,0,24,11.987216290982287,2,4,1,0
376,27,0,24,13.959231728819756,5,0,1,0
377,43,1,55,4.062728973419785,4,5,1,0
378,36,1,26,11.15735189484213,4,5,1,1
379,56,1,25,9.047294007216513,2,2,0,0
380,26,0,36,6.49988397035216,8,1,0,0
381,26,0,7,6.639882738110487,5,0,1,0
382,29,0,10,9.963434938730323,5,1,1,0
383,13,0,58,7.880147607189625,7,3,1,0
384,29,0,47,0.21737252807946383,2,1,1,0
385,27,1,12,14.21904320901057,2,2,0,0
386,36,0,1,9.299522557954413,3,0,0,0
387,38,1,52,7.843967657548864,6,1,1,0
388,53,0,50,5.844730280945469,2,6,1,0
389,44,1,25,7.433118489000707,6,2,0,0
390,29,0,16,11.807561776553573,6,4,1,0
391,26,0,5,8.784855303638604,4,2,1,0
392,39,0,19,9.126123873344016,5,0,1,1
393,21,1,4,4.252488141059328,4,1,1,0
394,53,1,6,6.951109171319833,2,1,1,0
395,46,0,26,8.153154520230045,2,5,1,0
396,30,0,49,10.089699030372625,6,1,1,0
397,17,1,39,6.752551370364037,5,1,1,1
398,48,0,56,10.783606296425642,2,1,0,0
399,33,0,55,4.566940374963674,2,2,0,0
400,47,1,39,8.208608969260885,4,1,1,1
401,19,1,9,7.707155363304638,3,2,1,0
402,29,0,45,3.453420615843232,3,1,1,0
403,35,0,52,7.85687552997231,6,2,1,0
404,35,1,14,6.252186438301587,3,4,1,0
405,30,0,48,12.241324182478781,4,0,1,1
406,41,0,55,6.769231892236739,4,1,0,0
407,24,1,9,9.052611603778145,4,1,0,0
408,33,1,15,4.306874051553978,4,3,1,0
409,36,0,37,8.709706680239671,5,3,1,0
410,40,1,50,6.754861074171352,0,4,0,0
411,42,1,53,5.671170548096071,3,2,1,0
412,23,0,20,16.50167669581233,1,3,1,0
413,19,1,8,6.939652913750392,3,3,0,1
414,47,0,32,7.36415321202818,10,0,1,1
415,38,0,47,10.705980358250413,3,2,1,0
416,27,1,21,5.694719955421985,3,1,1,0
417,50,0,57,9.209816832232608,2,2,1,0
418,36,0,41,9.53096123733254,2,1,1,0
419,46,0,19,8.734101279385122,1,2,1,0
420,35,0,29,14.889017947788076,4,1,1,0
421,55,1,58,5.5871928514139935,4,0,1,0
422,52,1,31,12.612801804721936,5,4,1,1
423,32,1,54,9.416421207276699,6,2,1,0
424,44,0,6,10.728348839569806,2,3,1,0
425,41,0,4,9.023703115050282,2,0,1,0
426,48,0,43,13.634832055232561,2,3,0,0
427,25,0,29,7.039766230183615,2,3,1,0
428,41,0,42,9.491660715330106,1,1,0,0
429,45,1,3,11.91641882171203,2,1,0,0
430,17,1,1,6.3234719087862254,4,2,1,1
431,23,1,44,11.001310031890075,4,3,1,0
432,14,0,55,7.944085233216983,3,0,0,0
433,32,1,15,4.295349117996867,2,2,1,0
434,42,0,47,3.6452312643503397,2,1,0,1
435,50,0,21,7.727540499873844,2,1,1,0
436,35,1,46,10.972655364813043,1,0,1,0
437,51,1,58,1.7630913050974488,2,2,0,0
438,21,0,31,8.60135011738654,3,2,1,0
439,17,0,7,10.677131404654723,2,4,1,0
440,34,0,17,4.1661503440364065,3,1,1,0
441,38,1,56,6.098100123109992,5,2,1,0
442,34,0,19,9.717100824732949,5,1,1,0
443,14,1,39,10.545613842025963,1,1,1,0
444,34,0,3,12.812294666597106,3,1,0,0
445,21,0,30,6.240977596099819,6,0,1,0
446,41,0,35,5.553269436685463,3,3,0,0
447,38,1,58,12.958056394045833,3,1,1,0
448,25,0,57,5.7351744014607435,1,2,1,0
449,29,1,29,9.521856522801915,2,2,0,0
450,24,1,50,14.549344569296368,0,1,1,0
451,34,1,52,10.258126080818554,2,2,1,1
452,44,1,54,10.349810650810188,4,4,1,1
453,25,1,14,11.834198314296284,5,1,1,0
454,40,1,35,9.574602733655924,6,0,1,0
455,29,1,28,10.364211204808882,6,2,1,1
456,27,0,58,6.972231157588109,6,2,1,0
457,33,0,30,11.47988740052423,3,2,1,0
458,24,0,26,9.240444847638686,3,1,1,0
459,29,0,7,3.5657927282223785,5,0,0,0
460,23,0,39,8.728831737052447,2,5,1,0
461,54,1,31,1.4910557534463331,4,0,1,0
462,35,0,5,10.141738896976587,4,2,1,0
463,28,0,35,7.2993453692708545,4,1,1,0
464,37,1,50,13.716658001431197,5,3,0,0
465,33,0,47,9.468893794070457,4,2,1,0
466,32,0,52,10.772544773071804,6,2,1,0
467,41,0,14,4.852330249858944,3,3,1,0
468,42,0,36,10.053724175107542,0,2,1,0
469,29,0,27,6.078025932191711,2,0,0,0
470,29,1,24,11.271553024228005,5,5,0,1
471,32,1,40,4.6449433219985545,1,6,1,0
472,11,0,29,8.329422058570799,2,2,1,0
473,19,0,53,4.526352704250233,7,4,1,0
474,48,0,45,8.37742986045588,2,7,0,1
475,51,1,22,14.067460718001744,5,0,1,0
476,32,0,8,10.163804240769581,4,3,1,0
477,40,0,15,7.90211449427193,2,1,1,0
478,38,1,49,0.6135226298448604,2,1,1,0
479,65,0,5,6.3929386455693,1,2,1,0
480,46,0,52,9.423960937272035,0,3,0,0
481,33,0,4,6.467426973192849,2,1,1,0
482,25,1,11,12.281450743890321,3,2,0,0
483,18,1,18,8.21461448735181,3,1,1,0
484,37,1,42,11.23578534833562,2,2,1,0
485,27,0,49,8.614702573931373,3,0,1,0
486,20,1,30,7.172053570679751,2,2,1,0
487,28,1,15,6.586020489288822,5,0,1,0
488,24,1,6,4.963537885033164,2,5,0,0
489,51,0,55,11.289839550386159,3,3,1,0
490,43,1,53,6.715964203837393,1,3,1,0
491,34,0,16,9.566890524849775,4,1,1,0
492,49,0,47,6.422765050195861,0,2,1,0
493,35,1,40,4.750913286223045,1,3,1,0
494,26,0,9,9.665422431876708,6,1,1,0
495,50,1,43,5.7598883111573125,3,1,1,0
496,40,0,59,6.798538265398587,4,1,1,0
497,24,1,34,4.253934543714233,5,0,0,0
498,33,1,27,6.520630245261594,8,3,1,1
499,26,1,13,8.072321504863684,7,1,1,0
500,21,0,36,7.13752705962641,3,1,1,0
501,44,0,27,10.454679849378845,3,3,1,0
502,54,1,9,8.436562229196538,1,1,1,0
503,21,0,5,17.26194143333703,7,1,0,1
504,40,1,51,9.272751763006559,8,0,1,0
505,28,1,22,2.793537394497065,1,3,1,0
506,30,0,31,7.361352752268066,5,0,0,0
507,29,0,3,7.621255556751237,3,2,0,0
508,26,0,30,6.159106284859147,5,2,1,0
509,35,1,21,8.217832502708657,2,4,1,0
510,26,0,35,6.069808813398872,3,3,0,1
511,37,0,6,8.998459396829587,4,2,1,0
512,34,0,28,2.2739368616875293,6,5,1,0
513,32,1,32,11.432475415375745,1,1,1,0
514,25,0,42,3.265128871548768,7,4,1,0
515,29,0,37,7.2093333439503935,3,3,1,0
516,42,1,25,5.801879632708478,4,1,1,0
517,40,1,32,8.91776021314224,6,2,1,0
518,25,1,35,7.4502766677940135,2,1,1,0
519,35,0,22,8.75495199703892,0,3,1,0
520,42,0,24,11.333577234362831,1,3,1,0
521,18,1,39,10.305846313000885,4,1,1,0
522,40,0,54,8.108922025224677,3,3,0,0
523,28,1,30,9.378523299915985,3,3,0,0
524,40,1,50,13.880022556446779,4,4,1,0
525,27,0,32,10.412714884048025,5,3,1,0
526,16,1,31,7.119386197138348,1,4,1,1
527,18,1,23,11.83359301217039,7,2,1,0
528,35,0,40,9.17393096245833,6,1,0,0
529,37,1,33,5.111675446198806,2,1,0,0
530,25,0,25,7.45783312945466,3,2,1,1
531,41,0,36,3.5832279095510815,4,0,0,0
532,18,0,24,1.1449396882038156,1,1,1,0
533,34,1,31,5.152879126353302,4,3,0,0
534,22,1,58,8.36774320604142,7,1,0,0
535,28,1,39,8.376526623446562,1,1,1,0
536,35,0,46,3.7652729446248117,3,2,0,0
537,26,1,13,0.8637142182238948,1,3,1,0
538,31,0,10,12.412287422962152,4,0,1,0
539,45,1,23,8.285879357480702,4,1,0,0
540,29,0,18,12.667135933748746,2,3,1,0
541,43,0,32,12.49577329050711,6,0,0,0
542,23,0,33,10.204129002718986,3,6,1,1
543,40,1,36,8.177430745075378,4,2,1,0
544,49,0,28,6.807047557413681,2,1,1,1
545,10,1,16,10.155789569750112,5,0,1,1
546,27,0,16,7.520426402492786,3,1,1,0
547,40,0,18,6.23114221231854,4,3,1,0
548,32,0,8,1.7062859471334066,3,1,0,0
549,38,1,42,7.750684074750184,3,3,1,0
550,28,1,16,11.29001266248839,6,0,1,0
551,35,0,55,11.777949739685152,1,3,0,0
552,33,0,56,8.15983613169461,4,2,0,0
553,46,0,11,5.333868948179821,1,1,1,0
554,37,1,6,10.7082315665564,1,1,1,0
555,38,0,1,7.953903657059776,4,6,0,0
556,30,1,12,6.902973995820174,3,8,1,0
557,30,1,57,3.632255241602583,1,5,0,0
558,30,0,38,14.311284430837382,2,0,1,0
559,38,0,28,10.215195347181613,2,1,0,0
560,30,1,45,10.5387455257175,2,1,0,0
561,37,1,58,5.411572209175683,3,1,1,0
562,55,0,17,8.239249002465494,4,2,0,1
563,43,0,1,7.755518402121523,7,2,1,0
564,31,0,32,10.346283833058685,2,0,1,0
565,47,0,8,12.079155368434417,7,1,1,0
566,30,0,54,3.6973532079290914,0,2,1,0
567,14,0,40,4.77596720605068,3,0,0,0
568,24,1,56,9.937213551133716,6,2,1,0
569,16,0,43,6.475911921672658,2,2,1,0
570,31,0,46,10.44462235362431,1,0,0,1
571,35,0,24,6.88082196685397,2,2,1,0
572,51,1,10,4.253676107975011,6,2,1,0
573,38,1,47,2.721951533649114,3,0,1,0
574,32,0,39,9.452383760117689,2,4,1,0
575,43,0,39,9.525951630642258,6,2,1,1
576,12,1,10,10.910647226813653,3,0,1,0
577,37,0,36,8.983620818931374,1,1,1,0
578,42,0,25,0.0,3,2,1,0
579,20,0,50,9.510302323540733,4,0,1,0
580,46,0,59,3.6276276064743183,5,4,0,0
581,38,0,57,2.396846005520956,5,3,0,0
582,30,1,10,2.035536143235513,1,1,1,0
583,41,1,19,1.7594360820743837,2,0,1,0
584,57,0,46,8.836934305746947,7,4,0,0
585,36,1,45,5.806447277257879,3,0,1,0
586,37,0,15,3.442684126272308,3,2,1,0
587,30,0,16,8.069247667107215,2,1,1,0
588,26,1,2,4.682200326260133,2,0,1,0
589,43,1,29,10.94321277163614,2,3,0,0
590,26,0,4,12.350658121501127,4,2,0,0
591,35,0,53,7.347193292662061,6,0,1,0
592,30,1,50,12.131823159525403,10,2,1,0
593,39,1,29,12.126772281957221,3,1,1,0
594,38,1,31,8.253823231138833,3,6,0,0
595,45,0,17,13.200360399814405,2,0,1,0
596,29,0,10,6.135013984857449,2,5,1,0
597,32,0,27,2.1342345227252837,6,1,1,0
598,25,0,53,3.3368657626291975,1,1,1,0
599,30,1,41,5.996946035920333,4,2,0,0
600,38,0,15,9.602906149190499,6,4,0,0
601,42,0,44,4.5355313968211535,2,4,1,0
602,25,1,31,5.972597439714514,3,1,1,0
603,43,0,21,4.251570534374297,1,2,1,0
604,48,0,59,6.041294044464653,5,3,0,0
605,39,1,58,12.028128316832284,1,1,1,0
606,53,1,41,9.072727672487904,3,2,1,1
607,27,1,46,6.269032200223501,3,2,1,0
608,22,0,45,11.661413369560169,4,3,1,0
609,17,1,26,8.076995713992737,2,2,0,0
610,49,1,38,8.40096650316874,2,2,1,0
611,41,0,51,11.428325800002657,4,5,1,0
612,34,0,36,6.972136610456861,0,3,0,0
613,37,1,52,10.748721388909797,3,2,0,0
614,23,0,17,10.534785925296756,3,3,1,0
615,59,1,51,7.563365079080688,7,1,1,1
616,36,0,3,3.811420051862343,3,2,0,0
617,36,0,14,8.038075292338126,2,5,1,0
618,42,0,49,11.41175973992505,2,3,1,0
619,39,1,13,10.459304208426463,1,2,1,0
620,37,0,41,13.130751173351943,1,0,1,0
621,27,1,27,6.528799380280512,3,4,1,0
622,39,1,1,10.337901418196706,2,1,1,0
623,53,1,57,4.981136738486165,3,0,1,0
624,48,1,17,8.604751881921088,6,4,0,0
625,50,1,48,11.316237215644946,2,0,1,0
626,29,0,50,10.719273762203127,3,3,1,0
627,25,1,34,8.309219125772263,2,2,1,0
628,33,1,14,7.195843512316128,3,2,1,0
629,35,0,54,5.015507025892179,1,2,0,0
630,45,0,55,7.3226801818525935,1,0,0,0
631,18,1,59,4.069388475383809,1,4,1,0
632,50,0,17,6.970417855206735,1,1,1,0
633,33,1,3,2.5813303539803094,3,2,0,0
634,30,0,34,4.043998315914024,6,2,1,0
635,24,0,40,10.558417701670324,5,1,0,0
636,18,1,25,10.224182274505965,3,2,0,0
637,43,0,2,7.133456483804093,3,3,1,0
638,35,0,34,8.194306368858896,4,1,1,0
639,22,1,26,8.596687017047525,2,1,0,0
640,22,0,31,9.380985170033545,3,5,0,0
641,31,1,9,9.05995012175508,5,1,0,0
642,51,1,30,3.9896723651742576,6,3,1,0
643,32,1,20,0.6707491344531391,1,1,0,0
644,19,0,21,4.949334352612664,4,1,0,0
645,32,0,29,7.537008872360868,3,1,0,0
646,32,1,59,10.880551008123046,4,0,1,0
647,8,1,25,8.703079072186947,2,4,1,0
648,34,1,38,9.603129688520141,5,2,1,0
649,32,1,58,5.309355135696883,1,0,1,0
650,41,0,44,7.787813301436976,4,3,1,0
651,53,0,25,8.196454578371634,5,2,1,0
652,46,0,9,5.732969483813305,1,1,1,0
653,32,0,39,4.791320282368034,1,0,1,0
654,23,0,44,7.319966668711886,4,2,0,0
655,60,1,26,9.983709044344575,1,0,1,0
656,35,0,57,5.285145533260568,4,2,1,0
657,35,0,37,7.375421801657787,3,1,0,0
658,34,0,16,12.064968903024823,4,3,1,0
659,36,1,37,6.4419760673566095,5,0,0,0
660,33,1,12,8.021848961151258,4,5,1,0
661,29,1,24,7.682875757072936,3,1,1,0
662,29,1,26,7.436625115531585,5,1,1,0
663,34,0,20,13.005434493002026,6,3,0,0
664,29,1,9,8.917259927102181,4,4,0,0
665,27,0,23,3.289453700787927,2,3,0,0
666,36,0,39,12.585259539719273,1,3,1,0
667,32,1,29,8.824440383592464,1,2,0,0
668,50,1,31,6.879276909041094,1,2,0,0
669,8,0,19,12.048327516916476,2,2,1,0
670,45,0,20,5.6639301106248165,2,5,1,1
671,47,1,23,13.147100278641812,3,1,0,0
672,14,0,43,8.279907927702682,5,1,1,0
673,31,0,27,11.016676541018535,4,1,1,0
674,31,0,30,17.202506334759953,2,0,1,0
675,20,0,21,8.540274616433257,4,0,1,0
676,27,1,44,7.7095042998794785,3,0,1,0
677,23,0,35,4.7989111862177625,1,3,1,0
678,52,0,49,7.638288629692356,2,1,1,0
679,44,1,7,4.891484674198004,1,2,0,0
680,47,1,22,7.43909471159617,3,0,0,0
681,42,0,10,16.684052391420003,4,1,0,0
682,23,0,23,8.358793863724577,7,1,1,0
683,29,0,15,6.338937452227691,4,5,0,0
684,39,1,30,7.3708457695315035,2,1,1,0
685,22,1,34,6.764385802270596,2,4,1,0
686,42,1,13,11.14520561942488,3,1,1,0
687,32,1,4,7.729326206299524,3,1,1,0
688,31,1,18,12.826664280239413,1,2,1,0
689,42,1,56,7.0517021478468465,3,1,0,0
690,39,0,23,7.245262168919309,3,1,0,1
691,31,0,33,5.309646842832759,3,4,1,0
692,46,1,34,6.849854293216193,3,3,1,0
693,24,0,34,2.7992893147356392,3,2,1,0
694,41,0,36,1.6105694484203994,5,3,1,0
695,40,1,35,9.87402006109684,3,2,0,0
696,31,0,17,2.763678110237189,2,2,1,0
697,38,1,28,9.21789649754906,4,2,0,0
698,22,1,14,6.498509450465643,3,0,1,0
699,44,0,34,10.818586916490254,1,2,1,0
700,33,1,48,2.829786737858422,1,1,1,0
701,29,0,11,9.794752441044098,4,1,1,0
702,45,0,57,8.994799862837183,3,5,0,0
703,27,1,13,9.087548675845301,2,4,1,0
704,20,1,33,11.371696600674017,5,1,1,0
705,19,1,57,8.210861201267402,7,3,0,0
706,41,0,55,0.6564833498023521,1,1,1,0
707,22,1,2,9.34732427207116,4,5,0,0
708,52,0,34,8.959017837728155,2,2,1,1
709,14,1,53,7.266124750876174,3,2,1,0
710,51,0,29,5.474681276963372,2,5,1,0
711,37,1,37,6.917242031020147,0,1,1,0
712,34,0,4,12.37417932994731,3,2,1,0
713,29,0,12,5.2402764662782975,4,5,1,0
714,38,0,26,2.7787655778318445,0,0,1,0
715,34,1,58,3.5952119391138595,0,0,1,0
716,46,1,28,7.8941122484339585,1,0,1,0
717,36,1,3,13.012551588330982,3,1,0,0
718,36,0,20,14.614552166234454,1,5,1,0
719,31,0,10,9.950694528348638,2,3,1,0
720,34,0,52,5.056262154197991,5,10,0,1
721,38,1,18,5.374724733874934,3,2,1,0
722,17,0,53,10.627511986297112,5,2,0,0
723,21,1,53,11.994906289903517,3,5,1,1
724,42,1,53,6.0740090166399945,5,3,1,0
725,36,1,27,12.27335148472182,4,2,1,0
726,33,1,31,7.311319480988839,7,1,0,0
727,35,1,27,10.142851928304125,2,2,1,0
728,38,1,42,11.436400959678021,4,6,0,0
729,29,0,1,3.5546964530792513,2,1,1,0
730,27,1,6,9.354316299600427,3,3,1,0
731,36,0,11,12.285927632043666,2,3,0,0
732,25,0,34,6.3180049389180155,1,4,1,1
733,39,0,39,4.830255693268298,8,4,0,0
734,17,0,20,9.484356305990294,2,3,1,1
735,45,0,53,8.400329837131942,1,2,1,0
736,39,0,21,7.018087906176859,5,4,1,0
737,37,1,21,7.993361870120732,3,3,0,0
738,44,0,18,2.9891179827324477,1,1,1,0
739,51,1,21,9.213425968551622,1,2,1,0
740,45,0,19,12.77779356602106,3,0,1,0
741,16,1,4,5.855972630647785,5,1,1,0
742,22,1,13,5.51474920864907,1,2,1,0
743,28,1,18,8.517685231972653,1,2,1,0
744,35,1,52,16.53763235086701,4,3,0,1
745,40,0,29,11.299649820660408,5,1,0,1
746,27,1,25,7.717475645812103,5,3,0,0
747,36,0,56,8.118796454156413,6,2,1,0
748,27,0,13,11.596540626850246,4,1,0,0
749,28,1,27,5.27187425741276,0,3,1,0
750,20,0,19,9.835227819993213,2,1,1,0
751,25,1,49,4.647634973317433,3,1,1,0
752,21,1,1,10.774744007655631,5,1,0,0
753,25,0,38,7.118136823357351,1,1,0,0
754,45,0,19,8.602082375728774,4,0,0,1
755,25,0,52,6.923371745395601,3,2,1,1
756,61,1,1,10.096060128059944,3,1,0,0
757,39,1,40,7.475954250231511,7,2,1,0
758,36,0,17,14.473915058084778,5,5,1,1
759,26,0,21,12.256602769406637,1,4,1,0
760,42,1,22,4.087134013091767,3,2,1,0
761,29,1,15,8.574368408449805,5,2,0,0
762,36,0,50,10.205465695967753,5,5,0,1
763,60,0,39,6.625522014220358,6,0,1,1
764,34,1,48,11.63743011188603,2,0,1,1
765,46,0,39,11.283952447730819,4,2,1,0
766,27,0,32,7.749312340421412,6,1,0,0
767,34,1,49,10.943647652220148,1,0,1,0
768,52,1,4,0.7680119152755767,1,3,0,0
769,28,0,44,12.072764627830527,1,3,1,0
770,53,0,45,10.659526406226576,3,2,1,0
771,42,0,32,4.736966915806226,4,1,1,0
772,29,0,4,8.755641080278567,2,2,1,0
773,41,1,53,1.9211494658982797,2,4,1,0
774,44,0,1,5.709729101431309,3,3,0,0
775,41,1,33,11.286918014247238,5,2,1,0
776,19,1,7,7.961491524784546,5,2,0,0
777,27,0,9,7.7953910824293455,2,3,1,0
778,32,0,1,8.135678571939673,5,3,1,0
779,34,1,16,7.7857110612874845,1,2,0,0
780,41,1,18,10.962469150906182,1,3,1,0
781,36,1,54,6.14303115665641,4,1,1,0
782,21,0,47,9.258038220984034,3,2,1,0
783,38,1,6,4.566147005370215,4,5,1,0
784,41,1,2,10.223297684800134,4,2,1,0
785,40,1,9,7.035886694443425,5,0,0,0
786,45,0,4,7.877037401466158,0,5,0,0
787,43,1,45,6.9134871834246425,6,2,1,0
788,39,1,23,7.293039798454393,3,3,1,0
789,34,0,54,4.985821317063635,4,2,1,0
790,18,0,43,8.987750186478001,1,1,1,0
791,39,0,45,9.663992292106478,1,2,1,0
792,37,0,43,4.008079538461937,3,2,1,0
793,37,0,51,6.210800282060578,6,5,1,1
794,22,1,8,8.090041527849873,6,0,0,0
795,24,0,39,6.20405558540199,2,2,1,0
796,45,0,25,7.331535157439825,7,3,1,0
797,34,1,16,12.848305221470046,1,1,0,0
798,41,0,35,4.945511643622725,2,2,1,0
799,35,0,17,1.0634389911851088,4,2,0,0
800,35,1,18,6.203780563081056,3,5,0,0
801,44,1,27,7.015520945060924,7,2,0,0
802,29,1,15,6.530030153356154,2,1,1,0
803,35,1,17,8.806433591546126,1,2,1,0
804,30,0,43,4.915754720470487,1,3,1,0
805,30,1,5,4.474159650211234,6,2,1,0
806,31,0,16,5.976538476857684,1,5,0,0
807,37,1,15,6.038453790562522,1,4,0,0
808,30,0,42,14.362522843847355,1,2,0,0
809,47,1,46,12.657342643784938,3,0,1,0
810,26,1,34,2.991419152115692,4,1,0,0
811,33,1,48,2.210573261326802,2,0,1,0
812,30,0,19,7.742741157138599,3,3,0,0
813,49,0,8,13.73478503601308,4,0,1,0
814,36,1,47,9.998269225479461,3,3,0,0
815,45,1,10,7.901342902391617,3,1,1,0
816,20,0,5,6.631777181865108,2,4,1,0
817,37,1,52,11.231487429322414,3,2,0,0
818,43,1,48,8.533968138809913,4,2,0,0
819,35,0,53,13.195275149541054,3,2,0,1
820,45,1,26,2.936885412722554,3,0,1,0
821,29,1,22,9.270937365599565,2,1,1,0
822,49,0,44,6.310106997362352,4,2,1,0
823,57,0,23,9.242825652540805,4,3,0,0
824,31,1,13,8.752568754789193,2,2,1,0
825,30,1,9,9.52899862700007,6,1,0,0
826,49,0,49,10.932746440328568,1,1,1,0
827,50,1,20,12.169377739285482,3,1,1,0
828,29,1,28,13.85516951121085,3,0,0,0
829,30,1,44,8.04738290317212,4,2,1,0
830,32,0,57,6.372950079169059,4,3,1,1
831,21,1,37,4.322534693954831,6,0,1,0
832,25,0,24,9.304659021090753,1,1,1,0
833,24,0,44,10.504752042280261,4,1,1,0
834,27,0,33,3.9546567529066756,2,2,1,1
835,34,0,20,11.433994952746218,4,6,1,1
836,37,1,48,7.695949068848565,5,3,1,0
837,50,0,30,4.232549647273021,4,2,0,0
838,25,1,44,5.455138416516055,2,3,0,0
839,44,0,9,5.170271712068667,5,1,0,0
840,32,0,45,5.223634255702827,2,3,1,0
841,34,1,49,9.709704189327926,5,1,0,0
842,41,1,17,10.591483186065648,1,1,0,0
843,23,0,36,13.097436744569604,2,2,1,1
844,38,1,14,5.905333302984511,4,0,0,0
845,36,0,19,9.028868802365917,2,0,1,0
846,39,0,7,6.05892259910403,3,2,1,0
847,37,1,59,8.060371708987121,1,1,1,0
848,59,1,3,3.558858838023025,4,3,1,0
849,28,0,33,4.63040857898066,1,1,0,0
850,29,1,44,10.409181465976335,2,1,1,0
851,28,1,32,3.549602143682751,0,2,1,0
852,29,0,47,9.844492903033068,1,3,1,0
853,28,1,11,5.971552843844849,3,2,0,0
854,46,1,42,2.223390845880359,4,2,1,0
855,49,1,2,0.38429198170559165,0,0,0,0
856,29,0,26,12.390384039660027,8,0,1,1
857,26,1,4,2.2837505959523714,3,1,0,0
858,39,0,17,7.806882151957822,3,4,0,0
859,29,1,17,9.061852383130946,3,3,1,0
860,41,1,28,4.060393312860591,1,5,1,0
861,37,0,30,6.339423894939333,4,0,1,0
862,19,1,40,9.436471730023438,3,0,1,0
863,50,1,23,8.879948554461421,3,0,1,0
864,52,1,46,6.618273300577236,3,0,1,0
865,28,0,24,8.710713889025966,3,1,1,0
866,31,0,29,7.693296007443268,2,1,1,0
867,37,1,4,5.088750261312417,2,1,1,0
868,38,0,38,11.601471370321192,3,4,1,0
869,41,1,29,8.622261754884299,3,3,0,0
870,55,0,19,2.4739064682827934,5,2,0,0
871,33,0,27,9.56502394751524,1,1,1,0
872,27,0,29,6.153452450019096,1,0,1,0
873,21,0,56,7.1316914280557215,3,0,1,0
874,27,1,36,8.02458450259022,2,4,1,0
875,34,0,35,5.6211574910417115,4,1,0,0
876,52,0,52,13.409113588683056,3,2,0,1
877,29,0,6,3.520046824194738,3,4,1,0
878,37,1,59,8.170062431895314,1,1,0,1
879,34,0,23,9.144054743464748,2,1,0,0
880,46,1,39,8.123638325084006,5,0,1,0
881,60,1,46,7.4270425745660855,2,1,0,0
882,29,1,44,6.868960151039628,3,1,1,0
883,30,1,48,5.59046016260609,2,2,1,0
884,45,1,52,5.53726052548148,3,3,1,0
885,41,1,8,11.475630353803343,1,2,1,0
886,53,0,55,6.6747598295092265,4,1,0,0
887,40,0,2,14.396557000419136,2,2,0,0
888,31,0,13,10.006820956387305,3,4,1,1
889,40,1,40,0.0,1,1,1,0
890,46,1,57,10.649777048682697,1,2,1,0
891,43,1,21,7.840520582832253,1,2,0,0
892,40,0,31,3.8301447578485295,3,1,1,0
893,45,1,52,11.912765599477888,0,3,0,0
894,46,0,48,6.692249199639416,2,3,0,0
895,48,0,36,6.437202919154649,2,1,1,0
896,41,0,48,9.12557005082688,3,6,1,0
897,33,0,52,11.428491018668703,5,0,1,0
898,36,1,38,8.340245594594474,3,4,1,0
899,47,0,27,8.125458043686017,5,1,1,0
900,26,0,36,5.909401956640241,5,1,0,0
901,38,1,48,11.377270547096304,1,2,1,0
902,31,1,23,8.369152359676338,5,3,1,0
903,35,1,55,7.323670617748999,3,2,1,0
904,47,0,21,6.951479369123689,0,3,0,0
905,36,1,13,11.080476786761167,4,2,1,0
906,35,1,37,7.213029211102616,2,1,0,0
907,21,0,47,11.088192854405964,6,1,1,0
908,42,1,26,6.585275889930392,1,1,1,0
909,41,0,40,10.16691645134822,2,3,0,0
910,56,0,7,8.621288541027086,1,6,1,0
911,31,1,46,5.147735034248132,2,2,1,0
912,37,1,39,7.739071707119828,4,1,0,0
913,37,0,22,1.428191250796588,5,3,0,0
914,50,1,39,5.767880476904446,1,1,1,0
915,34,1,23,3.26658078422106,6,5,1,0
916,37,1,58,13.992500279539023,7,1,1,0
917,41,0,30,3.301908151950162,2,2,0,0
918,36,1,18,15.757371881653933,2,3,0,0
919,30,0,42,9.542838598005448,6,0,1,0
920,36,1,18,6.4433984961409365,4,4,1,0
921,45,0,46,10.41908030186248,5,2,1,1
922,24,0,10,6.06645584252135,2,3,1,0
923,36,1,39,3.7713533587771755,1,4,0,0
924,27,0,30,8.237210804626484,5,2,0,0
925,46,0,26,10.100218088978721,6,1,0,0
926,19,0,7,11.835232685785662,3,3,1,1
927,29,1,7,9.493190328676976,2,0,0,0
928,38,0,5,6.411963428992006,2,3,0,0
929,50,1,1,12.158828246242468,4,0,1,0
930,34,0,46,11.48892747870812,5,3,0,0
931,29,0,18,8.807052583314622,4,1,1,0
932,53,0,13,11.632333240470484,7,2,1,1
933,20,0,25,14.554430932954423,2,2,0,0
934,13,0,40,6.3692481797188005,3,2,1,0
935,39,0,8,5.30096695315099,4,5,0,0
936,29,1,10,6.281932428716106,2,1,1,0
937,24,1,32,3.95104991010247,2,2,0,0
938,42,0,17,9.773644353850075,3,0,1,0
939,37,0,38,3.170290395968939,1,2,0,0
940,29,1,15,11.795042702215092,2,1,1,0
941,22,0,15,5.983455091479536,3,4,1,0
942,43,0,57,12.076123396532477,3,3,1,0
943,41,1,48,0.32888510503865476,4,2,1,0
944,34,1,40,6.844437116888508,6,1,0,0
945,53,1,51,4.120968752731239,2,0,1,0
946,24,0,20,12.060064767764608,5,3,1,0
947,19,0,15,13.037074395511485,2,2,1,0
948,28,1,35,0.9677633079518699,2,4,1,0
949,34,0,6,10.597584675001361,3,2,1,0
950,37,1,30,11.20606206097672,4,4,0,0
951,32,1,57,8.97705357563248,3,4,1,0
952,38,0,8,9.764489928236067,4,2,0,0
953,22,1,31,9.548165044326694,4,1,0,0
954,49,1,48,10.608525446000359,5,2,1,0
955,34,1,47,4.72259887857098,3,0,0,0
956,46,0,32,11.60148303332005,2,1,0,1
957,38,0,45,8.628039007686287,5,4,1,1
958,39,0,58,8.448001519309404,4,0,0,0
959,40,0,52,9.699874847723212,1,0,1,0
960,39,1,15,4.187693633511379,0,2,1,0
961,41,0,18,3.3396734457517807,3,0,1,0
962,48,0,13,7.636903513091371,5,0,1,0
963,36,0,24,12.630616794142394,4,3,1,0
964,42,1,40,4.443852113898544,9,0,0,0
965,34,0,14,8.525463321999421,1,3,1,0
966,49,0,28,5.849948276191768,2,1,1,0
967,28,0,11,5.447064712241138,3,1,0,0
968,53,1,6,9.502245097930526,7,6,1,0
969,34,0,56,10.278126498168357,4,3,1,0
970,20,1,25,5.637345593110336,6,1,0,0
971,36,1,1,12.161750767900347,3,1,0,0
972,28,0,25,9.267510879477612,4,0,1,0
973,43,1,2,7.274966106460188,2,2,1,0
974,28,0,32,9.042554107715805,1,2,0,0
975,30,1,13,14.10904254396865,1,2,1,0
976,16,1,33,10.260592253302047,2,2,1,1
977,30,0,32,5.903909194223575,1,2,1,0
978,10,0,56,7.943877514168934,3,0,0,0
979,19,0,24,8.393806613514517,1,3,1,0
980,42,1,27,9.996070362934862,2,3,1,0
981,42,0,4,8.718643162607695,2,5,1,0
982,39,1,24,13.685971726856511,2,3,1,0
983,25,0,23,7.319940713896491,5,1,1,1
984,34,1,29,2.810282907719621,2,1,1,0
985,34,0,34,8.643585708491754,5,0,0,0
986,23,1,21,6.676624402411678,5,2,0,0
987,50,0,30,3.487907029553466,3,2,0,0
988,43,1,26,5.889428054998659,4,2,1,1
989,32,0,20,6.924836095468039,2,1,1,0
990,35,0,16,11.419412648751457,0,3,1,0
991,37,0,3,3.5502550463063756,1,3,1,0
992,14,1,49,9.049355802725852,5,1,0,0
993,32,0,37,14.661441864563567,5,4,1,1
994,28,1,58,7.475415092969955,5,3,0,0
995,24,0,40,7.387278531004485,2,4,0,0
996,32,1,44,10.159329558433097,10,3,0,0
997,52,1,25,9.56654478774082,0,2,1,0
998,41,1,23,12.25268667171206,4,1,1,0
999,29,0,44,7.498666616303969,1,4,1,1
1000,40,0,59,10.10657873494889,3,5,1,0
1001,48,0,1,10.154302366622062,3,5,0,0
1002,44,0,33,6.9933323205460916,4,2,1,0
1003,35,1,15,7.658059430053914,1,1,1,1
1004,28,1,17,7.966402485620689,0,2,1,0
1005,41,1,34,4.286900556078752,4,2,0,0
1006,38,0,17,6.83396481963908,3,3,1,0
1007,43,1,52,12.488493580300638,5,2,0,0
1008,41,0,58,11.11314984701335,4,1,1,0
1009,45,1,41,6.260192252853528,2,3,0,0
1010,29,0,44,7.952773554402101,4,1,1,0
1011,48,0,4,10.914169668282629,0,1,1,0
1012,36,0,13,9.330217062626659,1,0,0,0
1013,55,1,4,10.399732857472411,4,1,0,0
1014,28,1,7,9.602384356384022,0,2,1,0
1015,52,0,46,8.646234208190371,6,2,0,0
1016,36,0,59,7.50232195146085,4,2,1,0
1017,28,0,9,4.414674319219382,6,4,0,0
1018,30,1,23,10.076704656404772,4,3,1,0
1019,31,0,33,7.334743945977771,4,2,1,0
1020,39,1,33,3.056339318429467,0,1,1,0
1021,40,1,20,6.363023020365704,2,0,1,0
1022,29,1,4,10.556869068358436,3,2,1,0
1023,34,0,1,2.2515068562021634,1,1,1,0
1024,56,1,54,4.911426454412618,2,2,1,0
1025,52,1,42,8.41140020395765,3,1,1,0
1026,39,0,34,12.217155930182797,2,2,1,0
1027,35,1,27,10.99992820680146,3,1,0,0
1028,36,1,21,12.504903855889921,1,2,0,0
1029,41,0,24,8.623345546178651,4,3,1,0
1030,24,0,15,7.372458696598899,2,1,1,0
1031,32,0,35,10.529920023298866,1,3,1,1
1032,18,1,25,5.301898160488232,4,4,0,0
1033,38,0,55,5.067850249296091,1,2,0,0
1034,41,1,9,4.534730674495943,6,0,1,0
1035,30,1,17,11.266653862895183,3,3,0,0
1036,50,1,21,5.496258267568521,3,0,1,0
1037,22,0,13,11.001810225548805,5,4,1,0
1038,20,1,3,8.445350850953162,3,1,1,0
1039,37,0,4,11.305218948633783,5,0,1,0
1040,45,0,4,4.683853455904815,2,1,0,0
1041,51,1,43,6.123453029953973,3,1,0,0
1042,30,0,28,9.361967193138634,6,1,0,0
1043,45,1,7,6.70712027989954,6,1,1,0
1044,34,0,26,0.5199498545519461,3,4,1,0
1045,33,0,11,3.883221642770618,3,1,1,0
1046,43,0,24,4.660229917937021,3,2,1,0
1047,41,1,43,4.882561608918742,1,2,1,0
1048,19,1,10,10.045349545503889,5,4,0,0
1049,49,1,37,9.011146072534235,3,2,1,0
1050,48,0,13,8.486673840134479,4,2,0,0
1051,28,0,44,14.0260070247175,1,2,1,0
1052,38,1,42,11.525673366703499,3,1,0,0
1053,39,0,39,10.405457870603158,5,1,0,0
1054,37,0,19,3.5142018199957263,3,0,1,0
1055,29,1,51,8.178619808692982,1,0,1,0
1056,28,0,19,8.8960899869638,3,2,0,0
1057,34,1,12,6.754318312217537,3,2,0,0
1058,46,1,52,13.119139342347227,4,2,1,1
1059,40,0,22,8.153611731721893,2,3,1,1
1060,31,0,47,4.314953704286287,6,1,1,0
1061,42,0,37,5.007867887752742,2,0,1,0
1062,6,1,56,14.847027014679696,4,0,0,1
1063,46,1,30,6.73963106818432,2,2,1,0
1064,17,0,46,1.7644131703981367,7,1,0,0
1065,31,0,12,6.201966558300498,7,1,0,1
1066,23,1,29,2.520141519548506,2,1,0,0
1067,22,1,21,10.7519323954124,5,1,1,0
1068,46,0,11,2.135443762606565,3,2,1,0
1069,30,0,37,3.7933847289895635,3,2,0,0
1070,38,0,48,8.011965681533368,1,3,1,0
1071,34,1,58,11.328140501049322,2,2,1,0
1072,39,1,18,7.791697794562011,4,3,0,0
1073,35,0,44,4.227063686602859,5,4,1,0
1074,22,1,59,8.547688972086029,2,2,1,0
1075,44,0,27,6.596607608071598,2,1,0,0
1076,30,0,37,11.398106519648334,0,1,0,0
1077,19,0,48,10.564364004239142,5,3,1,1
1078,30,1,12,6.38852161255801,2,1,1,0
1079,50,0,23,10.339318431209382,2,1,1,0
1080,43,1,34,8.813676842597468,4,2,1,0
1081,31,0,38,12.100428400160848,6,1,1,0
1082,31,0,23,10.211543920095725,1,1,1,0
1083,31,0,53,9.640987174632906,2,1,0,0
1084,55,1,25,11.983878436012889,1,3,1,0
1085,38,0,4,8.046214044672803,2,0,1,0
1086,39,1,30,5.6806986321827875,2,0,0,0
1087,45,0,30,8.602519216082316,1,3,0,0
1088,37,0,13,6.933757087614358,4,2,1,0
1089,32,0,42,9.812589647449101,2,4,1,1
1090,33,0,49,8.185832104934562,2,2,0,0
1091,34,0,14,9.208810617261593,0,4,1,0
1092,34,0,56,4.387655801313459,2,1,0,0
1093,42,1,47,9.524859606066874,4,3,0,0
1094,35,1,8,4.144331639437373,3,2,1,0
1095,42,0,55,10.88528054460605,1,4,0,0
1096,34,0,24,10.889763129767115,7,2,0,0
1097,35,0,18,9.04386239782037,2,1,1,0
1098,15,0,35,8.930260725057595,3,5,1,0
1099,44,0,25,7.32903178816124,3,3,0,0
1100,38,1,17,6.190313985108871,5,2,1,0
1101,44,0,32,7.955062383711867,1,1,1,0
1102,6,0,56,13.94805476482751,3,2,0,1
1103,55,0,24,8.687956750364066,1,2,0,0
1104,33,0,7,3.9627526878512906,3,4,1,0
1105,46,1,13,2.8749231012825796,3,3,1,0
1106,24,0,27,3.685776945529379,5,0,0,0
1107,41,0,48,6.867210259194619,5,0,1,0
1108,24,1,5,11.797397253099035,2,0,1,0
1109,28,0,36,4.92954864089392,1,1,1,1
1110,54,1,26,12.265239453786478,2,0,1,0
1111,33,1,42,8.538345175209724,1,4,1,0
1112,37,0,45,9.450331004834954,4,5,0,0
1113,43,1,31,9.368118765151085,5,1,1,0
1114,39,0,10,9.771995890113134,5,4,0,0
1115,36,1,46,6.765903535933531,0,0,0,0
1116,38,0,26,0.9967532323545765,5,2,1,0
1117,59,0,22,6.234928932603079,1,1,1,0
1118,34,1,12,5.336362443391469,2,1,0,0
1119,37,1,32,8.931687451112833,2,2,1,0
1120,45,1,27,8.657716752471014,0,2,1,0
1121,46,1,33,7.182861130744323,3,2,1,0
1122,46,0,53,13.266574940210262,1,2,0,1
1123,41,0,52,6.077814162120066,4,5,1,0
1124,23,0,20,1.3227999878333296,3,3,1,0
1125,51,0,39,8.358370020217361,3,3,0,0
1126,23,0,41,11.567584916281842,5,1,0,0
1127,38,1,40,8.861482632808324,3,0,1,0
1128,27,0,59,6.93008451758287,4,2,1,0
1129,34,0,13,8.721342515420034,1,0,0,0
1130,38,0,14,13.516719692928513,1,1,0,0
1131,38,1,44,5.374615916117949,4,1,1,0
1132,39,1,40,8.092619552612758,2,1,1,0
1133,51,1,53,10.009828328481863,3,1,1,0
1134,39,0,22,8.761661571996791,1,1,1,0
1135,32,1,18,7.256398822264204,3,4,0,0
1136,44,0,48,6.721022400674572,4,3,1,0
1137,46,1,29,7.144416575924647,2,2,1,0
1138,22,1,43,9.596096976267999,4,2,1,0
1139,40,0,16,9.421317085576545,9,2,0,0
1140,42,0,46,14.284155751545633,4,1,0,1
1141,32,1,35,3.3896314580410554,2,1,1,0
1142,48,0,53,13.273720069563801,5,4,1,0
1143,33,1,34,7.386571011726497,0,4,1,0
1144,36,0,3,7.728238935835659,2,3,1,0
1145,33,0,4,10.576199405478004,2,2,1,0
1146,35,0,54,10.557225230479924,4,0,1,0
1147,24,0,5,11.469854101745039,1,2,1,0
1148,20,0,10,12.124331866762855,3,3,1,0
1149,50,0,52,7.880507014148058,7,0,0,0
1150,26,1,29,12.162892642352137,1,1,0,0
1151,25,0,32,6.1125314416349035,3,2,1,0
1152,13,1,31,7.084109072834274,3,1,1,1
1153,28,1,2,7.453954793051483,3,2,1,0
1154,21,1,12,6.420111161310399,1,3,1,0
1155,51,0,27,8.179568973037625,1,1,1,0
1156,45,0,5,10.689274165722237,2,0,1,0
1157,28,0,37,9.954037932354945,7,0,0,0
1158,57,1,27,6.16044700037518,5,2,1,0
1159,44,1,23,5.913437854680662,5,2,1,0
1160,31,0,33,5.433959012782198,2,2,1,1
1161,10,0,4,8.266375466953408,8,3,0,0
1162,57,1,59,3.2574696273727426,5,1,0,0
1163,21,0,21,5.328198803443593,4,2,1,0
1164,18,1,24,6.623536781974687,3,3,1,1
1165,45,1,44,11.16611287358706,5,1,1,0
1166,59,1,31,7.60348918648745,2,1,1,0
1167,48,0,44,11.017576953397572,4,1,1,0
1168,40,0,48,8.562724379572922,0,3,1,0
1169,40,1,24,6.577102502541278,2,2,0,0
1170,43,1,49,6.700574301690093,3,1,1,0
1171,42,0,53,4.501825644264992,7,3,0,0
1172,37,0,10,15.209545777091531,5,1,1,0
1173,36,1,49,11.331537654537321,5,1,0,0
1174,34,1,49,9.811176726372597,3,5,1,1
1175,27,1,50,4.090070949175951,1,3,1,0
1176,32,1,2,6.645121733881612,2,1,0,0
1177,18,0,31,5.0739989669293335,2,1,1,0
1178,34,0,25,8.382704699161737,5,2,1,0
1179,25,1,4,5.218078238208079,1,2,1,0
1180,23,1,51,5.989128258651653,3,1,1,0
1181,36,0,11,5.296535145983136,2,6,1,0
1182,48,0,17,7.280740025707577,2,2,0,0
1183,44,1,44,8.214274941310416,3,5,1,0
1184,19,0,2,7.3602141679610575,5,5,0,0
1185,25,0,6,12.598719396234877,3,3,1,0
1186,44,1,9,10.433320713359414,1,1,1,0
1187,25,1,5,5.650901604203285,3,2,1,0
1188,32,1,20,8.976817044330266,1,1,0,0
1189,40,0,29,5.898016693810108,3,4,0,0
1190,25,1,21,6.814628215157936,2,0,1,0
1191,36,1,9,9.437591609828122,5,2,0,0
1192,21,1,28,9.996949971751732,4,1,1,0
1193,28,1,55,6.237703957133016,5,1,0,0
1194,38,0,8,4.685391239643474,1,2,1,0
1195,19,0,31,8.263110493172993,1,3,1,0
1196,39,0,20,9.303867225745831,1,5,1,0
1197,34,0,27,6.085133508149824,2,0,0,0
1198,40,1,8,10.449663552696794,2,1,1,0
1199,37,1,54,9.917879009796321,1,3,1,0
1200,48,1,21,6.041386892289182,1,1,0,0
1201,36,1,28,11.390486557577491,4,1,1,0
1202,30,0,23,11.482181852952479,6,1,1,0
1203,36,0,6,14.203004316870874,3,2,0,0
1204,40,0,3,13.135279153951325,1,4,0,0
1205,35,0,5,5.29216033242735,6,2,0,0
1206,35,0,9,10.774947562597402,2,4,1,0
1207,27,1,7,10.63888788976794,3,1,1,0
1208,28,1,4,6.9545504017313915,7,1,0,0
1209,20,0,39,9.364774184198097,3,2,1,0
1210,52,0,5,2.367129049328546,5,1,1,0
1211,22,1,11,2.283842996321101,4,1,1,0
1212,28,0,15,2.856074178597952,4,2,0,0
1213,27,1,34,9.167770764280181,4,0,1,0
1214,43,1,13,9.309527395760185,6,1,0,0
1215,32,1,54,7.17834766047674,3,1,1,0
1216,47,0,48,13.163507386277791,3,0,0,0
1217,28,1,7,10.961226208727854,4,4,1,0
1218,37,0,40,3.205060445630507,7,1,1,0
1219,26,1,6,7.484077382343731,2,1,1,0
1220,56,0,56,5.180944051456089,1,3,0,0
1221,23,0,39,9.24198760616453,2,0,1,0
1222,38,1,50,7.908263225703885,3,0,1,0
1223,41,1,30,5.3510648782806705,2,5,0,0
1224,39,1,22,13.083417591583807,3,3,1,0
1225,33,1,25,8.172190723876232,4,1,0,0
1226,33,1,28,6.751881381589277,0,3,0,0
1227,35,0,54,7.240580151619082,5,4,1,0
1228,33,1,20,12.856004138625881,0,4,1,0
1229,44,1,39,10.733823919502168,5,0,1,1
1230,57,1,3,7.512946675504647,4,3,1,0
1231,29,1,5,5.023730959701134,4,4,1,0
1232,21,0,1,5.491414585521261,4,3,1,0
1233,34,1,15,6.553572166985902,2,3,1,0
1234,60,0,26,9.521497277646663,1,2,1,0
1235,26,0,3,10.269595702960132,2,2,1,0
1236,51,1,40,5.823376523074872,5,2,1,0
1237,51,0,57,10.402280550114508,2,2,0,0
1238,29,1,41,5.2741523360957085,1,5,1,0
1239,40,0,47,6.16467903810344,5,2,0,0
1240,51,0,42,3.651429437883616,3,1,1,0
1241,31,1,34,3.5620767614498314,1,2,0,0
1242,32,1,52,5.241717917610397,0,3,1,0
1243,29,1,5,7.922804732331942,5,0,1,0
1244,24,1,31,5.018055858167629,3,0,1,0
1245,28,1,51,12.494253085117116,3,1,0,0
1246,22,0,13,5.2025090410131245,2,5,1,0
1247,35,0,43,8.551839207504258,2,3,1,0
1248,27,0,1,11.960728901758001,3,3,1,0
1249,37,1,22,8.277537812821263,2,2,1,0
1250,19,1,15,6.908252527492936,5,1,1,0
1251,38,0,26,8.441025759660667,3,1,1,0
1252,43,1,18,6.314796007818067,4,0,0,0
1253,15,1,48,4.997572417871918,3,3,1,0
1254,38,0,9,9.838118858103408,5,1,1,0
1255,47,0,1,6.250665568740672,1,3,1,0
1256,22,1,43,10.810259790591278,3,1,1,0
1257,51,1,9,10.38878839858074,4,1,1,0
1258,39,1,23,8.49894952812537,2,1,0,1
1259,27,0,43,10.912657667264474,1,0,1,0
1260,34,1,45,6.367822345943507,1,0,1,0
1261,40,0,58,10.351330716965036,3,2,0,1
1262,35,0,2,10.33571869183355,3,2,0,1
1263,40,1,14,7.0957355322652464,1,2,1,0
1264,25,0,38,6.710841832702502,6,1,0,0
1265,36,1,40,8.9870856374824,2,2,1,0
1266,20,0,18,13.904733365485319,1,2,1,0
1267,33,1,16,7.303293616029491,6,3,0,0
1268,25,1,53,6.647682880119879,3,3,1,0
1269,27,0,29,11.53518440473033,1,1,1,0
1270,47,1,44,8.204397667098048,2,3,1,0
1271,45,0,11,10.598063194953808,2,2,1,0
1272,41,1,6,12.423893382545366,4,3,1,1
1273,24,0,3,2.2789283417905244,3,4,1,0
1274,31,0,14,7.887261225653228,3,2,1,0
1275,47,0,2,7.310588890052679,5,5,1,0
1276,36,0,32,5.113007697664748,1,1,1,0
1277,58,1,31,2.2440977274177873,3,1,1,0
1278,38,0,11,3.2255055379179733,5,3,0,0
1279,36,0,22,8.313106345608254,3,1,0,0
1280,31,0,3,6.397891912043505,3,0,1,0
1281,36,0,50,5.594499239240685,2,1,1,0
1282,33,1,31,8.283282139144278,4,1,1,0
1283,42,1,33,5.9235588488717825,4,5,1,0
1284,44,0,24,11.87054191633581,4,2,1,0
1285,27,1,1,6.137347282438209,0,2,1,0
1286,21,1,44,12.515964559917691,4,3,1,0
1287,16,0,15,7.909952803856293,2,4,1,0
1288,40,1,37,6.044301218374871,2,1,1,0
1289,23,1,27,5.826305727376447,5,2,1,0
1290,13,1,38,12.541382765393129,3,2,1,0
1291,38,1,48,10.08750013986695,2,0,0,0
1292,59,0,27,5.721745451259747,5,2,0,0
1293,34,1,44,8.357229704673827,2,3,1,0
1294,43,1,12,0.9239635739589778,1,2,0,0
1295,35,0,3,4.005187044164014,3,2,0,0
1296,34,1,30,5.749133992477884,3,3,1,0
1297,44,0,32,5.675548209198455,1,1,1,0
1298,32,1,23,11.639044160240019,3,0,1,0
1299,37,1,2,2.257439981777586,1,2,1,0
1300,38,0,7,3.71658041274688,4,1,1,0
1301,28,0,34,9.357183449871108,3,3,0,0
1302,44,1,32,8.690816939765208,4,2,1,0
1303,33,0,53,6.950687493255929,3,0,1,0
1304,27,0,39,14.157466786390696,6,2,0,1
1305,40,0,32,9.852221275603986,1,4,0,0
1306,26,0,43,11.668474116968309,3,2,0,0
1307,35,0,43,7.847599644700657,5,1,0,0
1308,34,0,14,6.36925356935957,2,1,1,1
1309,45,0,3,6.403611867806736,3,2,1,0
1310,39,1,46,10.78299473411761,2,1,1,0
1311,34,1,32,10.318245013114126,5,1,1,0
1312,43,0,43,7.344175602547637,0,3,1,0
1313,48,0,36,9.41475216388706,1,2,1,0
1314,40,1,17,10.887854162051644,3,2,1,1
1315,35,0,48,6.308211560653135,3,0,1,0
1316,21,0,3,6.969813575827117,4,2,1,0
1317,24,0,57,9.339921504966158,4,3,0,0
1318,31,1,10,2.6340192271019776,4,5,1,0
1319,28,1,53,9.396776526185596,5,1,1,0
1320,33,1,47,4.624852821358061,3,5,1,0
1321,35,1,40,10.824960172821516,4,2,1,1
1322,40,1,18,14.443354481721538,0,1,0,0
1323,34,0,3,5.9084950555512945,4,1,1,0
1324,39,1,39,3.9510687954124872,4,0,1,0
1325,35,0,10,7.460274107595424,1,2,1,0
1326,15,1,52,7.204220650640687,5,3,1,0
1327,25,1,9,9.982171473376964,2,1,1,0
1328,33,1,46,8.70218393268294,2,2,0,0
1329,22,0,55,7.111009152053946,3,1,1,0
1330,40,0,46,8.271840805174326,4,1,1,0
1331,50,1,11,4.633542754674423,4,3,1,0
1332,47,1,33,10.4876451301648,2,2,1,0
1333,32,1,36,12.853883428864663,1,1,1,0
1334,49,0,26,4.407208586661881,5,4,1,0
1335,36,1,27,3.2622410677025098,4,0,1,0
1336,31,1,38,6.793734719756447,5,2,1,0
1337,28,1,22,4.335588568630026,3,3,0,0
1338,31,1,26,4.171346950696547,3,4,0,0
1339,31,1,22,3.7939445130563705,2,3,1,0
1340,36,1,5,7.419192811977803,3,0,1,0
1341,36,1,35,6.765732591031856,1,2,1,0
1342,35,1,2,9.11977077240551,2,1,1,0
1343,39,0,35,6.310957415261996,4,0,1,0
1344,46,0,9,4.350070713377977,2,1,1,0
1345,44,1,51,7.949351060254643,5,0,1,0
1346,20,1,51,4.824331872967133,4,3,1,0
1347,9,1,49,9.536513357861573,2,2,1,0
1348,44,0,18,3.001331597484148,4,1,1,0
1349,21,0,43,1.5053425732638317,1,2,0,0
1350,32,1,12,3.170681898993834,4,3,1,0
1351,23,1,3,6.745041740175621,2,4,1,0
1352,16,0,18,7.138610431310386,7,1,1,0
1353,40,0,56,8.410825350404311,3,2,0,0
1354,42,1,38,6.305892938006165,2,1,1,0
1355,29,0,7,5.460476126689363,6,1,0,0
1356,9,1,33,12.299823711880634,1,4,1,0
1357,29,0,6,11.506656255701182,2,3,1,0
1358,38,1,18,10.958607292584578,4,2,0,0
1359,20,1,45,8.926688879807891,7,2,0,0
1360,36,1,22,9.1655189715783,5,0,0,1
1361,34,0,51,5.58440634283367,2,1,0,0
1362,40,1,39,8.4330748646763,4,1,1,0
1363,36,0,51,5.180398339935556,5,1,1,0
1364,25,0,9,4.840180098139494,2,2,1,0
1365,46,1,35,3.1475306622752797,2,1,1,0
1366,33,1,23,9.218214745880152,1,1,1,0
1367,34,1,12,8.49101528668916,1,0,1,0
1368,25,0,52,7.091345366359457,3,1,1,0
1369,30,0,24,6.698580238736545,4,2,1,0
1370,26,0,50,2.5096805338472272,2,6,1,0
1371,33,1,40,8.769198677731517,1,0,1,0
1372,52,1,9,7.053379811310925,1,3,0,0
1373,21,1,13,10.687991631240903,5,1,0,0
1374,18,1,40,8.438634067692758,1,1,1,0
1375,49,0,54,10.117351655612094,2,0,1,0
1376,32,0,42,7.97827880421756,2,2,1,0
1377,28,0,17,8.545033616466783,1,4,1,0
1378,45,0,7,10.793378833063517,4,3,1,1
1379,28,0,17,7.4228322069847685,2,2,0,0
1380,53,1,55,9.41556466460449,2,2,1,0
1381,41,0,50,6.669426755598799,2,3,1,1
1382,30,1,24,7.6066792711265,4,1,1,0
1383,56,0,2,12.780571995828446,8,2,0,0
1384,28,1,35,9.921520045871278,2,2,1,0
1385,42,1,28,6.37562327418906,3,0,1,0
1386,37,1,19,9.268757480681758,3,1,0,0
1387,48,0,33,4.160056179122613,0,3,1,0
1388,50,1,21,7.336423356142304,3,0,1,0
1389,35,1,53,5.139727097532491,3,3,1,0
1390,27,0,10,9.355718592900011,7,4,1,1
1391,39,0,53,7.4332052849954175,3,0,1,0
1392,28,0,46,8.850435426729526,2,1,1,0
1393,55,1,45,10.32253855562968,0,4,0,0
1394,36,1,9,6.619357222768851,5,2,0,0
1395,31,1,38,6.726547050397512,2,1,1,0
1396,36,0,6,7.888888458202597,2,4,0,0
1397,21,0,51,5.418511176813611,3,1,1,0
1398,25,1,53,7.96636103545313,2,1,0,0
1399,47,0,42,8.124688377900664,1,2,0,0
1400,28,1,55,8.686820645493643,5,1,1,0
1401,24,1,35,9.258651325741738,2,2,1,0
1402,40,0,18,3.1906512322093885,2,2,1,0
1403,46,1,53,4.144635504306132,4,1,1,0
1404,42,0,19,4.4984472384570156,1,3,0,0
1405,44,1,5,8.277824003679484,1,0,1,0
1406,27,0,25,7.146872422758018,3,2,1,0
1407,20,1,11,1.1968262955948648,1,5,0,0
1408,50,0,10,13.841134425416087,2,1,0,0
1409,31,0,17,2.033092796762473,5,1,0,0
1410,32,1,36,8.09127104012743,3,2,1,0
1411,48,0,26,9.690119125294647,2,3,1,0
1412,40,1,31,5.840639076952335,1,1,1,0
1413,39,0,32,9.9198790719846,4,0,0,0
1414,56,1,21,4.97546756184555,5,2,1,0
1415,28,0,18,8.513304205798033,3,4,1,0
1416,44,1,18,1.4583595325255239,6,6,0,0
1417,35,0,1,11.519687273880493,5,3,1,0
1418,37,0,14,8.002626758721862,4,2,1,0
1419,50,0,8,3.2158627863715417,4,4,0,0
1420,40,1,2,9.886262943583539,2,0,1,0
1421,40,0,51,12.896456731535883,3,2,0,0
1422,45,1,15,5.220768606218543,6,0,1,1
1423,31,1,34,7.369364174310508,3,1,1,0
1424,26,0,36,6.455528310917815,1,4,1,1
1425,24,1,1,5.689349255806027,5,1,1,0
1426,15,0,51,5.373313698700212,3,3,0,0
1427,55,0,21,6.060625371439072,1,4,0,0
1428,23,1,42,6.222858618537876,2,3,0,0
1429,32,1,1,6.930609758590871,2,2,1,0
1430,32,1,32,6.712770047088721,1,2,1,0
1431,38,0,20,10.283513039220995,4,2,1,1
1432,43,0,54,10.015628949477795,3,6,1,0
1433,43,0,47,3.3994981675640705,5,7,1,1
1434,29,1,36,6.219228921828306,2,2,1,0
1435,33,1,39,11.751671739531199,2,2,1,0
1436,37,1,30,8.882074878832745,1,1,1,0
1437,32,0,7,9.003412115175456,5,0,0,0
1438,51,0,22,8.716935254191286,4,4,0,0
1439,39,0,57,7.215016741872626,3,2,1,0
1440,42,0,50,7.876856628080699,5,3,1,0
1441,41,0,45,6.788303267406759,2,2,1,0
1442,46,1,10,10.567205755928573,4,1,1,0
1443,36,1,56,6.815665229738952,1,1,1,0
1444,22,1,8,7.6611306043126675,0,2,1,0
1445,38,0,27,10.206012359757521,3,1,0,0
1446,28,0,10,7.016623988218493,3,2,0,0
1447,29,1,14,7.787839853299363,6,1,1,0
1448,40,0,46,6.925406026136671,2,3,1,1
1449,47,1,59,7.73199522963076,4,0,1,0
1450,35,0,52,7.027033877269413,2,3,0,1
1451,38,0,54,6.392429820291808,1,2,0,0
1452,52,1,11,5.876141208092292,5,1,1,0
1453,37,0,6,7.48264771391513,4,2,0,0
1454,61,1,21,11.05471463329591,1,3,1,0
1455,40,1,33,9.871091202673924,2,1,1,0
1456,17,0,19,3.2624549714867728,5,0,0,0
1457,42,0,39,6.712551519000188,1,2,1,0
1458,38,1,24,6.084984293420337,3,0,1,0
1459,47,1,18,3.3130305151999178,5,2,1,0
1460,41,0,35,8.825835587302452,2,2,1,0
1461,33,1,52,7.7117263424938,2,2,0,0
1462,22,0,43,14.068826228919757,3,1,0,0
1463,32,0,37,6.997938997287186,2,0,0,0
1464,26,0,19,5.671473305306339,3,5,1,0
1465,29,0,53,5.381185116028218,2,0,0,0
1466,40,0,24,6.645228040258763,4,4,1,0
1467,51,1,56,9.770979873325036,3,1,1,0
1468,38,0,34,10.114604245391211,4,3,1,0
1469,23,0,22,16.77847201555488,5,5,1,0
1470,39,0,4,4.380255413877565,3,3,1,0
1471,46,1,57,8.258704625891589,1,1,1,0
1472,28,1,10,5.947155390722876,1,3,1,0
1473,33,0,2,9.051499315374194,2,1,1,0
1474,35,0,8,12.149471507400403,3,2,1,0
1475,27,0,33,10.586334137101204,5,2,1,1
1476,41,0,59,4.377186477300617,2,4,1,0
1477,33,0,38,10.053972623009141,1,1,1,0
1478,39,0,43,1.6599476202851928,7,3,0,0
1479,26,0,59,0.8602419134569317,5,0,1,0
1480,30,1,28,7.252848316400939,2,1,0,0
1481,42,0,10,9.832040672637387,2,3,1,0
1482,31,1,45,9.044590559053937,2,1,1,0
1483,52,1,1,13.717364703088005,2,4,0,0
1484,31,1,34,8.32798094888735,1,4,0,0
1485,37,0,3,7.679423897632676,3,3,1,1
1486,44,0,9,11.465578520843756,2,3,1,0
1487,20,0,5,6.877601955526891,6,3,0,0
1488,17,1,42,9.166244910771429,6,2,0,1
1489,19,0,10,9.346928433265028,2,1,0,0
1490,47,1,12,5.08469582678032,5,2,1,1
1491,29,1,18,9.162400378290265,1,3,0,0
1492,60,0,58,14.555080785933288,3,0,0,0
1493,29,1,21,11.409949119126637,5,4,0,0
1494,36,0,21,5.482131389874564,2,3,0,0
1495,50,0,1,15.015952821663682,2,0,0,0
1496,55,0,3,10.06780900737592,0,4,1,0
1497,55,0,5,9.272748658925032,3,5,1,0
1498,47,1,25,7.70833532378575,5,1,1,0
1499,45,0,58,10.048116943240695,2,1,0,0
1500,40,0,49,8.33535389398957,4,1,1,1
1501,42,1,8,8.058933367882538,1,1,1,0
1502,29,1,17,7.600673409447909,4,2,1,0
1503,26,0,9,10.921300807817278,3,3,0,0
1504,34,1,32,10.588819133726671,5,1,0,0
1505,33,1,6,7.551817359192726,5,1,1,0
1506,30,0,49,3.443046249333756,0,0,1,0
1507,41,0,40,8.10819818114697,1,1,1,0
1508,44,0,21,5.846370921262612,3,3,1,0
1509,35,1,7,6.579262040545981,3,2,1,0
1510,49,1,7,7.625442744719994,6,4,0,0
1511,23,1,47,4.819052029906874,0,2,1,0
1512,33,0,39,3.16910553346652,4,5,1,0
1513,27,0,54,8.875919600200355,5,2,0,0
1514,16,0,27,8.080488592774445,1,4,1,0
1515,34,0,8,7.9657727634345035,5,3,1,0
1516,33,1,9,9.53229976578174,4,1,1,0
1517,50,1,28,6.021386383210673,2,3,0,0
1518,41,0,15,8.997420293246325,7,1,1,0
1519,24,0,2,12.012266124718169,2,1,0,0
1520,53,0,7,7.2358821773847115,2,2,1,0
1521,47,0,47,13.698151282903838,2,3,0,0
1522,40,0,18,8.149983281360921,2,0,0,0
1523,32,0,22,5.442862274423624,5,1,1,0
1524,25,0,50,10.54905207478514,3,2,1,0
1525,31,0,10,7.662318412561464,0,2,1,0
1526,45,0,54,11.15765148379502,0,2,1,1
1527,53,0,50,9.240038866064609,1,3,0,0
1528,50,1,33,7.016513092657982,5,4,1,0
1529,30,0,7,12.563044824027193,5,2,1,0
1530,23,1,3,6.5018863870425365,1,1,0,0
1531,36,0,14,1.503143018456595,5,5,0,0
1532,17,0,44,10.641739012563054,3,3,1,0
1533,38,0,46,9.049795984233326,5,4,0,1
1534,33,0,36,11.851157563199658,5,2,1,0
1535,30,1,13,5.354978424925449,2,1,1,0
1536,19,0,16,7.258545027764624,4,2,1,0
1537,40,1,16,6.919874678502651,1,1,1,0
1538,29,1,54,10.801286225749756,2,2,1,0
1539,23,1,5,9.952550540036816,4,1,1,0
1540,6,1,52,8.644401127151415,5,3,1,0
1541,34,1,25,8.663734111966301,1,1,1,0
1542,52,0,38,4.547086513478789,1,2,1,0
1543,51,1,38,10.306046410660159,1,4,0,0
1544,30,0,50,10.367363070470601,1,5,0,0
1545,28,0,38,14.873321523856216,1,2,1,0
1546,39,0,39,9.412354923185731,2,1,1,0
1547,25,1,56,9.897376058444529,2,1,0,0
1548,38,1,56,9.43280338298688,5,1,1,0
1549,42,0,48,5.909885698103659,2,0,0,0
1550,47,1,41,11.74820428943255,5,2,1,0
1551,33,0,26,7.832761465628409,4,0,1,0
1552,32,0,59,7.421123442299893,6,0,0,0
1553,26,0,13,7.595559422916804,6,4,1,0
1554,26,0,44,7.802169175001131,6,0,1,0
1555,32,0,51,6.540772733998844,1,3,0,0
1556,38,1,26,8.645715839563103,2,1,0,0
1557,44,1,55,7.710174545429385,5,2,1,0
1558,26,0,55,7.454871823919592,5,2,0,0
1559,49,0,1,9.469474864539494,2,0,0,0
1560,32,1,8,8.227366063561604,5,3,1,0
1561,34,1,4,6.337592161369032,4,4,1,0
1562,27,0,21,5.709378238772407,3,2,1,0
1563,10,0,22,8.295205000444605,2,0,1,0
1564,43,1,51,5.760104482889231,2,2,0,0
1565,42,1,53,5.544164743848944,2,3,1,1
1566,32,0,58,5.5865697857851995,2,3,1,0
1567,35,0,37,8.76495419743321,3,0,1,0
1568,40,1,49,11.580627413014813,6,1,1,1
1569,19,0,3,9.043281944680674,1,1,1,0
1570,29,1,19,10.660465137282149,4,1,1,0
1571,42,0,1,7.790894242646532,1,6,0,0
1572,22,1,29,8.42667560208915,2,1,0,0
1573,37,0,23,12.95898700654595,4,3,0,1
1574,21,0,33,10.486114962821027,2,2,0,0
1575,39,1,55,10.811080194226534,2,2,0,0
1576,34,0,52,7.207386109000492,6,2,1,1
1577,18,1,41,7.984196670042545,4,2,0,0
1578,46,0,23,9.216993371599674,1,1,1,0
1579,27,0,5,6.180794713259187,1,3,1,0
1580,26,0,7,0.9104628168763078,3,1,1,0
1581,37,1,57,9.189400914886539,3,4,1,0
1582,46,0,58,10.884099464149783,3,3,1,0
1583,24,0,6,8.165605261385549,4,2,1,0
1584,35,0,49,6.21227767756086,0,1,1,0
1585,39,1,22,7.007911563671678,3,2,0,0
1586,41,1,49,1.9151808782636266,3,3,1,0
1587,36,0,13,7.0003220379127935,2,4,0,0
1588,31,0,12,4.654745578774101,5,3,1,0
1589,26,1,4,5.90107513379758,2,5,1,0
1590,35,0,8,4.502950179048711,4,2,1,0
1591,24,1,37,4.15706769668442,3,2,0,0
1592,5,1,31,4.987662725724659,1,3,0,0
1593,39,1,37,9.898455908327298,1,3,1,1
1594,44,0,45,6.470630813120792,3,2,0,0
1595,11,1,26,4.676224321415413,1,3,0,0
1596,24,1,43,10.262042214183467,3,4,1,0
1597,41,1,8,8.386916323435692,7,1,1,0
1598,55,0,40,0.9090033799876194,2,3,0,0
1599,35,0,33,10.986873026767318,4,3,1,0
1600,27,0,45,8.216220176409362,2,1,1,0
1601,33,1,29,10.31112178722219,2,4,1,0
1602,48,1,5,7.324332984917174,2,1,1,0
1603,28,0,28,12.814071889643099,1,1,1,0
1604,27,0,53,6.854334069622013,2,3,1,0
1605,30,0,40,0.09248309146038203,4,1,0,0
1606,25,1,17,5.331889201325445,2,0,0,0
1607,36,1,55,9.506417387903314,2,1,1,0
1608,51,0,23,8.4772595775316,0,2,1,0
1609,38,0,45,7.632457280465584,1,4,1,0
1610,32,0,9,5.040841786110235,3,0,0,0
1611,32,1,2,8.055257558559623,4,1,1,1
1612,19,1,32,7.956873160641062,3,3,1,0
1613,43,1,51,7.926052791969009,4,3,1,1
1614,34,0,52,9.613010354605692,3,0,1,0
1615,33,1,49,8.545306686151452,7,0,1,0
1616,66,0,31,7.24311297236456,1,1,0,0
1617,37,1,7,4.992305450007333,3,7,1,0
1618,27,0,30,12.07998581168734,0,3,1,0
1619,30,1,58,13.944804207954052,3,3,0,0
1620,46,1,3,13.232629467776183,4,4,1,0
1621,36,1,51,10.097242660232533,2,4,1,0
1622,20,1,51,2.9747575986147066,1,3,1,0
1623,44,0,56,2.6079950662001927,3,0,1,0
1624,28,0,9,6.354731332615731,5,3,0,1
1625,53,1,10,7.835745332357678,6,1,0,0
1626,45,0,46,7.712518757725084,4,3,1,1
1627,30,0,50,8.581255498027625,0,1,1,0
1628,47,0,58,3.822660420490436,4,3,0,0
1629,35,1,47,12.822258041244051,2,0,1,0
1630,43,0,26,12.515716068219241,2,1,1,1
1631,39,0,1,4.065938324240343,2,0,0,0
1632,26,0,30,2.415369415515058,3,7,0,0
1633,28,0,57,7.7307639919546585,3,1,1,0
1634,45,1,38,11.786271488077537,4,3,1,0
1635,31,1,15,7.903458304612955,1,3,1,0
1636,30,1,25,8.779865919632696,1,5,1,1
1637,25,0,6,6.680865318691004,2,0,1,0
1638,39,1,18,8.43883713143406,3,2,1,0
1639,55,1,1,10.833431396595508,3,1,1,0
1640,24,0,56,9.236327615411714,5,2,1,0
1641,35,1,3,9.726526183270053,3,3,1,1
1642,49,1,17,3.010296562281532,0,2,0,0
1643,34,1,48,14.414846949376265,5,3,1,0
1644,39,1,8,3.046238470729941,1,1,1,0
1645,24,0,49,8.469266061262003,2,2,1,0
1646,39,0,40,7.548656761245544,5,3,1,1
1647,33,1,17,7.679280529727771,4,3,1,1
1648,44,0,25,10.60947704418804,1,0,1,0
1649,46,0,41,5.876567597009956,4,2,1,0
1650,60,1,12,6.701877116188742,10,1,1,0
1651,40,1,29,4.560184410963432,3,3,1,0
1652,38,0,25,11.366476551245317,3,1,0,0
1653,36,1,51,8.798256263201123,7,1,0,0
1654,31,1,36,9.911654274065961,4,2,1,0
1655,38,1,53,10.435951557902051,2,1,0,0
1656,32,0,54,13.97423828184154,5,2,0,0
1657,36,0,25,13.450837475617602,3,2,1,1
1658,48,0,29,8.969124871362139,2,2,0,0
1659,24,0,11,8.473888093258882,5,2,1,0
1660,46,0,4,6.4035743901145405,3,2,1,0
1661,48,0,14,10.23247333668392,5,2,0,0
1662,33,0,46,10.12133887688603,4,0,1,0
1663,13,1,38,5.811825996889478,2,0,1,0
1664,28,0,17,10.159348855001877,3,1,1,0
1665,47,1,2,11.02506348108204,2,4,1,0
1666,34,1,8,4.6350601311512225,4,2,1,0
1667,25,0,36,8.569741912760334,3,1,1,0
1668,29,1,10,7.802813166942701,2,1,1,0
1669,43,1,7,7.9838404801577365,3,1,1,0
1670,40,0,36,5.142040311801586,2,1,1,0
1671,32,1,16,2.5203327226123022,3,1,0,0
1672,31,0,14,5.733751099252826,2,1,0,0
1673,31,1,16,5.3136250588417955,3,2,1,0
1674,25,0,25,9.059669202640565,4,2,1,0
1675,51,1,41,9.108539348949272,2,2,1,1
1676,31,0,4,8.937776690460593,0,2,1,0
1677,47,1,29,3.809807980315619,0,3,0,0
1678,50,0,56,4.6413248765853385,1,1,1,0
1679,44,1,6,6.149981944765314,2,0,1,0
1680,30,1,1,8.06942903769783,1,0,1,0
1681,39,0,39,6.994677364015917,1,1,0,0
1682,34,1,1,8.931917298694366,4,4,1,0
1683,25,0,51,10.926410950212528,0,2,1,0
1684,38,1,40,5.002118577121006,3,1,0,0
1685,23,0,57,5.116188502548575,3,0,1,0
1686,46,1,3,8.406079958276651,1,2,0,0
1687,30,1,1,7.7539080910725255,2,5,0,0
1688,37,0,1,10.230090684520743,2,1,1,0
1689,37,0,39,8.022729979334185,0,5,1,0
1690,32,0,21,13.221563689512179,3,1,1,0
1691,40,1,45,3.236375693415856,3,1,0,0
1692,30,0,30,10.520650579892244,3,3,0,0
1693,43,1,32,8.597978588315478,3,6,1,0
1694,21,1,33,3.79099679891738,1,1,1,0
1695,36,0,48,1.796122137941727,3,5,1,0
1696,54,1,22,4.6249428002580775,4,1,1,0
1697,24,0,30,11.627263134418275,2,2,0,0
1698,28,0,54,11.285694667785126,2,4,0,0
1699,40,1,46,7.614042544983908,7,2,1,1
1700,36,0,4,6.913181049522159,1,1,1,0
1701,38,0,23,5.431709010136396,10,3,0,0
1702,39,1,55,7.437832041930478,1,1,1,0
1703,41,0,44,6.577514943505033,0,1,1,0
1704,46,1,25,13.129826152998803,3,1,1,0
1705,39,1,12,4.290333199553798,3,0,1,0
1706,32,0,17,9.177313112228683,3,0,1,0
1707,41,0,53,13.271214024593498,3,1,1,0
1708,53,1,15,10.323748447467358,4,2,1,0
1709,33,0,10,4.627169889427519,1,1,1,0
1710,25,0,35,3.3730094072319474,3,2,1,0
1711,46,1,55,8.823203615157073,5,1,1,0
1712,33,0,52,8.451569616706088,2,1,1,0
1713,13,1,52,11.697227291740043,3,0,1,0
1714,43,0,29,9.64534354605328,2,2,1,0
1715,29,0,12,6.545480227493405,1,1,0,0
1716,34,0,1,6.341855814176254,2,1,1,0
1717,38,1,1,4.08152689856314,5,5,1,0
1718,36,1,10,8.38809301483925,3,0,1,0
1719,42,1,18,3.78665524750021,1,3,0,0
1720,30,0,47,10.729971042783571,1,1,1,0
1721,40,0,2,9.767465633656593,5,1,1,0
1722,32,0,49,9.672368001418024,2,1,0,0
1723,42,0,8,4.0345186647566225,3,4,1,0
1724,41,1,22,7.550109796669591,5,2,0,0
1725,25,1,22,6.832083137739289,0,2,0,0
1726,45,0,26,8.308419153378278,5,2,1,0
1727,29,1,26,9.585538642417848,3,4,1,0
1728,43,0,9,6.459208848693972,1,4,1,0
1729,38,1,21,6.572049427024331,2,2,0,0
1730,53,0,31,10.039783509605954,3,4,1,0
1731,32,0,52,4.611500111650503,4,1,1,0
1732,31,0,43,5.760015690737911,4,1,1,0
1733,34,0,6,8.017510496102123,3,1,1,0
1734,31,1,56,10.699161119088602,2,2,1,0
1735,42,0,14,5.093675784772973,1,5,1,0
1736,18,0,33,13.369096968789151,6,2,1,0
1737,24,1,7,3.948011716503119,5,1,1,0
1738,24,1,24,12.650836472235696,0,3,0,0
1739,44,1,9,11.598770446980218,1,3,1,0
1740,52,0,11,3.709695223250815,3,3,1,0
1741,33,1,56,3.1033899890869705,5,0,0,0
1742,33,1,23,10.15959250654167,1,2,0,0
1743,35,0,48,6.86779644484619,3,0,1,0
1744,46,0,51,4.979158851174202,5,5,0,0
1745,25,0,2,13.43510362694449,1,2,1,0
1746,37,0,15,4.4182926794013495,3,3,1,0
1747,44,0,35,5.819184207283917,2,6,1,0
1748,40,0,36,6.174805060706598,5,1,1,0
1749,36,1,52,0.0,4,3,0,0
1750,45,1,54,8.274103277319956,1,5,1,0
1751,7,1,28,5.265324333982461,6,1,1,1
1752,41,1,39,10.431608344489213,2,3,1,0
1753,28,0,44,10.823788168879283,2,2,1,0
1754,16,1,4,8.695163000642575,4,2,0,0
1755,40,1,10,8.729139888960948,1,3,0,0
1756,48,0,6,8.490767343098828,3,1,0,0
1757,33,1,57,5.8987874459955165,3,2,1,1
1758,44,1,30,6.155516148652966,3,3,1,0
1759,51,1,54,11.969680843324737,3,1,0,0
1760,48,1,46,10.205724332868868,4,0,1,0
1761,51,0,35,8.618260953515,4,2,1,0
1762,42,0,49,9.800195979057083,3,1,1,0
1763,35,0,43,7.816749413660736,3,3,0,0
1764,18,1,10,8.554840307978235,4,4,1,0
1765,32,1,58,9.783550733510314,3,1,0,0
1766,26,1,53,1.777157539011231,2,5,1,0
1767,56,0,32,10.718416754274134,3,3,1,0
1768,33,0,42,10.50302066347132,3,0,0,0
1769,36,1,42,5.6579351686776285,2,2,1,0
1770,40,1,3,11.73230754847017,3,0,1,0
1771,35,0,56,1.348055646017933,3,2,1,0
1772,51,0,26,9.058859254441257,4,0,1,0
1773,28,1,15,8.11979913966876,7,1,0,0
1774,36,1,17,7.071586775901681,3,0,1,0
1775,27,0,27,8.05810198246194,4,1,1,0
1776,21,0,18,9.74819167498269,3,5,1,0
1777,28,1,51,2.583295238044391,4,2,0,0
1778,34,1,19,11.002893770866947,4,3,0,0
1779,30,0,12,6.769179462857551,2,0,0,0
1780,28,0,24,11.046358544524038,3,1,1,0
1781,20,1,5,9.930553032949827,3,3,1,0
1782,34,0,24,6.706789577173012,1,4,1,0
1783,19,0,27,7.76202141087136,1,3,1,0
1784,42,1,48,7.938261718727406,2,4,1,0
1785,35,0,30,12.818781142180018,2,0,0,0
1786,20,1,15,4.578662639689842,4,4,0,0
1787,31,0,47,6.685781429656078,2,1,1,0
1788,27,1,59,3.2534358473745746,2,3,1,0
1789,38,0,38,8.371724736908208,3,1,1,0
1790,48,0,44,6.129472959528998,2,2,1,0
1791,16,0,34,6.493485479442267,1,2,0,0
1792,36,1,27,12.454071207796272,3,3,1,0
1793,33,1,20,5.529891432159381,2,4,1,0
1794,41,0,41,7.521433855801633,2,0,0,0
1795,37,1,32,6.624199141430421,2,4,0,1
1796,27,1,4,6.812508869990216,5,3,1,0
1797,31,1,5,16.315368828474917,2,5,1,0
1798,27,0,53,2.795072909162374,2,5,0,0
1799,45,1,58,9.932205628984871,3,2,1,0
1800,35,0,8,15.282120153139052,3,1,0,0
1801,54,0,22,11.237257314041559,4,0,1,0
1802,34,1,42,8.140826496349275,3,1,1,0
1803,27,1,7,4.48169503962472,4,4,1,0
1804,19,0,22,11.914323002130226,3,3,1,1
1805,16,0,46,10.812037934287101,1,3,0,0
1806,19,1,30,3.4109226889950364,3,1,1,0
1807,37,1,37,7.039156310116935,3,5,0,0
1808,40,0,16,4.381718161165642,1,3,1,0
1809,19,1,15,0.0,3,3,1,0
1810,43,0,5,4.311927558145026,2,2,1,0
1811,30,0,3,8.316317678544113,0,2,1,0
1812,36,1,23,9.740957531778651,0,0,1,0
1813,51,0,10,7.02968914057179,2,1,1,0
1814,43,0,5,12.122376177506482,4,3,1,0
1815,32,1,23,11.088319738231856,2,0,0,0
1816,26,1,15,7.624167088662258,4,2,1,0
1817,13,0,18,7.242191937136522,1,1,1,0
1818,27,1,25,9.148218856125357,3,0,1,0
1819,32,1,8,7.946460770619532,3,0,1,0
1820,25,0,31,3.7229477552825117,0,2,0,0
1821,33,1,21,7.113854045932395,1,2,1,0
1822,35,0,2,9.996701593625906,4,0,0,0
1823,32,0,22,11.944220794463936,3,3,1,0
1824,28,1,8,10.88049169041682,1,1,1,0
1825,36,1,23,9.002908092875776,1,1,0,0
1826,39,0,32,12.3721149273937,4,3,0,0
1827,24,0,8,9.271855004189627,3,1,1,0
1828,49,0,4,7.734349845370968,6,4,1,0
1829,34,0,30,12.436134704100418,5,3,1,0
1830,35,0,19,10.160775976498325,3,2,1,0
1831,42,0,23,11.906009281276068,3,1,1,0
1832,37,1,18,4.437179397422752,2,2,1,0
1833,44,0,53,5.419194113212047,2,4,0,0
1834,37,0,29,5.547784776785309,1,1,1,0
1835,28,1,23,8.545329874384269,0,0,1,0
1836,38,1,33,13.473048599486889,6,3,0,0
1837,23,0,52,4.583159383828604,1,1,1,0
1838,36,0,47,10.716095017409156,4,1,1,0
1839,34,1,18,4.392294367255494,4,3,1,0
1840,32,0,54,14.352558205193105,1,0,0,0
1841,33,0,44,3.210045019247694,5,2,1,0
1842,16,1,33,10.220900986284581,2,2,0,0
1843,29,0,7,10.641126269163731,4,0,1,0
1844,35,0,51,9.860014966702257,1,3,1,0
1845,36,0,28,5.368251290063787,3,1,1,0
1846,24,0,1,4.830969583702321,8,0,1,0
1847,47,0,56,11.817201882347172,4,0,1,0
1848,26,1,39,11.145219896704912,0,2,0,0
1849,44,0,34,11.104282421314071,4,2,1,0
1850,39,0,39,11.467915970347613,6,5,0,0
1851,28,0,19,3.391754973302282,2,1,1,0
1852,52,1,31,3.3020868541780226,4,2,1,0
1853,23,1,13,5.9860285770290655,1,3,1,0
1854,44,0,57,6.561075783819115,1,1,1,0
1855,45,1,24,6.24139334417815,2,2,1,0
1856,28,0,5,8.832493917301598,2,4,1,0
1857,48,0,23,11.34575147984534,4,5,1,0
1858,32,0,19,7.118014374189294,3,1,0,0
1859,37,0,1,5.55404828999642,1,2,1,0
1860,37,0,33,10.438769302669835,5,3,1,0
1861,33,1,59,7.154106534712382,6,1,1,0
1862,43,0,50,8.321974649402357,3,1,1,0
1863,42,1,56,7.002580242465221,3,2,1,0
1864,17,0,33,9.019911078707718,3,0,1,0
1865,48,0,32,4.958287601021088,5,2,1,0
1866,18,0,59,10.178816677631447,2,0,0,0
1867,45,1,28,7.9016698941269095,3,3,0,0
1868,46,0,37,5.707051309316528,4,2,1,0
1869,24,1,41,9.59279895904813,3,2,1,0
1870,30,0,12,5.704186612766398,3,0,1,0
1871,23,0,9,5.836782206012851,3,0,1,0
1872,32,0,50,4.396169303726255,0,2,1,0
1873,31,0,55,2.8892535191811257,0,6,1,0
1874,42,0,11,9.602856137623528,3,2,0,0
1875,48,0,33,11.496849947333482,6,1,1,1
1876,48,1,19,6.648200825947904,6,0,1,0
1877,29,0,54,5.604582466437224,2,1,1,0
1878,32,1,57,2.563115662254628,5,2,1,0
1879,18,0,42,1.4799467603129326,2,0,1,0
1880,26,1,34,10.180191637146045,3,2,0,0
1881,44,1,7,2.0779765932030747,0,2,1,0
1882,51,0,31,4.5681992882074205,2,5,1,0
1883,22,0,52,8.850293955116015,4,2,1,1
1884,29,1,2,8.269121788055013,3,2,1,0
1885,34,1,19,8.974107150652168,6,1,1,0
1886,37,0,38,8.020758345465765,4,1,1,0
1887,26,0,32,6.929219438615444,4,0,1,0
1888,39,1,10,4.586402976038647,5,0,1,0
1889,30,0,41,6.097569664183044,5,1,0,1
1890,34,1,8,7.132856371816542,0,3,1,0
1891,40,0,26,2.32897459319884,4,1,0,0
1892,35,0,30,5.640991688368155,2,2,0,0
1893,30,1,11,6.8833444710596225,3,1,0,0
1894,33,1,41,5.933105732439504,5,0,1,0
1895,34,0,20,6.972336443751893,2,3,0,0
1896,31,0,20,10.00618325270384,3,2,1,0
1897,32,1,9,10.374457781855686,2,3,1,0
1898,50,1,8,12.534059443932609,6,2,0,0
1899,40,0,15,3.47629290991694,1,1,1,0
1900,32,1,34,6.737764553305799,2,2,1,0
1901,41,1,24,11.68273851520137,3,1,1,0
1902,31,1,33,2.7627922562702114,4,2,1,0
1903,46,1,41,4.47131224298754,1,0,0,0
1904,38,0,41,6.152792999085332,2,1,1,1
1905,33,1,45,14.132971407124392,2,2,1,1
1906,39,1,40,5.076401887715801,2,3,0,0
1907,19,0,27,11.251461925493775,3,1,0,0
1908,23,0,21,7.916309318989971,3,3,0,0
1909,23,0,5,4.560637951691364,0,0,1,0
1910,36,1,35,16.399472439013493,5,3,1,1
1911,52,0,21,8.58394401171742,4,3,1,0
1912,57,1,4,9.128606953580348,4,1,1,0
1913,41,1,49,9.603522644620135,0,3,1,0
1914,40,1,48,9.370868546516347,3,0,1,0
1915,16,1,16,14.45622006758618,4,2,1,0
1916,29,1,57,13.357831544808771,2,3,1,0
1917,27,0,31,5.205205569413582,1,0,1,0
1918,28,1,26,14.05617473891671,2,5,1,0
1919,33,0,52,5.8996011411502725,4,2,0,0
1920,30,1,35,8.966722642647225,3,2,1,1
1921,15,0,6,3.645445644714882,2,1,1,0
1922,42,1,33,11.109819241594854,2,2,1,0
1923,24,1,21,7.077916275956451,3,1,1,0
1924,37,1,16,4.551537090264554,2,2,1,0
1925,55,0,47,11.565503042104117,3,4,1,1
1926,25,0,39,12.308604184715662,1,4,0,0
1927,9,1,34,12.41030834515609,5,1,1,0
1928,32,0,42,3.431148651844328,1,5,1,0
1929,46,1,57,12.720628760149154,3,3,0,0
1930,54,0,15,7.098452958508605,3,0,0,0
1931,22,1,6,14.154510412771693,2,5,1,0
1932,39,0,2,9.87486109419247,2,0,1,0
1933,30,1,24,8.75399378137548,3,3,0,0
1934,33,1,56,8.025563218215176,4,2,0,1
1935,61,0,49,7.959011229980247,3,0,0,0
1936,19,0,28,5.96145705327318,0,1,1,0
1937,37,0,1,4.795808457311482,2,2,1,0
1938,39,1,1,6.912014085931764,1,1,1,0
1939,45,1,28,11.57266560934631,1,2,1,0
1940,35,1,36,3.810125102489149,3,1,1,0
1941,38,1,20,12.021998691810175,2,0,1,0
1942,31,0,48,8.430169239081376,2,0,0,0
1943,37,0,8,10.344423856583774,3,1,1,0
1944,31,0,1,10.499481482077423,2,3,1,0
1945,41,0,26,10.785034923674425,3,6,0,0
1946,31,1,51,8.06720476411914,3,1,1,1
1947,38,1,43,8.157029373954472,2,2,1,0
1948,34,0,49,10.68229002786112,4,0,1,0
1949,46,1,25,4.876115715706699,2,2,0,0
1950,34,1,10,4.416624330274417,3,2,1,0
1951,17,0,12,6.60593923242758,2,3,1,0
1952,47,0,41,8.864271565961975,2,2,0,0
1953,25,0,7,13.762613449819359,2,0,1,0
1954,28,1,12,8.143948161339836,3,1,1,0
1955,29,1,47,14.000457537478727,3,3,1,0
1956,48,1,40,9.546373093774507,3,0,0,0
1957,13,0,17,6.639612048891889,2,2,1,0
1958,66,0,5,11.441205945562766,3,1,1,0
1959,45,1,14,7.271411526283845,1,3,1,0
1960,37,1,34,8.75362834532568,4,2,1,1
1961,34,1,48,3.9908860901693917,4,4,0,0
1962,37,1,17,3.4740086905332808,2,0,1,0
1963,40,0,35,9.660966592422549,1,3,1,0
1964,41,1,55,11.311186861854775,3,2,0,0
1965,40,1,1,13.837002507659827,3,0,0,0
1966,35,0,59,5.571882675968549,2,0,1,0
1967,33,1,50,12.391232374972535,4,1,1,0
1968,33,0,50,11.94334069993099,4,3,1,1
1969,33,0,36,6.526511422889739,2,3,0,1
1970,46,0,15,12.164260668369135,4,1,0,0
1971,40,0,19,10.832649128855593,3,2,1,0
1972,5,0,51,11.426549235618738,1,0,0,0
1973,41,0,42,14.502081136229599,4,1,1,1
1974,36,1,5,11.301985542649998,0,3,0,0
1975,34,0,19,1.5893056119135744,5,2,1,0
1976,31,0,43,8.967681487992659,1,2,1,0
1977,46,0,39,3.2995954967915484,4,1,0,0
1978,44,1,5,8.454350210831437,2,1,1,1
1979,27,0,52,8.280883584365917,1,3,1,0
1980,39,0,12,6.248915291714228,5,1,0,0
1981,25,1,19,4.917190570479848,3,1,1,0
1982,21,1,47,6.409004297758295,2,1,0,0
1983,28,1,12,6.98851834571574,2,5,1,1
1984,43,0,36,7.604885462196164,7,1,0,0
1985,44,0,12,8.316301718410585,4,2,1,1
1986,40,1,18,9.755752476626801,2,2,1,0
1987,42,0,49,7.062343072934137,0,3,1,0
1988,40,0,51,11.838945304015985,2,0,0,0
1989,28,0,48,7.885284476965722,1,4,1,0
1990,39,1,43,10.773472455720114,2,5,1,1
1991,43,0,34,7.086557547829076,3,3,1,0
1992,42,1,48,16.23112750801058,3,4,1,1
1993,46,1,33,9.40179252510159,3,0,0,0
1994,42,0,49,12.905895803949814,4,4,1,0
1995,38,1,18,5.9181740335616295,1,3,1,0
1996,45,1,57,6.658549165081602,4,1,1,0
1997,34,1,29,7.243587042051767,4,3,0,0
1998,26,0,45,15.41899978030426,2,2,0,0
1999,33,1,5,7.3617799458032,4,2,1,0
2000,27,0,25,5.529697715129798,6,2,1,0
2001,28,1,24,11.902719360641559,6,2,1,0
2002,33,0,29,8.176413037208803,2,2,1,0
2003,27,0,59,7.345641618047552,2,1,0,0
2004,31,1,38,6.169153065566425,0,1,1,0
2005,16,1,33,9.466485674606044,3,1,0,0
2006,37,1,10,11.187966900829101,1,1,1,0
2007,35,0,37,10.36425632230441,5,2,1,0
2008,26,0,33,6.561998667513855,5,4,1,0
2009,41,1,23,5.036891937033239,3,1,1,0
2010,44,1,58,0.0,2,3,1,1
2011,18,1,11,5.163593875471304,3,2,1,0
2012,27,0,24,6.883596375975955,4,0,0,0
2013,27,0,24,7.82288050522794,2,1,0,0
2014,25,1,7,7.187566181591695,3,0,1,0
2015,43,1,50,16.402630842828174,2,4,1,1
2016,33,0,21,9.474095411697895,2,3,0,0
2017,32,1,20,4.287071821615914,1,2,0,0
2018,14,1,53,9.96670219526551,1,2,1,0
2019,41,0,10,9.174430162313461,5,3,0,0
2020,22,0,25,4.850268163943583,2,0,1,0
2021,35,0,47,8.866416659997071,5,2,1,1
2022,37,1,36,9.590453789550809,2,1,1,0
2023,48,0,48,11.073513273343153,1,0,0,0
2024,21,0,47,2.6729832394948287,5,1,1,0
2025,4,1,15,9.94423403364052,4,2,1,0
2026,36,0,44,12.22971396580676,3,4,0,0
2027,53,0,40,13.663059737024133,1,2,0,0
2028,47,0,40,4.321797420660697,6,2,1,0
2029,37,1,50,7.562143182099419,2,2,1,0
2030,30,1,6,7.8528034145979655,3,4,0,0
2031,43,0,37,10.026556209746857,0,2,1,0
2032,25,1,2,7.506112707415437,3,2,1,0
2033,39,1,12,5.853819286282478,4,1,1,0
2034,40,0,58,8.651529117754675,4,3,0,0
2035,45,0,4,6.987493801527605,4,4,0,0
2036,62,0,23,9.686568592055725,0,2,1,0
2037,38,0,13,5.57129783946238,4,1,1,1
2038,29,1,17,4.933071031856196,5,1,0,0
2039,34,1,31,11.946320654674883,3,3,1,0
2040,17,0,16,14.8175828414133,2,2,1,1
2041,28,0,41,13.466813680169729,3,0,1,0
2042,30,0,26,7.784223221154424,5,5,0,0
2043,29,1,28,11.165381514743537,0,4,1,0
2044,36,0,1,5.94115165335989,4,1,1,0
2045,26,1,47,9.524537867156983,1,3,1,0
2046,46,0,12,6.248591699240055,6,0,1,0
2047,35,1,37,11.769512353820335,3,0,1,0
2048,34,1,55,11.370394153771532,4,1,1,1
2049,31,0,56,14.227862333292427,1,3,1,1
2050,36,0,50,7.312084737402503,4,1,1,0
2051,43,1,20,12.737101103276004,6,0,1,0
2052,26,0,2,9.519395185784264,2,6,1,0
2053,28,1,36,8.226165407703045,6,1,1,0
2054,31,0,15,9.01098152028968,4,1,1,0
2055,21,1,38,13.094039484510464,4,1,0,0
2056,26,0,22,7.6041898553187375,3,0,0,0
2057,30,1,44,7.756814414346279,3,1,1,0
2058,43,1,50,1.8028937065096393,2,3,1,0
2059,37,1,32,7.558855805905859,3,0,1,0
2060,36,1,59,8.793085783874549,3,0,1,0
2061,43,1,20,5.71325666671835,3,2,1,0
2062,33,0,36,4.976434403955667,2,1,1,0
2063,38,1,33,2.4462842715448154,2,0,1,0
2064,33,1,15,6.2460482140903455,5,1,0,0
2065,37,0,50,12.263537290391348,1,1,0,0
2066,29,1,46,3.554443090672944,2,3,0,0
2067,10,1,3,10.367051755436492,6,1,0,0
2068,33,1,29,10.638039641081281,4,4,1,0
2069,49,0,47,15.358584863427204,1,2,0,0
2070,44,0,27,11.115065554707718,3,5,1,0
2071,44,0,5,10.863738743318535,3,2,1,0
2072,47,0,59,9.103091759674635,2,4,1,0
2073,35,1,56,8.002572002737894,1,4,1,0
2074,36,0,31,10.556598539286556,4,4,1,0
2075,28,0,22,11.746103818124116,5,2,1,1
2076,31,1,35,8.511488922356856,2,2,0,0
2077,41,0,54,11.875657705593728,1,0,0,0
2078,47,0,7,16.649633889013067,4,1,0,0
2079,33,0,6,8.212576714460948,3,4,0,0
2080,30,0,26,8.297004882767963,5,3,0,1
2081,35,1,54,7.723649486229052,2,1,1,0
2082,41,1,1,8.401228823860976,1,1,1,0
2083,20,1,19,11.669315881929048,2,3,1,0
2084,12,0,7,8.261163910422766,1,3,1,0
2085,29,1,36,8.56753424693406,7,1,0,0
2086,22,0,12,7.251051003017629,2,1,1,0
2087,29,0,20,9.467172501624667,6,1,1,0
2088,33,0,23,6.490410834747891,3,2,1,0
2089,30,0,25,4.321557906440452,1,0,1,0
2090,49,0,30,9.343015972510981,4,5,0,0
2091,38,0,59,13.938153414242905,7,2,1,0
2092,38,1,29,7.130167800899963,0,3,0,0
2093,41,0,31,4.876384588618135,5,1,0,0
2094,23,0,18,13.746926061978176,3,0,1,0
2095,45,0,41,8.136682093159553,5,3,0,0
2096,34,1,19,10.833674847479562,3,0,0,0
2097,41,0,54,5.81310253403375,2,1,1,0
2098,24,1,4,8.029311702059724,3,3,0,0
2099,19,1,1,12.201663159502406,2,2,1,0
2100,43,0,41,8.392317406832591,5,1,0,0
2101,38,0,59,8.429606577489146,3,1,1,1
2102,25,0,15,3.534218066112791,4,4,0,0
2103,26,1,54,10.361100415849542,2,7,1,1
2104,46,0,8,5.642353630775095,1,1,0,0
2105,23,0,15,11.359101201720875,5,1,1,0
2106,51,0,15,8.607143681267926,4,0,1,0
2107,25,1,50,8.873657365286647,5,3,0,0
2108,41,0,39,10.317625457153959,5,0,1,1
2109,31,0,22,9.125808347129894,3,1,0,0
2110,41,1,18,13.155360246708288,5,4,1,0
2111,29,1,16,12.680115796575064,2,2,0,0
2112,33,1,2,4.348268319118597,1,2,0,0
2113,35,0,36,7.487863996230435,3,5,1,0
2114,24,1,20,10.509604641741234,6,4,0,0
2115,42,1,16,5.172191113959489,4,0,1,1
2116,29,0,3,3.295817721643253,1,1,0,0
2117,32,1,56,5.719386263733851,6,0,1,1
2118,25,0,30,7.6545037814401065,3,1,1,0
2119,9,1,55,0.0,2,1,0,0
2120,33,0,2,4.658331041106356,0,4,1,0
2121,59,1,35,2.6643941924163412,4,2,1,0
2122,42,0,26,11.440016804385449,1,3,0,0
2123,34,1,57,10.794436479958955,4,5,1,0
2124,32,0,5,8.835691068081143,2,2,1,0
2125,35,1,2,8.300035622364142,6,1,1,0
2126,40,1,51,9.63442052380832,2,1,1,0
2127,23,0,56,5.004994431511483,2,2,1,0
2128,46,1,20,11.758666986240975,6,2,1,0
2129,42,1,34,8.279063864664295,5,1,1,0
2130,42,0,34,10.75279781077889,1,2,0,1
2131,39,0,54,10.629246099393919,4,0,1,0
2132,35,1,56,9.602343404891808,1,4,1,0
2133,41,0,55,8.938753966703516,4,2,1,1
2134,40,0,20,8.71531953316502,3,3,1,0
2135,31,0,50,7.811069240556523,3,2,1,0
2136,29,0,25,9.44887020135224,3,2,0,0
2137,36,0,20,8.618627624923516,1,1,1,1
2138,50,0,25,6.538937410896482,3,3,1,0
2139,22,1,53,9.82914418596053,2,1,1,0
2140,20,1,14,8.841500068759498,3,2,1,0
2141,36,0,47,11.629364563531432,3,2,0,0
2142,35,1,44,2.5687496499267652,1,1,1,0
2143,36,1,43,8.1086617113958,3,0,1,0
2144,37,1,43,5.825291221220082,4,2,1,0
2145,32,0,39,6.447131766737492,3,2,0,0
2146,49,0,12,9.679244082769708,4,4,1,0
2147,18,1,48,3.6918185154910015,4,4,1,0
2148,26,1,5,8.399406938749717,2,1,1,0
2149,33,1,2,8.091318687184339,2,3,0,0
2150,18,1,54,4.850151266208119,0,1,1,0
2151,33,0,16,8.474218691273727,2,1,1,0
2152,51,1,55,5.715340473721366,4,2,0,0
2153,35,0,30,14.592451163163744,3,2,1,0
2154,37,0,47,11.60589990355488,2,5,0,0
2155,22,1,43,8.201779878574692,6,2,1,0
2156,28,0,38,6.704754423827385,1,1,1,0
2157,31,0,45,9.512151013205786,2,1,0,0
2158,31,1,51,10.302427753442554,6,3,1,0
2159,47,0,42,8.763597769362915,1,3,0,0
2160,40,1,24,4.954557390876692,2,2,0,0
2161,23,1,51,7.3712367013912505,5,1,1,0
2162,37,1,30,8.234039223366768,3,2,1,0
2163,39,0,37,8.870825052377608,7,4,1,1
2164,46,0,57,8.940089453425307,2,2,1,0
2165,50,0,59,10.192496705584775,2,3,1,0
2166,24,0,53,12.025160866160345,1,1,0,0
2167,26,0,39,11.037691120088082,0,2,1,0
2168,22,1,11,9.770959537121549,2,2,1,0
2169,32,0,14,4.226888026661422,2,4,1,0
2170,39,1,23,11.559029707048131,4,0,1,0
2171,44,0,53,10.456419056320932,1,3,0,0
2172,34,1,16,7.23262616460797,6,2,1,0
2173,31,1,50,8.089217092868466,3,3,1,0
2174,36,0,21,8.196742914110535,6,2,0,0
2175,26,0,55,6.686533026709027,5,3,1,0
2176,55,1,55,2.7558963885919834,1,1,1,0
2177,18,1,4,4.6503720699573865,3,3,1,0
2178,36,1,33,5.280478143506569,5,3,1,0
2179,55,0,54,2.0965096307222604,1,0,1,0
2180,35,0,47,4.660201193622773,4,2,1,0
2181,33,1,14,11.423598244725206,3,1,0,0
2182,31,1,19,9.457755018377348,1,3,1,0
2183,33,0,59,5.08704540435293,2,1,1,0
2184,48,1,5,5.9353293265160865,3,3,1,0
2185,12,0,36,11.687550877822396,2,1,1,0
2186,50,0,31,11.613401624760943,3,3,1,0
2187,20,0,45,8.209663987608225,3,1,1,0
2188,32,0,18,11.524393080144893,3,3,1,0
2189,30,1,44,5.702287967161856,3,2,1,0
2190,40,0,31,8.682079760362484,2,1,0,0
2191,19,0,55,3.576947431925917,1,3,1,0
2192,39,1,30,6.907039511453114,1,1,1,0
2193,55,1,21,8.084229603483648,4,2,1,0
2194,21,1,47,2.9448233077473436,2,2,0,0
2195,36,1,30,9.779348361200974,1,1,0,0
2196,28,0,55,10.280604897876595,2,2,1,0
2197,39,1,41,11.03335721433306,4,1,1,0
2198,35,1,4,15.002740691938817,1,5,0,0
2199,28,1,5,9.25014304777675,4,2,0,0
2200,39,0,41,7.807751370293471,3,1,1,1
2201,53,0,45,3.193750971501667,3,2,0,1
2202,33,1,10,9.175857294802544,2,4,0,0
2203,42,0,27,9.678298536224228,1,2,1,0
2204,22,1,16,3.931963185201723,3,1,1,0
2205,25,1,30,7.279738040098401,0,3,1,0
2206,39,1,13,8.033397778152032,2,2,1,0
2207,49,1,36,9.58857633298418,4,0,1,0
2208,38,1,21,10.56872423688965,1,0,0,0
2209,31,0,45,6.390328148566416,0,1,1,0
2210,34,1,53,8.604082486053457,0,3,1,0
2211,22,1,40,9.721206446689596,4,1,1,0
2212,41,0,45,7.4546623016596785,1,0,1,0
2213,43,0,15,6.735613107913407,3,0,0,0
2214,30,0,20,10.137738339830184,4,0,1,0
2215,30,1,20,7.466852401189564,1,2,1,0
2216,37,0,45,4.408742955349101,3,3,1,0
2217,30,1,55,12.119126988154404,2,1,1,1
2218,34,0,59,4.7411250290062155,3,2,0,0
2219,55,0,5,7.716480373192758,2,2,1,0
2220,32,1,54,8.965290678391703,2,1,1,1
2221,31,0,54,9.365624744304942,2,5,1,0
2222,28,1,32,8.508850420152925,2,3,1,0
2223,42,1,6,0.0,4,3,1,0
2224,33,1,30,5.892458930529987,3,1,1,0
2225,28,0,26,8.888871045450305,2,2,1,0
2226,48,1,37,7.672720375171238,3,2,1,0
2227,49,1,13,9.534998900497705,4,4,1,1
2228,28,1,29,11.064484959222318,4,0,1,0
2229,16,0,5,9.520062138557556,3,1,1,0
2230,45,1,25,5.812952832556842,5,2,1,0
2231,28,1,13,6.38449204333201,0,5,1,0
2232,42,1,24,12.894321205394794,1,2,1,0
2233,15,0,31,7.462672547438584,2,2,1,0
2234,43,0,20,7.713775454700056,4,1,1,0
2235,22,0,55,9.529627948720279,3,1,1,1
2236,42,0,8,11.71166492865315,4,3,1,0
2237,35,0,9,5.296207323260354,2,1,0,0
2238,25,0,21,6.511649665455428,0,3,1,0
2239,30,1,51,3.1881147457201724,1,1,1,0
2240,41,0,20,7.110884318740251,4,0,1,0
2241,36,1,15,9.702780093826886,2,3,0,0
2242,40,0,26,6.907278553846165,3,0,0,0
2243,54,0,54,13.279438769521033,6,1,1,0
2244,19,0,42,8.348605157287428,3,0,1,0
2245,51,0,11,7.69320276504803,2,2,1,0
2246,36,1,37,6.943591352536874,2,3,1,0
2247,26,1,41,3.9204319265842926,2,1,1,0
2248,21,0,11,7.729003083469525,5,2,0,0
2249,33,0,27,9.075159839384524,3,1,0,0
2250,44,0,30,7.645790732233563,1,1,1,0
2251,33,1,19,8.693339813148537,5,1,0,1
2252,50,1,34,5.987971290784705,3,4,1,0
2253,20,1,38,4.265831609243701,3,2,1,0
2254,34,1,23,7.681373924843003,2,1,1,0
2255,22,1,53,8.661820768876645,2,1,1,0
2256,38,0,1,7.49392689505362,4,2,0,0
2257,43,0,3,8.610546811155643,3,1,0,0
2258,30,1,3,10.32992746801337,6,1,1,0
2259,8,1,28,10.318502147799204,0,1,0,0
2260,36,1,14,10.57211409552691,3,3,0,1
2261,39,1,52,11.01597807699894,4,1,1,1
2262,39,0,30,9.491245823009606,2,2,1,0
2263,47,1,58,9.06897748871918,2,2,0,0
2264,24,1,54,13.828884304533446,2,2,0,0
2265,41,0,5,10.350859491622487,2,4,0,0
2266,46,1,49,5.464499006479885,1,2,1,0
2267,17,1,15,2.4108594295325734,5,3,1,0
2268,38,0,38,7.276542523215041,2,4,0,0
2269,29,0,14,9.874226079444515,2,2,1,0
2270,34,0,14,10.87685032235072,1,1,0,0
2271,38,1,57,4.248577569189539,6,4,1,0
2272,30,0,59,10.188265815051007,2,2,1,0
2273,28,1,49,11.404058059782685,2,2,1,0
2274,35,1,8,9.826210688275616,3,2,1,0
2275,24,0,8,9.24717652993936,5,1,1,0
2276,24,1,19,7.601568173592572,1,1,0,0
2277,41,1,32,6.619993807664582,6,1,1,0
2278,23,0,31,10.356638959694084,5,5,1,0
2279,41,0,29,9.750040849224561,6,1,0,0
2280,39,1,41,7.018588860085182,5,1,1,0
2281,17,1,11,15.626319046009641,3,3,1,0
2282,28,0,45,3.4706032745494193,3,3,1,0
2283,46,0,13,7.303606241593034,2,0,1,0
2284,25,0,27,5.685808353669817,3,1,1,0
2285,30,1,56,9.152527644012991,6,3,0,0
2286,39,0,19,2.1531090853442745,5,3,1,0
2287,42,1,26,11.807798818774785,2,1,0,0
2288,32,1,53,11.016351005234235,1,2,1,0
2289,29,0,51,8.802063312278758,7,1,0,0
2290,49,1,37,7.069028252583809,4,2,1,0
2291,52,0,48,10.148929551698046,2,5,1,1
2292,44,1,9,8.986119195875276,3,0,0,0
2293,35,0,28,10.856049635987924,5,2,0,0
2294,26,1,32,7.632641559386763,2,3,1,0
2295,26,1,52,7.455577392931795,2,1,1,0
2296,40,0,54,11.23321225307662,3,3,1,0
2297,39,0,3,9.900986063877227,5,0,1,0
2298,49,0,51,7.477960654021529,3,2,0,0
2299,41,0,32,9.10351458019669,3,6,1,1
2300,19,1,5,8.554442502836746,2,4,1,0
2301,45,1,8,9.401611078483288,4,1,1,0
2302,25,0,14,11.808352170270778,7,1,0,1
2303,31,1,56,6.950388790031187,1,2,0,1
2304,37,1,3,6.0663412043270295,3,3,1,0
2305,54,1,24,8.8213757758586,3,1,0,0
2306,66,0,13,6.39033873758892,3,3,0,0
2307,41,0,43,5.26724580935889,2,5,1,1
2308,33,0,29,10.98065308193797,1,0,1,0
2309,40,1,8,7.1383814606501925,4,4,0,0
2310,43,0,51,2.3958114760771387,4,2,1,0
2311,31,0,42,10.542247139450298,6,1,0,0
2312,52,0,31,6.68554548313764,3,4,1,1
2313,37,1,26,9.733496865919776,3,4,0,0
2314,39,0,18,11.250323910043655,3,2,1,0
2315,41,0,58,8.568942191035966,3,4,1,1
2316,39,0,18,1.8935617143464665,6,1,0,0
2317,43,0,57,2.1089896284167864,5,3,1,0
2318,28,1,7,5.982775442617203,5,2,1,0
2319,29,0,48,7.829430200405699,3,1,1,0
2320,23,0,38,11.600424762579252,4,2,1,0
2321,39,1,48,8.874000929956397,2,2,1,0
2322,42,0,16,15.851820016915873,1,2,1,0
2323,39,0,55,3.525719787031923,1,1,0,0
2324,51,1,56,8.363875492700245,3,6,1,0
2325,34,0,33,6.663587339699383,0,2,1,1
2326,41,0,56,8.703913987824002,4,2,1,0
2327,24,0,51,13.25502336133368,2,1,0,0
2328,31,0,3,13.444741805499046,6,1,0,0
2329,41,1,38,8.163381107889332,4,1,1,0
2330,43,1,4,10.58454166450637,2,2,1,0
2331,32,1,36,8.646650001935875,5,0,1,0
2332,34,0,4,4.774118290008769,1,3,1,0
2333,19,0,42,8.042961206614576,7,2,1,1
2334,31,1,9,6.484671753765472,2,4,1,0
2335,43,1,40,7.811691726519768,1,3,1,1
2336,40,0,51,5.443739347639118,5,1,1,0
2337,40,0,17,8.46544105604741,3,1,1,0
2338,35,0,17,8.916950758930671,1,4,1,0
2339,35,0,33,10.112759285062761,6,0,1,0
2340,28,0,20,8.929579833103043,5,2,0,0
2341,41,0,14,12.903826546487796,4,2,1,0
2342,39,1,22,14.576607320253007,4,2,1,0
2343,39,1,52,6.786404779245224,3,1,1,0
2344,29,0,27,10.910203366047572,4,4,1,1
2345,13,0,43,14.34380053372501,2,5,1,0
2346,45,1,3,10.988367980756944,3,1,0,0
2347,30,0,24,10.151970481780365,0,3,1,0
2348,26,1,30,2.534429294688902,3,2,1,0
2349,41,0,8,6.325772203142315,3,2,1,0
2350,31,1,22,6.763688150080284,2,3,1,0
2351,45,0,25,12.16157213955902,3,2,0,0
2352,41,0,10,5.808171375855716,3,3,1,0
2353,41,0,49,7.743875960081921,1,1,1,0
2354,21,0,29,10.520826362029277,1,1,1,0
2355,47,0,40,5.672901951349295,1,0,1,0
2356,37,1,54,8.837269055172024,2,2,0,0
2357,31,0,1,8.446320213503277,2,1,0,0
2358,36,0,52,10.6313303757559,1,1,1,0
2359,17,1,21,9.97654742338173,3,2,0,0
2360,39,1,39,9.881876039375278,3,2,1,0
2361,24,1,24,8.602355511174975,0,1,1,0
2362,21,1,9,2.972132087402457,2,2,1,0
2363,19,0,44,8.418986383059487,2,0,0,0
2364,46,1,54,8.165912555915666,6,2,1,0
2365,28,1,26,10.299634255313494,4,0,1,0
2366,50,1,9,6.731214964991813,2,1,1,0
2367,29,0,20,8.125397254188492,5,2,0,0
2368,17,0,56,8.220082964506627,2,1,1,0
2369,23,0,35,5.862336038045392,5,2,1,0
2370,47,1,36,4.540167039765777,3,0,1,0
2371,33,1,42,9.147622461485202,2,1,1,0
2372,29,1,36,11.02328922695469,2,0,1,0
2373,36,0,54,6.12527011273076,4,1,1,0
2374,40,1,9,7.346697426368115,3,1,1,0
2375,46,1,22,10.488647660675465,4,2,1,0
2376,49,0,1,10.780125419029144,7,0,0,0
2377,31,1,5,8.694276404936923,4,0,0,0
2378,21,0,9,9.24260479829017,5,3,1,0
2379,30,1,37,9.596149515457512,1,2,1,1
2380,37,1,38,10.133101940785178,2,2,1,0
2381,25,1,19,4.785741824863759,4,4,1,0
2382,25,1,8,13.7516311671239,0,2,1,0
2383,38,1,42,8.822011707328274,3,4,0,0
2384,34,0,43,10.189496338521927,1,1,1,0
2385,35,0,32,5.714587253794609,2,2,0,0
2386,27,1,13,7.442297914472998,2,4,1,0
2387,32,0,20,9.130951102779786,3,0,1,0
2388,25,0,36,2.5867768325087717,3,2,0,0
2389,43,1,43,5.29657984639439,3,3,1,0
2390,45,1,44,5.824143563668711,3,1,1,0
2391,16,0,37,4.164089886326624,2,2,1,0
2392,25,0,30,8.318248130775025,3,1,1,0
2393,20,0,10,7.7777520138014316,1,4,0,0
2394,28,0,31,12.271121930062321,3,3,1,0
2395,34,0,25,4.637973297362013,3,1,1,0
2396,20,1,29,8.704245135224548,5,2,0,0
2397,25,0,24,5.3597300380365605,6,4,1,0
2398,24,0,39,2.8485796907973775,1,1,1,0
2399,37,0,21,9.763411562028416,2,2,0,0
2400,35,1,41,10.011796818004392,5,2,1,1
2401,27,0,9,9.656356055734987,3,1,1,0
2402,36,0,42,4.05051158208893,3,2,0,0
2403,29,0,42,8.250762096153432,3,1,1,1
2404,32,1,2,9.792081439198999,0,2,0,0
2405,51,1,4,10.856480670572374,0,0,1,0
2406,48,0,8,9.88488415726282,1,1,0,0
2407,22,0,32,10.895402373093356,3,2,1,0
2408,43,0,14,11.202139524518898,4,7,1,0
2409,43,1,49,8.31459509923584,3,3,1,0
2410,23,1,13,9.495590576467016,2,2,1,0
2411,43,0,21,10.999031290721117,3,3,1,0
2412,50,0,24,9.170376614802791,1,2,0,0
2413,23,0,50,11.59699244496648,1,1,0,1
2414,25,0,18,10.623488985194687,1,5,0,0
2415,45,1,45,6.102645818147402,3,1,0,0
2416,37,0,40,4.082000282794311,3,2,0,0
2417,40,0,26,8.05792258767839,3,1,0,0
2418,38,0,32,4.456608610284051,5,5,0,0
2419,38,1,44,8.249377453637749,5,1,1,1
2420,21,1,57,7.977792811998046,5,0,0,0
2421,45,0,55,11.902733712249672,3,1,0,0
2422,46,0,56,9.515187998850651,1,2,1,0
2423,32,0,53,10.933805624861291,2,1,0,0
2424,34,0,33,6.531215352653682,2,1,1,0
2425,19,0,52,12.589004822862893,0,0,1,0
2426,40,1,31,10.680944288367314,2,2,1,0
2427,40,1,18,9.282314684250156,2,3,1,0
2428,34,1,35,2.5803217812963526,1,2,1,0
2429,46,0,12,11.536219328015752,2,1,1,0
2430,31,1,51,13.320005171012983,2,1,0,0
2431,40,1,25,8.033858669480956,4,4,0,0
2432,24,0,45,8.095246272871378,1,0,0,0
2433,34,0,31,6.449968678898093,7,2,1,0
2434,33,0,10,3.104793800666858,5,0,1,0
2435,37,0,47,6.3137185695554425,2,2,0,0
2436,31,0,52,12.978258496574627,1,3,1,0
2437,33,1,34,11.237034087240609,2,3,1,0
2438,43,0,51,5.681874019607057,4,1,1,0
2439,30,1,3,6.264838634829681,1,3,1,0
2440,18,0,46,14.40524602679039,3,3,0,0
2441,52,1,39,4.93953433241934,8,2,0,0
2442,48,0,8,5.853723438269766,2,3,1,0
2443,22,1,32,6.711255063224851,3,3,1,0
2444,41,0,43,3.9259698228754836,2,3,1,0
2445,29,0,29,6.387469187464868,2,4,1,0
2446,37,1,22,6.433075017580925,4,0,1,0
2447,37,0,20,5.293250373607196,9,1,1,0
2448,32,1,6,11.98391350792373,3,5,0,0
2449,27,1,43,4.4995121452366735,5,4,0,0
2450,28,0,49,7.574222229179358,3,2,0,0
2451,25,0,29,5.3689965118042675,1,2,0,0
2452,26,1,42,7.3700781158794255,2,0,1,0
2453,34,0,56,5.229605010326142,2,1,1,0
2454,27,1,17,8.227683895520277,5,5,1,0
2455,41,1,31,8.964389261908948,5,1,0,1
2456,49,0,53,12.206545621404171,2,2,0,0
2457,29,0,34,6.234215046313176,2,4,1,0
2458,37,1,38,12.853480170703941,6,3,1,0
2459,39,0,57,5.579065200080191,2,2,1,0
2460,39,0,37,7.285942758653326,6,0,1,0
2461,35,0,4,13.294219257325388,3,3,1,0
2462,42,1,2,16.70882488551603,2,3,0,0
2463,39,0,12,13.057809661871996,3,3,1,0
2464,22,0,35,7.3292246602883955,2,4,0,0
2465,43,1,6,9.54462570898838,5,6,1,0
2466,43,0,56,10.04791064363867,1,1,1,0
2467,27,0,46,9.036271457121414,4,3,1,0
2468,35,1,8,4.976460352798572,4,2,0,0
2469,41,1,21,8.70374740122604,5,3,1,1
2470,32,1,53,6.482462992241134,4,4,0,0
2471,45,0,58,5.094761858869999,3,3,1,0
2472,58,1,46,7.065892276187019,3,0,0,0
2473,27,0,35,8.945994411933274,2,1,1,0
2474,21,0,48,11.004149436981944,1,2,1,0
2475,38,0,15,7.238215069967252,2,0,1,0
2476,42,0,7,7.764170594740229,5,2,1,0
2477,32,1,15,10.411787838754623,4,1,1,0
2478,49,0,45,8.212615611426086,2,5,1,0
2479,21,1,6,9.144654727667783,3,3,0,0
2480,41,1,47,8.233905416581827,2,4,0,0
2481,28,1,17,8.608195064719068,6,4,1,0
2482,52,0,4,4.7629266221963045,4,0,0,0
2483,54,1,22,8.366980058494569,6,6,0,0
2484,27,0,32,12.283587146255886,3,0,0,0
2485,29,0,59,8.506974294242992,0,3,1,0
2486,43,1,22,5.498747174486841,2,1,1,0
2487,31,0,27,12.429590112358106,5,2,1,0
2488,34,0,46,10.164115033366276,4,2,1,0
2489,35,1,15,10.302883286802064,2,0,1,0
2490,15,0,44,10.2215668669173,1,1,1,0
2491,34,1,51,4.6208888115650435,4,2,1,0
2492,28,0,22,9.943414915852472,6,4,1,0
2493,30,0,28,12.153891374529628,8,0,1,1
2494,49,0,42,6.5593948239648885,2,1,1,0
2495,22,0,38,2.214158808839718,1,1,1,0
2496,43,0,57,9.096714663914414,3,1,1,0
2497,32,1,9,8.0982429425882,2,4,1,0
2498,32,1,34,3.3571534599213377,4,4,1,0
2499,42,1,36,9.816135667440566,2,4,0,0
2500,38,0,9,9.590877077197831,6,3,1,0
2501,40,1,15,3.6015826001250755,2,3,1,0
2502,44,1,45,13.667921667135962,0,3,0,1
2503,31,1,20,10.253363572341444,4,2,1,0
2504,28,0,8,2.329219409938487,3,2,1,0
2505,24,1,58,10.456592196755318,3,2,1,0
2506,26,1,28,10.369478211253057,1,0,1,0
2507,64,0,51,12.245024192857585,5,1,1,0
2508,47,1,19,6.128372384425296,4,3,1,1
2509,21,0,57,10.499909160020891,2,1,1,0
2510,21,1,16,7.290044283910062,4,1,1,0
2511,39,1,11,6.330545689583667,4,0,1,0
2512,40,1,42,5.4049804994798265,2,3,0,0
2513,40,0,8,2.2905703820789656,4,1,1,0
2514,32,0,33,9.621272007591287,3,0,1,0
2515,33,1,10,7.180852752454527,3,2,0,0
2516,38,0,18,0.0,1,1,1,0
2517,35,0,35,8.22606559956699,4,2,1,0
2518,12,1,43,11.473540554378724,3,1,1,0
2519,32,0,50,4.079043622592218,2,2,1,0
2520,26,0,3,5.862202754264622,3,2,1,1
2521,36,0,40,9.322765128247662,3,6,1,0
2522,64,0,27,0.3233713094379915,2,4,1,0
2523,38,1,59,6.398956100402941,4,2,0,0
2524,31,1,28,9.0398190214175,0,3,1,1
2525,44,1,46,6.316645858229265,1,0,1,0
2526,39,1,6,4.105974541725027,4,0,0,0
2527,39,1,47,4.2497339747182306,2,0,1,0
2528,41,1,14,3.1636594054236813,5,1,1,0
2529,55,0,7,6.100893798314955,3,3,0,0
2530,23,1,10,11.169985847783082,6,4,1,0
2531,39,0,15,15.08567210951064,3,1,1,0
2532,25,1,31,8.108548188329275,3,2,1,0
2533,40,1,29,10.30474573145763,3,2,0,0
2534,25,0,42,5.177533777423909,2,3,1,0
2535,30,1,54,1.725044289906875,3,1,1,0
2536,32,0,17,13.554827231118349,1,1,1,0
2537,44,1,59,6.21470377685651,5,1,1,0
2538,44,0,51,10.156124877728358,2,2,1,0
2539,22,1,29,8.475383555356588,0,2,1,0
2540,35,0,49,10.983772786507167,9,1,1,1
2541,27,0,44,10.862292981127926,3,2,1,0
2542,22,0,15,8.833176969003532,5,3,1,1
2543,32,0,26,9.163343628087162,1,1,1,0
2544,31,0,12,11.637753745920651,4,1,1,0
2545,59,1,25,6.770921371119953,4,1,1,0
2546,39,0,41,12.666844884388176,3,3,0,1
2547,21,0,5,5.876431257785216,4,5,1,1
2548,29,0,4,8.229739793610403,2,1,1,0
2549,45,1,44,9.887539573623664,3,4,1,1
2550,55,1,48,3.1127201341080415,5,3,1,1
2551,19,1,41,12.145544107379248,2,1,0,0
2552,16,1,57,9.427702503574942,3,2,1,0
2553,53,0,31,17.902915682904585,2,5,1,0
2554,38,0,3,14.242077531290892,4,0,1,0
2555,26,0,53,7.967296606988856,1,2,0,0
2556,40,1,3,13.356760107428219,1,2,1,0
2557,8,1,26,10.54200897606273,3,2,0,0
2558,35,0,50,8.693321505540377,2,2,1,0
2559,38,0,17,3.0219126223106896,3,3,1,0
2560,44,0,10,3.7293945770893053,5,2,1,0
2561,24,0,2,8.013110754748899,2,3,0,0
2562,35,1,24,6.513906119630164,1,2,1,0
2563,25,0,11,8.675567674391079,4,0,1,0
2564,37,1,24,12.117109492808904,3,2,1,0
2565,26,0,35,10.594874617513028,6,2,0,0
2566,30,1,23,5.911141751264234,3,1,1,0
2567,25,1,32,10.774873683517278,4,4,0,0
2568,41,1,23,5.257858037478446,1,1,1,0
2569,43,1,34,4.573279244046669,6,3,1,0
2570,32,1,41,9.144911203106103,4,4,1,0
2571,35,1,19,5.5564922231527465,4,4,1,1
2572,20,1,2,6.074462651704079,4,0,1,0
2573,32,1,51,10.981916192226434,4,1,0,0
2574,34,1,2,9.97290107302307,1,3,1,0
2575,61,1,15,6.8845829576499895,2,1,1,0
2576,23,1,56,3.1247030938464118,5,1,1,0
2577,49,1,21,5.794513069799099,2,3,1,0
2578,44,0,35,13.826234030495602,5,2,1,1
2579,37,0,5,10.89962124499824,2,2,1,0
2580,52,0,43,12.270772853060835,0,3,0,0
2581,38,1,27,8.768074234705624,3,0,0,0
2582,38,1,24,6.9468552275833355,4,0,1,0
2583,34,0,7,10.715577702115667,1,1,1,0
2584,47,1,6,11.845517085785882,1,2,1,0
2585,45,1,46,6.560774314113313,4,1,1,0
2586,28,0,33,5.860385591065898,3,0,1,0
2587,21,1,58,3.436221080965219,3,1,1,0
2588,32,1,49,5.784724982168408,3,0,0,0
2589,26,0,17,10.006756629031166,2,2,1,0
2590,34,1,46,6.21121734636514,2,3,1,0
2591,47,1,42,10.795190152912546,3,0,1,0
2592,30,0,30,13.901524888409435,2,2,1,0
2593,34,0,8,8.0744616638744,4,1,1,0
2594,35,1,40,7.951190717271007,2,2,1,0
2595,43,0,46,9.645834581363538,3,1,1,0
2596,12,0,7,6.27679258818501,1,1,0,0
2597,28,0,6,6.058038195495405,4,0,1,0
2598,37,1,4,6.14747692930905,2,1,0,0
2599,47,1,1,4.563267393695735,4,1,1,0
2600,30,1,15,10.699360552289054,3,0,0,0
2601,16,0,31,6.510260138780248,4,0,0,0
2602,41,1,25,11.334160776293777,5,2,0,0
2603,28,0,47,9.587848976093442,5,2,0,0
2604,23,0,33,7.931658108664745,3,4,1,0
2605,28,0,52,10.428884834186478,2,0,1,0
2606,33,0,35,5.1696152639169535,2,3,0,0
2607,28,1,55,5.658787166868467,1,3,1,0
2608,12,1,5,10.140792465671932,3,1,1,0
2609,43,0,5,1.41298267602276,3,4,0,0
2610,47,1,36,8.043833540901149,1,0,1,0
2611,41,1,17,9.771506956385835,0,1,1,0
2612,23,1,53,11.932648180066089,2,4,1,0
2613,32,0,52,12.546438997062832,1,2,0,0
2614,34,1,14,7.60914125214825,5,2,0,0
2615,40,0,58,10.310799585449312,4,1,1,0
2616,41,1,29,5.586949526503702,3,4,1,0
2617,27,0,8,6.669540682945235,6,1,1,0
2618,35,1,34,12.102981540953486,5,1,1,0
2619,39,0,40,7.880287065232843,3,2,1,0
2620,49,0,1,8.479033285492461,6,1,0,0
2621,42,1,29,4.900591279764295,4,1,1,0
2622,42,1,36,9.26770149402272,1,4,1,0
2623,35,1,51,10.262162854537138,5,1,1,0
2624,49,1,37,10.169068711190516,8,2,0,0
2625,39,0,29,4.365916598151404,2,2,1,0
2626,26,1,5,10.99983302993309,2,1,1,0
2627,49,0,53,5.005698019293405,4,4,0,0
2628,41,0,32,7.920755002738863,4,0,1,0
2629,30,1,52,3.1456424888193872,1,0,1,0
2630,30,1,24,7.461594926972088,0,2,1,0
2631,37,1,19,4.989240595515675,3,2,1,0
2632,39,1,12,6.653428520975874,2,2,1,0
2633,36,1,52,8.179731319053447,6,2,0,0
2634,38,0,1,10.481674420621246,2,1,1,0
2635,51,0,7,10.378710400076882,2,4,0,0
2636,45,1,17,0.9881111382656478,3,2,0,0
2637,36,0,34,10.034954819402483,4,3,0,0
2638,44,0,43,8.618829217534705,4,3,1,0
2639,24,0,7,6.319391922979314,1,1,0,0
2640,38,1,17,5.358778092240798,2,2,0,0
2641,53,0,59,7.8127155875746075,8,2,1,0
2642,32,1,3,8.69179405668173,3,1,1,0
2643,26,1,29,9.133646846843694,3,2,0,0
2644,28,0,22,7.408129732639793,3,2,0,0
2645,24,1,38,0.4273349590366369,2,1,1,0
2646,27,1,54,6.514090272189755,2,2,0,0
2647,31,1,43,4.448922973891621,2,2,1,1
2648,20,1,29,14.165662905549038,1,2,1,0
2649,35,0,50,8.177938296258134,5,0,1,1
2650,44,1,50,10.223360038649787,6,1,1,0
2651,25,0,54,9.905381281252303,3,2,1,0
2652,50,1,42,8.93098542788524,6,2,1,0
2653,40,1,5,6.751347140302028,2,0,1,0
2654,45,1,30,6.36851283821632,3,1,1,0
2655,28,0,23,1.9382194990029848,2,3,0,0
2656,43,0,55,8.42657940542393,3,1,1,0
2657,24,0,21,8.901142810873656,5,2,0,0
2658,43,0,56,7.856510461406259,3,2,0,0
2659,36,0,26,8.430265606145229,3,1,0,0
2660,40,1,54,4.380768998137613,3,2,1,1
2661,23,0,47,7.117858058101314,5,2,0,0
2662,26,1,21,6.050438618654635,4,3,1,0
2663,40,0,20,9.995017746905031,3,2,1,0
2664,25,1,23,8.122952984705748,1,1,0,0
2665,39,1,4,6.080562082424392,4,2,0,0
2666,21,1,21,7.520147346295093,1,1,1,0
2667,43,1,21,4.881425972837072,7,1,1,0
2668,22,0,1,7.015474619476541,5,0,1,0
2669,40,1,15,9.748060885044854,4,2,1,0
2670,41,0,17,4.0031153794352345,7,3,1,0
2671,28,0,51,7.816530191463323,4,2,0,0
2672,40,1,14,5.750195258665244,7,0,0,0
2673,37,0,59,4.005255015926998,4,1,0,0
2674,29,1,19,13.595880797866936,3,2,1,0
2675,24,0,50,11.76132205399428,1,2,1,0
2676,15,0,34,6.205810029053516,3,3,1,1
2677,38,0,6,7.1306927098130926,1,2,1,0
2678,19,0,45,1.9332625723897996,4,1,1,0
2679,35,0,49,3.222538383065241,3,1,1,0
2680,32,0,6,4.61591477890555,3,2,1,0
2681,41,0,53,7.899245074460013,3,4,0,0
2682,31,1,54,7.655835464618252,2,0,1,0
2683,31,0,5,8.995165839869864,4,1,1,0
2684,42,1,7,10.035822977210572,6,2,1,0
2685,38,0,33,8.8340278546595,1,2,1,0
2686,38,1,13,4.755776456116172,6,5,1,0
2687,39,0,51,8.972070302666197,7,2,1,0
2688,19,0,54,9.90605543389742,2,2,1,0
2689,42,1,1,6.71818225470339,3,1,1,0
2690,41,0,13,2.4607350228424973,1,0,0,0
2691,24,1,43,11.55220717533162,2,1,1,0
2692,32,0,27,8.264943648395725,2,1,0,0
2693,34,1,7,0.0,3,3,0,0
2694,33,0,52,14.210759254601586,3,0,1,1
2695,38,0,3,6.563712442745496,4,8,1,0
2696,49,1,58,15.31706956153195,0,3,1,0
2697,45,0,25,9.132093098405742,2,2,1,0
2698,21,1,33,7.3919609747864765,3,1,1,0
2699,41,0,40,8.550784172921919,4,2,1,0
2700,48,1,17,5.872184848568453,1,3,1,0
2701,38,0,45,8.18393119266811,1,2,0,0
2702,45,1,14,14.03186189962457,3,3,1,1
2703,55,1,37,5.304132709247741,3,0,0,0
2704,45,0,58,9.60009412680554,3,1,1,0
2705,37,0,56,5.840723465819345,4,1,1,0
2706,45,0,54,7.4957570467855525,2,2,1,0
2707,36,1,23,13.929831001641816,4,2,0,0
2708,35,0,59,9.579385440235605,5,4,0,0
2709,31,0,24,10.237020570420754,5,3,1,0
2710,50,0,29,8.212539188156851,5,2,1,0
2711,26,0,38,16.086466128407253,1,2,1,1
2712,50,1,59,5.15108376472773,1,1,1,0
2713,39,1,54,3.261884277387394,1,0,1,0
2714,21,1,27,13.058037751583093,5,3,1,1
2715,38,1,38,6.855249354054739,5,2,1,0
2716,13,1,53,9.230777206942323,5,0,0,1
2717,41,0,40,13.149075496398362,1,2,0,0
2718,43,0,45,9.270676511050164,2,3,1,0
2719,29,1,50,14.692454815433454,3,3,0,0
2720,36,1,23,8.408587588416495,3,2,1,0
2721,54,1,31,5.875619407974657,3,3,1,0
2722,29,0,36,0.9395504191067303,3,3,0,0
2723,24,0,17,8.901642345202994,1,1,1,0
2724,49,0,37,1.290721389484509,2,2,0,0
2725,54,1,3,8.973919223439946,1,1,1,0
2726,35,1,36,12.378614524633823,3,1,0,0
2727,45,1,55,7.948817938578606,6,1,0,0
2728,48,0,5,8.57031887854784,4,1,1,0
2729,27,1,46,10.746994089452208,5,2,0,0
2730,30,0,15,10.008602730668017,3,0,0,0
2731,47,0,52,11.481495468230094,1,1,1,0
2732,51,1,49,7.942464124498574,2,5,1,0
2733,40,0,6,1.2465943279697163,5,2,0,0
2734,26,0,59,11.528053075352187,7,1,1,0
2735,54,1,10,7.28359433794827,5,2,0,0
2736,29,1,54,5.364041958112654,3,1,1,0
2737,31,0,32,9.007806174189376,4,3,1,1
2738,38,1,23,8.559625463607873,2,1,0,0
2739,50,0,48,5.7516126098504285,3,1,1,0
2740,43,1,17,4.143246694359625,4,3,1,0
2741,39,1,46,9.405246074566335,1,2,1,0
2742,39,1,20,5.450384985780417,4,2,0,0
2743,35,1,44,8.343150425407801,4,2,1,0
2744,40,0,41,9.12033606633332,1,0,1,0
2745,9,0,15,10.904528458626276,0,0,1,0
2746,32,0,44,14.357310807078703,2,1,1,0
2747,37,0,46,8.711627603826976,3,3,1,0
2748,23,1,58,6.7239155892034255,4,3,1,0
2749,38,0,22,12.97530772102847,3,1,1,0
2750,32,0,50,11.144278186544529,3,1,1,0
2751,52,0,52,8.505149083349263,2,1,1,0
2752,50,1,6,8.709460838439744,3,0,1,0
2753,30,0,4,8.080735172424083,4,3,1,0
2754,33,1,58,8.486634514227449,6,1,1,1
2755,34,0,23,7.694403945072151,3,4,0,0
2756,30,0,44,5.075508552956103,5,5,1,0
2757,36,0,45,8.026620376557238,3,1,1,1
2758,27,1,19,13.271822651216432,3,4,1,0
2759,23,1,54,5.551873997034047,2,3,1,0
2760,41,1,45,7.186186041629131,3,3,1,0
2761,41,0,31,5.3242422015359825,2,0,1,0
2762,26,0,44,11.471996887020651,2,4,1,0
2763,43,1,52,10.489112388121136,5,6,1,1
2764,28,0,3,4.165061538938543,4,1,1,0
2765,37,1,28,1.9446127145839522,0,3,1,0
2766,43,1,3,10.597103536503838,2,0,0,0
2767,34,0,14,3.9821986340357514,4,1,1,0
2768,39,1,18,10.484799070367,5,3,0,1
2769,29,0,27,6.085780894199644,2,2,1,0
2770,33,0,51,10.084999006663296,2,4,1,0
2771,32,0,10,9.332349278505244,4,1,1,0
2772,27,1,49,6.390637654931195,3,1,1,0
2773,33,0,15,5.3630239604116685,4,5,1,1
2774,19,1,19,9.727390138672797,2,1,1,0
2775,30,1,9,5.9222428402685034,4,0,1,0
2776,32,1,4,11.326940715581307,2,2,1,0
2777,32,1,15,5.502950256235737,0,1,0,0
2778,32,0,51,9.051050962416491,3,5,1,0
2779,34,0,48,6.829386482119235,3,2,1,1
2780,39,0,8,8.01714233165837,5,5,1,0
2781,43,1,49,5.898419028166902,6,4,0,0
2782,28,1,53,7.464180693770326,2,2,1,0
2783,22,1,1,0.31474531382594506,10,1,1,0
2784,24,1,7,5.561232552921513,3,2,0,0
2785,30,1,53,6.237164949769515,1,2,1,0
2786,31,0,31,7.784370411243005,5,4,1,0
2787,27,1,18,11.879575306106481,3,1,1,0
2788,22,1,12,5.90680845201085,2,0,1,0
2789,30,0,48,12.241955470993407,2,4,1,1
2790,36,1,30,5.415744085707333,6,1,1,0
2791,40,0,33,4.6756341076724866,1,4,1,0
2792,29,1,59,2.347351194434083,2,1,0,0
2793,30,1,47,9.820353940863011,5,5,0,0
2794,25,1,7,8.258067275122686,2,1,1,1
2795,34,0,28,9.642608657845983,4,1,0,0
2796,26,1,49,8.394862066966798,3,0,1,0
2797,40,1,3,7.9724085078472235,3,1,1,0
2798,17,0,43,8.853271221355914,3,4,1,0
2799,31,1,6,14.457458398391953,1,3,0,0
2800,38,1,31,6.578185411930464,1,3,1,0
2801,36,1,38,14.162966616688196,4,2,1,0
2802,61,0,15,10.557089404401072,4,3,1,0
2803,38,0,7,9.095593725234274,2,2,1,0
2804,24,1,43,9.663585710065426,4,1,0,0
2805,34,0,30,0.0,2,5,1,0
2806,17,0,27,7.215009247307672,2,1,1,0
2807,34,1,17,5.989299913359689,3,1,1,0
2808,26,1,55,14.337179984943281,3,1,1,0
2809,44,1,18,6.975804040599174,2,0,1,0
2810,29,0,22,7.910600071415536,2,2,1,0
2811,33,0,56,7.861868796884872,2,6,1,1
2812,28,0,53,4.080402075013399,1,2,1,0
2813,52,0,26,6.319335116705397,2,2,1,0
2814,31,1,51,10.450693733919682,3,2,1,0
2815,53,1,27,1.6045796472435399,1,2,1,0
2816,43,0,40,8.934057149042152,3,5,1,1
2817,39,0,24,5.295560633424705,1,0,1,0
2818,38,0,52,11.899756934185435,1,1,0,0
2819,38,0,8,9.18476530162408,3,2,1,0
2820,15,0,21,3.4406963515698816,4,3,1,1
2821,32,1,29,6.751564350464817,7,1,1,0
2822,43,1,43,9.360680090793766,2,1,1,0
2823,34,1,21,7.088137810788376,3,3,0,0
2824,20,0,3,8.43536099878281,2,4,1,0
2825,34,1,31,7.942289716807822,4,1,0,0
2826,52,1,55,10.600463257749972,1,3,1,1
2827,47,1,27,9.318697323997817,3,2,0,1
2828,34,0,46,7.855374843072317,6,0,0,0
2829,44,1,27,8.05375321466575,1,2,0,0
2830,31,1,9,4.751497812250864,4,2,1,0
2831,17,1,57,12.402146031606478,3,1,0,0
2832,25,0,33,16.886641593261633,3,1,1,0
2833,50,0,33,7.008952260345586,2,3,1,0
2834,32,0,26,8.143098412620885,3,1,1,0
2835,32,0,28,11.045140830375427,4,2,1,0
2836,32,1,44,11.02840901747638,1,3,1,0
2837,54,0,43,8.534929868947081,3,2,0,0
2838,51,0,31,5.071492944594386,4,0,0,0
2839,57,0,53,13.454476510027362,4,3,1,0
2840,33,0,1,10.043702959985,3,1,1,0
2841,37,0,20,8.661646720685667,2,1,1,0
2842,19,1,12,5.83151710958428,4,1,1,0
2843,49,1,17,8.173865505923516,6,2,1,0
2844,23,0,15,2.556657898212353,3,1,0,0
2845,37,0,34,10.22271389915338,7,0,0,0
2846,24,0,50,10.954204057253616,3,3,1,0
2847,29,0,16,8.689276975828262,2,0,0,0
2848,26,1,4,5.119241226743114,2,3,1,0
2849,28,1,8,9.355692758349413,5,1,1,0
2850,29,1,34,10.362074140083006,4,2,1,0
2851,29,1,46,5.770290899665717,1,1,1,0
2852,43,0,25,10.801976669461357,3,2,1,1
2853,23,1,15,9.573552303782527,1,2,1,0
2854,37,1,28,7.1779510585427095,5,4,1,0
2855,47,1,9,6.327033262704043,4,2,1,0
2856,29,0,2,7.463376185455833,0,4,0,0
2857,27,1,17,5.087996697851678,2,0,0,0
2858,32,1,58,8.780788189732913,2,1,1,1
2859,46,1,10,9.6754535623377,3,2,1,0
2860,36,0,9,11.505789778386468,6,1,1,0
2861,29,1,31,8.892345815671847,3,3,1,1
2862,39,1,2,9.173953298631607,3,2,0,0
2863,23,1,24,7.195976772483928,3,2,1,0
2864,41,1,19,5.377689311411981,3,5,1,0
2865,39,1,17,6.710204087227376,2,1,1,0
2866,31,0,43,12.284212435707463,1,2,1,0
2867,26,1,49,9.902242810258928,1,2,1,0
2868,26,0,10,9.222191532933111,2,1,1,0
2869,40,1,50,2.553887630909764,1,3,1,0
2870,47,0,55,8.938439950231096,4,2,0,0
2871,28,1,28,4.010952177822115,5,2,0,0
2872,39,1,38,4.224894217085351,5,2,1,0
2873,14,1,48,4.560942173464756,2,2,1,0
2874,29,1,28,5.6814996198911025,4,2,1,0
2875,34,1,59,10.500168469884235,2,1,0,0
2876,25,1,50,8.679776378533994,4,2,1,0
2877,25,0,52,5.170561166067493,4,4,1,0
2878,28,0,50,6.257776645149587,7,1,0,1
2879,37,0,1,9.494943261359714,2,1,1,0
2880,33,0,3,10.093421407200964,2,2,1,0
2881,12,1,15,8.400899579566202,9,3,1,0
2882,13,1,52,4.557528754778675,4,6,1,0
2883,28,1,10,6.7624217823881505,5,1,1,0
2884,39,0,21,15.142974468018023,1,5,1,1
2885,7,0,37,4.367377900646995,0,1,1,0
2886,30,1,15,9.124798605343047,4,6,1,1
2887,29,1,23,14.362498986002107,3,1,0,0
2888,48,0,14,7.179547300085113,1,1,1,0
2889,31,1,15,13.501411578091343,6,5,1,0
2890,38,1,10,5.936946137710134,1,3,1,0
2891,36,0,56,2.0753149067918013,0,0,1,0
2892,13,1,9,6.26216608116142,1,1,1,0
2893,42,0,44,5.72688499588218,1,5,1,1
2894,37,1,39,2.989465422751321,6,2,0,0
2895,40,0,5,6.747653092834042,3,1,1,0
2896,74,0,25,10.97298853917485,2,1,1,0
2897,14,1,56,6.217639434365294,7,2,1,1
2898,52,0,42,6.871990528811078,4,3,1,0
2899,32,1,57,12.111525959324704,2,4,1,0
2900,37,0,26,5.755187006077805,2,0,0,0
2901,34,0,8,9.856782840785712,3,3,1,0
2902,30,0,22,2.8777012686533485,1,0,1,0
2903,29,0,52,5.101573913630491,1,1,1,0
2904,38,1,25,7.359706804405276,2,1,0,0
2905,19,0,48,11.627359429851786,3,1,0,0
2906,42,1,12,5.262379947738281,3,3,1,0
2907,30,1,9,5.226320515387497,6,2,1,0
2908,23,1,10,8.817057462775889,8,2,0,0
2909,30,0,48,9.298659483921346,2,3,0,0
2910,47,1,10,4.893206075660222,2,2,1,0
2911,29,0,9,6.434312787175278,2,3,1,0
2912,38,0,26,11.259982483552946,1,0,1,0
2913,27,0,35,4.459972737957941,3,0,1,0
2914,42,0,27,9.024430217141237,1,4,0,1
2915,41,0,31,6.447399533260417,4,1,0,0
2916,53,1,19,12.207744251129203,4,4,0,0
2917,33,0,43,9.741259269402075,4,5,1,0
2918,41,0,38,10.641688682923002,2,1,1,0
2919,35,1,6,6.3872478344361205,1,2,1,0
2920,47,0,15,10.47354546805579,2,1,0,0
2921,27,0,29,10.39543103133574,2,1,1,0
2922,42,0,47,9.558466622444037,5,1,0,1
2923,33,1,45,7.1521721975263235,3,0,1,0
2924,34,0,54,8.487816035150114,2,1,1,0
2925,35,0,5,2.4418713954041635,6,2,0,0
2926,37,1,14,13.277013854038666,4,1,0,0
2927,33,1,53,6.18823221876885,4,2,0,0
2928,37,1,2,6.995447811166463,2,1,1,0
2929,50,1,23,4.0466044027417984,1,6,0,0
2930,44,0,44,10.018684598897437,2,2,1,0
2931,43,0,52,9.587630131733103,5,4,1,1
2932,30,0,46,7.113451120233445,3,2,0,0
2933,26,0,19,0.9959826550528739,4,0,1,0
2934,44,0,24,5.865333517911509,1,2,1,1
2935,43,0,20,9.380068096382951,4,3,1,0
2936,49,1,47,8.75426482221394,5,1,1,0
2937,28,1,27,7.861395586673104,3,2,0,0
2938,32,0,52,6.728157013775631,1,3,0,0
2939,18,1,24,3.264139554712683,3,2,1,0
2940,31,0,17,10.891611556998217,2,1,1,0
2941,44,0,25,3.6796366127617626,5,1,0,0
2942,30,1,46,7.387252063762067,3,2,1,0
2943,41,0,55,4.895326943932648,2,1,1,0
2944,33,0,31,10.981069028901913,3,1,1,0
2945,38,0,28,9.746082060851805,1,2,1,0
2946,23,1,50,6.928393126217925,1,3,1,0
2947,35,1,59,10.073552475131727,4,3,1,0
2948,5,0,28,3.524782077375905,5,3,1,0
2949,33,1,22,7.761506162394201,1,1,1,0
2950,18,1,56,4.8354097105292295,3,0,1,0
2951,47,1,59,11.075189888153353,3,0,0,0
2952,42,1,5,9.122868530392537,2,2,1,0
2953,39,0,54,9.949829053437181,2,5,1,0
2954,50,0,44,6.340273447392736,4,2,1,0
2955,25,1,42,10.234433147590279,4,1,1,1
2956,52,1,8,4.649059074228415,1,5,0,0
2957,44,1,38,5.079422574057635,2,4,1,0
2958,32,1,28,7.47453063692132,3,0,1,0
2959,46,1,57,5.195830457574497,0,2,1,0
2960,23,1,47,10.128814664488363,1,2,1,0
2961,26,1,12,6.579631221035909,7,3,1,0
2962,28,1,57,4.758021711277252,3,2,1,0
2963,29,1,25,4.369454284708153,2,1,1,0
2964,24,0,38,10.092179978585836,7,1,1,1
2965,47,0,44,0.36777344379781773,4,2,0,0
2966,32,0,15,4.9668834117974,1,4,1,0
2967,38,1,44,12.20871435188657,3,1,1,0
2968,29,1,41,6.966910007969418,2,0,0,0
2969,16,1,51,10.14935957915791,3,3,1,0
2970,37,0,53,9.282497962676052,11,3,1,1
2971,15,0,34,7.427377092938664,4,1,1,0
2972,34,1,45,3.023268251350153,1,3,1,0
2973,21,0,13,4.022389733826557,2,2,1,0
2974,54,0,8,3.971841005486615,3,0,0,0
2975,44,0,59,9.44615218490093,2,0,1,0
2976,36,0,13,10.008741720440916,2,2,1,0
2977,47,1,36,5.363556262885641,2,2,1,0
2978,26,0,6,7.7636845117493,2,2,1,0
2979,40,1,38,8.024344095416634,2,1,0,0
2980,36,0,32,8.234585395080275,7,3,1,0
2981,37,1,21,5.714040061637505,3,1,1,0
2982,47,0,44,12.91416679511282,0,2,1,0
2983,42,1,44,10.033622559126009,5,2,1,0
2984,37,1,49,8.219251294372516,2,2,0,0
2985,18,0,59,6.443509457240344,4,1,1,0
2986,25,1,7,5.499294645492384,2,2,1,0
2987,33,1,26,9.193685280397846,3,4,0,0
2988,35,0,15,6.57868385669228,3,1,0,0
2989,23,0,56,8.401195779786041,8,4,0,1
2990,59,1,49,2.302066487464299,5,2,0,0
2991,50,1,42,6.410618539073915,7,1,1,0
2992,41,0,23,7.672736308649978,3,2,0,0
2993,35,0,52,10.903436632413605,2,1,0,0
2994,32,1,38,5.233027831196791,4,2,1,0
2995,25,1,41,3.542500281358449,4,2,1,0
2996,35,1,15,9.334166786222532,3,3,1,0
2997,37,0,48,7.807830696062782,3,4,1,0
2998,22,1,53,2.833929257556142,0,1,1,0
2999,38,0,40,2.9835214590665142,3,1,1,0
3000,33,0,16,6.059372293789204,1,0,0,0
3001,15,1,32,7.748757837044861,1,0,1,0
3002,26,1,37,12.167855387280795,3,2,0,0
3003,30,0,18,4.756582001980132,2,2,0,0
3004,53,0,20,9.616331380756849,3,0,1,0
3005,40,1,46,2.1174476065013215,3,3,1,0
3006,21,1,2,9.082882663175154,1,2,1,0
3007,39,1,55,12.519754538400722,3,1,0,0
3008,19,1,23,8.425114149961795,3,5,0,0
3009,45,0,30,5.995506227679417,4,2,0,0
3010,30,1,3,11.697608465001707,1,1,0,1
3011,34,1,46,9.046645493911015,1,3,1,0
3012,48,1,39,8.460783820206535,2,5,1,0
3013,22,1,47,4.946801179731619,2,2,1,0
3014,21,1,49,9.09130972018349,2,1,1,0
3015,29,0,1,5.9458515369557965,3,2,1,0
3016,45,0,41,8.934326253887,0,3,0,1
3017,19,1,22,8.145617419467905,6,1,1,0
3018,6,0,29,11.252349637714719,2,1,1,0
3019,30,0,14,6.271982238514282,5,0,0,0
3020,40,1,48,7.551959814011655,0,3,1,0
3021,47,1,28,10.394939710703413,2,1,1,1
3022,30,0,21,7.291887285339376,5,2,0,0
3023,30,1,45,7.935421562933551,4,2,1,0
3024,46,1,32,6.779805855454461,2,2,1,0
3025,16,1,6,7.509062483554914,2,3,0,0
3026,31,1,54,10.012872716287436,3,2,1,0
3027,36,0,1,13.507737200602485,1,2,0,0
3028,39,0,21,2.9644964343552873,3,4,0,0
3029,29,0,57,4.204943215059609,6,0,1,0
3030,35,1,4,7.575571389603209,2,2,1,0
3031,10,1,3,8.148931290702556,3,1,0,0
3032,28,1,49,7.3470443276448,1,2,0,0
3033,39,1,30,6.340164281395788,0,3,0,0
3034,25,1,31,4.30292748703597,2,4,1,0
3035,35,1,34,6.167705278603124,3,0,1,0
3036,39,0,19,10.451709856993665,6,1,1,0
3037,31,0,20,8.279200328844677,1,1,1,0
3038,36,1,23,10.026685693714708,2,1,0,0
3039,25,0,54,4.3897577900866125,4,4,1,0
3040,32,0,59,12.332429962138601,3,3,1,0
3041,41,1,40,6.3143460462125445,6,2,1,0
3042,36,0,25,9.425604883841293,2,3,1,0
3043,29,1,15,7.62475840408995,4,3,1,0
3044,37,0,38,6.379956984289813,6,3,1,0
3045,42,0,23,9.298455623795968,2,4,1,0
3046,14,0,52,9.801529391681562,3,3,0,0
3047,46,1,2,16.064042871473177,1,3,1,0
3048,31,0,57,9.917809842433385,6,3,0,0
3049,39,1,57,9.872807463022475,4,3,1,0
3050,46,1,15,11.43464487109442,2,0,1,0
3051,21,1,52,9.5955620614214,4,3,1,0
3052,27,0,44,7.883855693160468,4,4,0,0
3053,32,0,35,8.97717510273089,2,0,0,0
3054,27,1,10,10.56442110695408,5,2,1,0
3055,52,1,14,12.172289516100442,2,2,1,0
3056,26,1,27,3.4679458897578215,2,4,1,0
3057,29,0,54,2.3292780075890116,3,1,0,0
3058,37,1,14,12.04512634501414,4,1,0,0
3059,22,0,35,5.607618431580729,2,2,1,0
3060,31,0,33,3.0262010188371224,3,2,1,0
3061,38,0,52,2.744109395883255,5,1,1,0
3062,31,0,1,13.40554407690767,4,0,0,0
3063,34,0,34,10.632838443583971,2,0,1,0
3064,29,0,19,5.614721556084943,4,1,1,0
3065,19,1,24,5.73873697829791,2,2,1,0
3066,38,0,42,8.164589861468425,3,2,1,1
3067,52,1,4,10.578171493459553,2,1,0,0
3068,35,0,36,7.117976716602866,2,1,1,0
3069,37,0,13,5.641915176790298,4,4,1,0
3070,41,0,58,11.405139685609072,0,1,0,0
3071,22,0,32,7.922485565851601,1,3,1,0
3072,52,1,9,7.425122253027746,6,4,1,0
3073,37,0,39,9.776373874236045,3,1,0,0
3074,51,1,16,1.5910048650920494,4,0,1,0
3075,27,0,50,9.422404403549292,6,2,1,0
3076,53,1,3,9.232748400779101,4,0,1,0
3077,42,1,52,3.8632503538480023,3,0,0,0
3078,40,0,20,2.1758806130519694,2,3,1,1
3079,37,0,10,6.306915339316522,6,3,0,0
3080,32,0,56,8.548920080915785,8,0,1,1
3081,47,1,58,8.85461305223253,5,4,1,0
3082,36,0,58,13.11213943946575,2,2,0,0
3083,15,1,22,8.550258377063608,1,1,1,0
3084,23,1,48,3.8035200195153047,6,1,1,0
3085,33,1,3,7.247085667910005,3,0,1,0
3086,38,1,11,4.10406981503335,1,2,1,0
3087,34,1,25,7.462689339102048,2,2,1,0
3088,47,0,42,12.226732272448777,1,2,1,0
3089,15,1,48,9.377728419137933,5,4,1,0
3090,36,1,8,5.837645609570035,3,0,1,0
3091,16,0,9,9.777022309464172,2,3,1,0
3092,42,1,15,5.666653508886803,4,2,0,0
3093,34,0,32,0.0,5,0,1,0
3094,39,1,53,4.2995482702396215,3,2,1,0
3095,26,1,3,9.375321205559894,2,1,1,0
3096,47,0,4,10.317008120882928,6,4,1,1
3097,45,1,30,13.15294306004242,0,0,1,0
3098,40,0,13,9.02353888701007,2,2,1,0
3099,33,0,44,12.041477880225814,6,0,1,0
3100,40,0,21,9.890279474394514,3,2,1,0
3101,27,1,41,10.812208131416098,4,2,0,0
3102,43,0,57,11.305161459767238,1,2,1,0
3103,51,0,46,9.461051469260843,4,4,0,1
3104,45,1,19,11.224546165041907,2,1,1,0
3105,27,0,39,5.904340851851847,1,2,1,0
3106,38,0,48,0.7201461193064009,2,2,1,0
3107,22,0,22,9.952219112279476,3,0,1,0
3108,40,0,20,9.124335592576019,3,0,1,0
3109,39,0,37,5.374183704274994,3,1,0,0
3110,16,0,31,4.212642795006016,4,4,1,0
3111,23,1,10,8.392024699677858,3,1,1,0
3112,32,1,18,10.150765857156532,4,1,1,0
3113,31,0,43,9.559730217009756,3,1,1,0
3114,22,0,39,4.94106399276488,1,1,1,0
3115,38,0,46,5.613848961887883,1,2,1,0
3116,37,1,20,10.00845606552415,1,3,1,0
3117,33,0,18,8.218058375191102,4,2,0,0
3118,27,0,11,11.180461744237252,3,0,1,0
3119,45,1,22,7.030184180854198,7,1,0,0
3120,51,0,59,10.21857440241288,7,4,1,1
3121,30,0,44,7.881050521911444,4,2,1,0
3122,28,1,18,5.831596288706082,4,2,1,0
3123,39,1,58,10.784488500530347,3,1,1,0
3124,31,0,34,5.022317253821475,10,0,1,0
3125,33,1,23,8.222455687793333,3,1,1,0
3126,42,0,1,8.532459246433442,4,1,1,0
3127,15,1,55,7.639133865488611,2,3,1,0
3128,48,0,10,10.97239850037609,5,0,0,0
3129,35,1,53,9.717846176170482,2,3,1,1
3130,30,1,1,9.36028546766705,3,4,1,1
3131,34,1,38,8.205389193115188,2,3,0,0
3132,34,1,39,13.568983140087461,3,2,1,0
3133,17,1,49,12.394001776645402,4,1,1,0
3134,49,0,9,10.758287347515358,2,0,1,0
3135,35,0,31,10.26530819238019,5,2,1,0
3136,39,1,7,6.193225468153862,3,1,1,1
3137,44,1,17,7.852762387319544,3,1,1,0
3138,24,0,35,9.907462709442855,4,1,1,0
3139,39,1,48,11.154743136279482,4,2,1,0
3140,32,1,37,10.67614341028182,4,1,1,0
3141,43,1,52,9.742886884170805,0,3,1,0
3142,13,1,18,14.001877796643003,2,7,1,1
3143,34,0,33,7.5932355709135,6,2,1,1
3144,28,0,4,11.039569413531167,2,2,1,0
3145,39,0,23,10.674320140202493,4,2,1,0
3146,39,0,11,9.332197933770082,3,3,0,0
3147,27,1,52,9.441500699406976,4,4,1,0
3148,27,1,9,9.381034414476932,3,2,1,0
3149,33,1,30,5.87529104250595,2,4,1,0
3150,26,1,8,9.20258303440048,2,4,1,0
3151,43,0,40,10.244841941445793,1,2,0,0
3152,31,0,5,8.965809332568913,3,2,0,0
3153,5,0,12,2.4737517271736325,1,1,0,0
3154,31,0,1,3.2414933991773998,6,0,1,0
3155,24,1,15,5.54530404949298,1,4,1,0
3156,18,0,25,7.664218248784877,0,0,1,0
3157,22,0,18,5.7063592846774664,4,3,0,0
3158,36,0,38,9.937736046257605,1,1,1,0
3159,48,1,42,11.57599674659685,4,1,0,0
3160,38,0,46,12.001009223443864,1,1,1,0
3161,28,0,53,9.010433817162394,3,1,0,0
3162,39,0,26,11.252483050864598,3,0,1,0
3163,30,1,40,6.3123446791438,2,3,1,0
3164,28,0,59,7.545038983897388,4,0,1,0
3165,23,1,3,4.499035453578008,5,3,0,0
3166,17,1,54,11.620698046915194,1,5,0,0
3167,31,1,22,13.897837556019653,3,1,0,0
3168,36,1,26,6.954206850395513,6,3,1,0
3169,34,0,19,1.489517184319535,1,2,1,0
3170,30,0,44,5.1337944046803425,3,0,0,0
3171,25,0,44,6.0494831837415255,1,4,1,1
3172,41,1,47,4.021391631908929,3,0,1,0
3173,21,0,39,4.909077048279963,4,3,0,0
3174,42,0,59,8.613854676771384,4,2,1,1
3175,24,1,36,9.979167408163311,3,1,1,0
3176,27,1,21,1.8068271079134668,3,1,1,0
3177,20,0,41,6.403515459555651,3,3,1,0
3178,29,1,54,8.113028614125763,1,2,1,0
3179,44,1,48,4.799697335946017,2,2,1,0
3180,40,0,26,8.708552465893671,4,1,1,1
3181,44,0,13,7.646510847220237,2,3,0,0
3182,40,1,36,6.654228135649813,5,2,0,0
3183,23,1,24,5.406525164730088,0,0,0,0
3184,31,0,41,8.820223369251181,3,0,1,0
3185,27,0,26,5.709537125859122,2,0,1,0
3186,48,1,21,2.8009586345259825,5,1,1,0
3187,23,1,18,8.066297970652807,6,0,1,0
3188,43,1,15,4.282930219070411,3,2,1,0
3189,43,0,15,3.061411098863875,1,2,1,0
3190,53,0,6,8.388566234809657,4,1,1,0
3191,30,1,43,7.511272531142054,1,4,1,0
3192,42,0,31,5.400990148436414,4,2,1,0
3193,57,1,28,8.68682073168883,1,1,0,0
3194,28,1,8,9.271796934840644,4,1,1,0
3195,19,0,29,8.71948561377072,1,2,0,0
3196,16,1,21,8.610574265644614,5,3,1,0
3197,42,0,17,3.1838509188205837,2,3,1,0
3198,16,1,56,11.87971115704882,5,1,0,0
3199,31,0,57,9.67241158427561,2,0,1,0
3200,39,0,49,5.147627244401674,3,2,1,0
3201,36,1,24,7.964725824818357,2,2,1,0
3202,39,1,58,8.534872823376976,1,0,1,0
3203,37,0,50,7.881980132217918,7,0,1,0
3204,47,1,36,13.379182975431448,4,3,1,1
3205,25,0,31,2.164244909116249,3,2,1,0
3206,28,0,47,3.5714076778822728,6,4,1,0
3207,27,0,34,1.1031924825118455,1,2,1,0
3208,43,0,2,8.239628162810677,3,1,0,0
3209,44,0,42,9.63204481491924,5,3,1,1
3210,39,0,3,9.084797102436507,3,1,1,0
3211,46,0,30,7.132627109646497,3,2,1,0
3212,23,0,8,9.219620881255942,1,3,0,0
3213,51,0,52,7.110651456205827,4,0,0,0
3214,50,1,7,10.222177048947925,4,3,1,0
3215,42,0,12,11.321882772156831,5,2,1,0
3216,52,1,58,5.206435902639374,2,3,0,0
3217,18,1,19,7.1370876168889605,2,0,1,0
3218,29,1,26,7.623003844182435,2,1,0,0
3219,27,1,28,12.276299838588896,3,4,0,0
3220,42,1,15,5.559673831983629,3,0,1,0
3221,24,0,14,11.292988434789802,2,4,0,0
3222,42,1,48,3.6018209888051915,2,1,1,0
3223,48,1,59,11.73063680329342,2,3,0,1
3224,41,1,14,10.555650228131135,5,1,1,0
3225,37,1,3,7.5330273851303,2,2,1,0
3226,25,0,50,10.750021135541552,3,4,0,0
3227,26,1,29,6.497178388410255,4,3,1,0
3228,47,1,54,5.2315611500526975,2,2,0,0
3229,42,0,6,13.119387367240424,1,4,0,0
3230,34,0,49,6.376456536399617,5,3,1,0
3231,30,1,23,10.031007191941207,4,1,1,0
3232,14,1,28,11.326524257215118,4,3,1,0
3233,24,0,14,10.418996057176791,3,3,1,0
3234,54,1,14,9.797815012618251,3,2,1,0
3235,22,0,20,10.040528240189829,6,4,1,0
3236,36,0,13,11.17235941830258,1,2,0,0
3237,45,0,27,8.953165205038802,5,2,0,0
3238,22,0,35,7.88107376631526,5,3,1,1
3239,36,0,45,3.893178329890417,5,3,0,0
3240,44,0,56,8.954380587121088,6,3,0,0
3241,35,1,2,11.085015130873643,2,2,1,0
3242,63,1,41,4.697833401009525,3,2,1,0
3243,18,0,45,7.312829833574931,6,2,1,0
3244,45,0,40,9.276119320396965,1,4,1,0
3245,33,0,48,12.537097392113807,2,2,1,0
3246,42,1,24,4.524292527361007,4,1,1,0
3247,39,0,29,10.380357466503304,1,1,0,0
3248,27,0,3,6.926639274557564,2,0,1,0
3249,37,1,45,5.979102270708454,3,3,0,0
3250,16,1,4,5.245975204655901,0,2,1,0
3251,41,0,50,6.033372392567176,3,7,1,0
3252,37,0,2,9.497319325939769,2,2,1,0
3253,41,0,20,7.316686171268109,0,1,0,0
3254,45,1,54,10.142712403195127,2,1,1,0
3255,38,1,53,4.634453466955589,3,2,1,0
3256,36,0,15,10.090991308769446,0,1,0,1
3257,26,1,49,9.301380215057028,2,2,1,0
3258,27,0,32,3.4766106662324283,3,3,0,0
3259,46,0,42,12.518699706190661,1,1,1,0
3260,49,0,1,9.019714788997163,6,2,0,0
3261,32,0,38,10.296292187705285,3,2,1,0
3262,35,0,35,11.468407245936918,1,2,1,0
3263,25,0,51,10.90512549906044,2,2,1,0
3264,46,0,7,7.6216927503255265,4,2,1,0
3265,41,0,45,10.175480400210207,1,3,0,0
3266,54,1,13,2.5698706324159453,5,2,1,0
3267,26,0,49,9.181298726912123,5,1,0,0
3268,31,0,1,13.197455023086876,1,1,1,0
3269,37,1,14,5.913867603548711,2,4,1,0
3270,41,1,29,10.746360563232095,2,2,1,0
3271,32,1,58,13.318951556291067,4,2,1,0
3272,26,0,3,10.06762060894723,2,0,1,0
3273,43,0,46,11.076220175425966,2,2,0,0
3274,42,1,24,3.2915826408445454,3,0,1,0
3275,25,1,1,5.195227755683468,6,1,1,0
3276,48,0,48,12.289205798570212,2,2,0,0
3277,46,1,10,10.881050457070906,3,2,1,0
3278,36,0,13,9.488063190563745,3,3,1,0
3279,35,1,36,7.2061651932959645,3,3,0,0
3280,40,1,9,8.85386314261122,3,1,1,0
3281,26,1,14,13.214440274978418,4,1,0,0
3282,35,1,36,7.6942928846737155,1,2,1,0
3283,13,1,10,10.097753266486292,2,5,1,0
3284,43,0,40,10.018939881409079,0,0,0,0
3285,19,0,23,6.002447231949037,2,3,0,0
3286,50,0,35,6.2339460694872955,6,1,1,0
3287,31,0,55,12.581039783677976,4,4,1,1
3288,32,1,7,9.710389836553537,3,0,1,0
3289,28,0,42,5.958972142700379,4,2,0,1
3290,32,0,35,7.066162148361391,2,0,0,0
3291,49,1,2,5.043236537985331,0,1,1,0
3292,10,1,15,11.199504977543125,3,1,0,0
3293,47,0,9,7.244699518788893,0,0,1,0
3294,38,0,47,7.284662998551314,2,2,1,0
3295,22,0,17,10.522755909591307,3,2,1,0
3296,24,1,39,2.961720141845862,3,3,1,0
3297,51,0,52,7.889291477813698,3,0,0,0
3298,25,1,18,7.967296408701858,6,2,1,0
3299,23,0,15,7.143174447832866,2,3,0,0
3300,46,0,18,6.351386604266152,5,2,0,0
3301,38,1,24,5.86982283013847,6,1,1,0
3302,25,0,23,8.847351467795717,4,2,0,1
3303,37,0,12,4.969740623421372,3,2,1,0
3304,24,0,23,8.483554766755576,3,2,0,0
3305,46,0,21,6.341285184887603,2,1,0,0
3306,45,1,26,6.540783440523761,4,3,1,0
3307,40,0,8,8.590973468350375,6,5,0,0
3308,38,0,30,6.5072277660674125,3,3,1,0
3309,52,0,34,11.80113398758781,3,3,1,1
3310,34,1,2,7.579801921167074,2,1,0,0
3311,23,1,5,11.139945082525339,6,2,1,0
3312,39,1,31,5.7142164678371525,2,3,0,0
3313,55,1,33,5.647695879495177,3,3,0,0
3314,24,0,54,3.0108334553584424,3,2,1,0
3315,31,0,4,6.52352727562389,1,3,1,0
3316,39,0,6,7.302182291032227,1,3,1,0
3317,34,0,23,8.231084062537617,2,5,1,0
3318,25,0,45,10.092052233914202,1,1,1,0
3319,46,1,19,9.874386168408504,5,6,0,0
3320,58,1,43,11.40692380302442,0,3,1,0
3321,36,1,45,5.338095898891405,3,2,1,0
3322,25,0,8,8.092472613282693,5,0,1,0
3323,19,1,39,4.999497345653764,2,1,1,0
3324,37,1,13,9.242703257904587,3,3,0,0
3325,46,1,1,13.412765411233678,4,2,1,0
3326,39,0,6,4.410715384696379,3,0,1,0
3327,34,0,7,10.062643143863673,2,2,0,0
3328,29,0,48,11.145922127361931,4,1,1,0
3329,24,0,27,5.321816086888156,1,1,1,0
3330,43,1,15,9.308984584709657,1,1,0,0
3331,44,0,52,6.920200485557409,4,2,1,0
3332,19,0,34,7.636502321590986,2,1,1,0
3333,50,1,58,6.820844312363758,4,3,0,1
3334,40,1,57,7.325373866142304,2,1,1,0
3335,48,0,23,11.466589329072374,1,1,1,0
3336,21,1,48,7.762576582262498,3,4,0,1
3337,21,0,49,6.194992468677675,2,1,0,0
3338,33,0,24,8.206992683487453,2,1,1,1
3339,40,0,15,1.633599761976587,4,1,1,1
3340,52,1,35,5.549311735465581,6,1,1,0
3341,42,1,4,11.745773408748057,4,2,0,0
3342,32,0,44,7.563964056536784,3,3,1,0
3343,24,1,37,6.565897962104753,3,1,1,0
3344,47,0,17,8.51890942386748,3,2,1,0
3345,25,1,31,10.20985979870171,1,3,1,0
3346,51,0,38,11.986224290297748,0,2,0,0
3347,32,0,10,6.646921644153782,2,4,1,0
3348,50,1,54,6.7159422328738945,1,1,1,0
3349,41,1,50,7.330483277081393,3,0,1,0
3350,33,0,27,11.087482482408882,1,1,1,1
3351,29,0,42,8.17112505403688,6,1,1,0
3352,31,0,6,14.497639224173573,2,2,1,0
3353,39,0,56,7.516975501415897,3,0,1,0
3354,35,1,6,13.290456822253233,3,0,0,0
3355,29,1,52,5.320908494274443,0,0,1,0
3356,33,0,15,3.830458801828242,3,1,0,0
3357,35,0,4,7.695713320459531,3,3,0,0
3358,13,1,57,11.418160791548488,2,3,1,1
3359,39,0,48,6.569061832031787,3,1,1,0
3360,25,1,54,6.150389218615233,1,2,1,0
3361,23,0,56,11.075044088344866,3,2,1,1
3362,18,1,40,10.11529921071421,3,3,0,0
3363,17,1,7,5.622754544900356,7,3,1,0
3364,21,1,51,5.447341099916629,0,0,1,0
3365,27,1,58,10.487876334025646,6,2,1,0
3366,54,0,49,3.1043882506010547,4,2,1,0
3367,29,1,53,11.23857054815051,4,4,0,0
3368,36,1,45,10.075486373935206,3,0,1,1
3369,39,0,47,1.1572636753764804,7,2,1,0
3370,36,0,26,8.04670482443781,3,4,1,0
3371,34,0,58,2.0633955195797116,2,0,1,0
3372,23,0,31,4.384732500908736,6,1,1,0
3373,49,0,2,6.491086967280117,2,0,1,0
3374,53,1,28,4.196634307215038,2,4,1,0
3375,18,0,42,14.654482716332677,5,1,1,0
3376,24,1,13,10.592174160842536,2,1,1,0
3377,32,0,18,12.102317129489181,1,1,1,0
3378,25,0,30,7.57914047495545,5,0,1,0
3379,40,0,55,8.091402220412013,0,2,1,0
3380,27,0,11,12.74218112719555,3,1,0,1
3381,56,0,13,9.301197182084056,1,0,1,0
3382,46,0,51,9.836725404343328,3,1,0,0
3383,37,0,24,5.266461244569204,3,3,0,0
3384,45,1,57,5.252564587473426,3,0,0,0
3385,46,1,29,8.78311994776072,2,4,0,0
3386,29,0,56,9.118908011628722,5,4,0,0
3387,26,1,54,5.008726627203964,6,3,1,0
3388,35,1,5,9.075370898683563,5,1,0,0
3389,43,0,35,4.334991193270357,2,0,1,0
3390,36,1,19,8.041490599171091,2,0,1,0
3391,19,1,55,3.687538113478487,7,4,0,0
3392,26,0,13,11.983971764551855,3,2,1,0
3393,34,0,5,7.066333644095664,4,1,1,0
3394,34,0,44,5.919294471445914,2,1,0,0
3395,54,0,14,4.562785150843846,2,2,1,0
3396,21,1,38,4.27404392015552,2,1,1,0
3397,40,0,22,9.309230716062125,7,1,1,0
3398,49,1,9,11.0114056689066,0,8,0,0
3399,57,1,49,10.71119835289523,8,4,0,0
3400,30,1,40,12.189774687566743,5,0,0,0
3401,39,1,26,13.244541374207778,4,3,1,1
3402,40,0,45,10.873780596008714,6,2,1,1
3403,36,0,5,6.491321423710003,2,3,0,0
3404,34,1,29,8.50844314226184,5,6,0,0
3405,39,0,54,1.2291038465699113,3,1,1,0
3406,9,0,22,9.912740413345436,2,1,1,0
3407,41,1,49,8.447796531179893,6,1,1,0
3408,36,1,3,12.785684137710343,5,2,0,1
3409,32,0,28,5.769922215123155,5,5,0,0
3410,55,1,38,9.546546902045279,3,2,1,0
3411,28,1,14,4.989967808761739,3,3,1,0
3412,30,0,47,7.66989972722087,3,2,1,0
3413,54,0,14,3.0942023420303935,4,4,0,0
3414,26,1,43,12.068139039894326,3,6,0,0
3415,29,0,11,11.157948165943282,2,0,1,0
3416,33,0,9,6.581946834689024,2,3,1,0
3417,43,0,38,8.78550596171461,1,0,1,0
3418,37,1,47,8.11545658502278,1,2,1,0
3419,22,0,44,6.162818645836057,3,0,0,0
3420,29,0,6,8.369580984094393,5,1,1,0
3421,28,0,1,6.67168532994141,2,1,0,0
3422,34,1,25,10.94101601065329,3,1,1,0
3423,39,0,16,7.367575026481367,5,4,1,0
3424,39,1,52,15.171606431437576,2,2,0,0
3425,17,1,15,7.766456655367029,2,2,1,0
3426,45,0,34,8.338312235255204,3,6,0,0
3427,37,1,17,9.58447556513505,3,1,0,0
3428,48,1,3,10.511153012706568,1,1,1,0
3429,39,1,3,8.233923385456196,5,3,1,0
3430,46,0,37,9.519138496083986,5,4,0,0
3431,39,1,17,8.54841189251038,1,1,1,0
3432,48,1,55,5.664252062761529,4,4,1,0
3433,40,1,49,4.855549100659589,5,1,0,0
3434,34,0,52,10.097742866456182,3,1,0,1
3435,57,1,38,12.551693075030736,1,4,0,0
3436,43,0,1,3.1071403601230845,5,2,1,1
3437,40,0,7,3.696312864596308,5,0,0,0
3438,22,0,26,3.6673360392297774,4,3,0,0
3439,22,1,47,10.325433651834292,3,5,1,1
3440,37,0,39,10.575808869873496,3,3,1,0
3441,36,1,19,5.0709820422356895,3,1,1,0
3442,28,1,52,14.617359058032193,2,2,0,0
3443,36,0,54,6.845100413574654,2,3,0,0
3444,50,1,30,12.306934160297654,4,2,1,1
3445,41,0,43,10.425622274966578,1,0,1,0
3446,23,0,55,5.125697559013416,2,3,0,0
3447,33,1,14,6.745901915944584,3,3,1,0
3448,26,1,13,5.382748542141858,0,2,1,0
3449,31,1,20,3.9670421071802355,2,2,1,0
3450,30,1,26,7.24033617015022,2,3,1,0
3451,30,0,27,4.404199544111178,2,1,1,0
3452,22,0,25,7.475157917012326,4,6,1,0
3453,33,1,9,13.798870072257982,3,0,1,0
3454,29,0,41,10.090064473861672,1,3,1,0
3455,5,0,48,6.328610334204776,5,2,0,0
3456,55,1,12,6.083830038420755,4,4,0,0
3457,45,0,10,6.796639081487271,5,5,0,1
3458,31,0,6,14.213397781282303,3,0,0,0
3459,35,1,50,4.7349366467809855,3,1,1,0
3460,23,1,34,7.994692931422275,2,3,1,0
3461,51,1,59,9.396088771195487,2,0,1,0
3462,53,1,52,11.646466164874349,3,2,0,0
3463,36,0,41,7.001987604461598,1,5,1,0
3464,45,1,19,5.1119729177315385,2,0,1,0
3465,36,1,6,8.868502167401388,7,0,1,0
3466,21,0,2,11.94399119292613,2,1,0,0
3467,30,0,15,7.181350091721117,3,7,1,0
3468,36,1,17,5.481746568020847,3,8,1,0
3469,30,1,16,8.330620637702372,4,4,0,0
3470,32,1,28,3.1292387430954847,3,3,0,0
3471,34,1,21,7.344023428244704,3,0,1,0
3472,34,1,8,11.534077049576865,5,2,1,0
3473,35,1,10,10.624540481358972,1,3,1,0
3474,24,1,10,7.5684071783257405,2,3,0,0
3475,27,0,50,12.977988179343702,2,4,1,0
3476,22,1,10,13.72962460372699,4,2,1,0
3477,44,0,9,9.992258686310667,1,2,1,0
3478,13,1,28,3.5966859780342286,2,1,0,0
3479,46,1,24,2.3602648838839997,1,3,0,0
3480,48,1,19,12.150470493312568,3,1,1,0
3481,31,1,33,8.73418375448005,2,0,1,0
3482,8,0,4,12.906662535046692,1,0,0,0
3483,31,0,56,3.9839517753634883,4,1,0,0
3484,34,0,3,7.516444285342049,4,1,0,0
3485,24,1,42,11.08757177061074,1,1,0,0
3486,29,1,12,5.81063753753442,0,1,0,0
3487,50,1,18,11.044355178972559,1,2,1,0
3488,41,0,23,7.631661418161985,2,5,1,0
3489,25,0,20,8.084182419151738,2,2,1,0
3490,19,1,6,4.449101310156509,3,0,1,0
3491,31,0,53,8.75415811657255,3,4,1,0
3492,32,1,34,14.57836904679312,4,3,1,0
3493,39,1,42,9.164065415895891,3,1,1,0
3494,29,1,2,5.624827178332714,2,4,0,0
3495,40,0,30,12.186624740234151,2,0,1,1
3496,54,1,9,5.7152854187212165,3,1,1,0
3497,43,0,27,13.163309717416094,3,1,1,0
3498,34,1,42,4.175122614853564,7,2,1,0
3499,33,0,34,8.81812522187384,2,4,0,0
3500,31,0,40,12.578937487058447,2,3,0,0
3501,46,1,24,5.399542614217564,4,5,1,0
3502,28,0,49,8.24948025019789,2,0,1,0
3503,35,1,17,11.471867727062111,5,2,0,0
3504,35,1,29,1.2334370830049348,3,5,1,0
3505,29,1,36,10.78065125166493,4,2,1,0
3506,21,1,50,7.736220527248575,2,1,1,0
3507,38,0,12,12.325862460687304,4,2,0,0
3508,34,1,31,5.517508143360948,2,1,0,0
3509,40,0,49,3.8396724119252745,3,1,1,0
3510,29,0,9,6.37089051521107,3,0,0,0
3511,47,1,19,6.308250591157368,3,1,1,0
3512,26,0,46,7.380542070601807,7,2,0,0
3513,52,1,46,6.59426087134905,2,0,1,0
3514,17,1,17,1.976304278707798,6,2,1,0
3515,39,1,2,7.715130891490638,0,5,1,0
3516,39,1,40,8.695390128573889,3,2,0,0
3517,27,0,5,7.420272672623108,4,3,1,1
3518,39,1,59,8.86048473500563,2,1,1,0
3519,47,1,39,8.254844235099887,2,4,1,0
3520,12,0,54,3.854019346475738,3,1,1,0
3521,40,0,48,7.0974417531123795,4,2,1,0
3522,10,1,16,8.341699756709552,4,0,1,0
3523,25,0,17,7.288488106622203,0,2,1,0
3524,51,0,54,3.5216296381141685,0,3,1,0
3525,29,1,27,11.669338835204911,4,3,1,0
3526,23,1,7,5.083533039815473,5,2,1,0
3527,33,1,52,4.273410216134303,4,3,1,0
3528,55,1,8,8.122455699168306,4,4,1,0
3529,16,1,8,7.052729488342434,6,2,1,0
3530,24,0,23,9.804324780831822,2,3,1,0
3531,49,0,32,10.617961806888642,3,2,1,1
3532,53,0,43,10.161694555364146,2,1,0,0
3533,33,1,47,7.994650969242717,1,1,1,0
3534,22,0,18,9.659892273203992,7,0,0,0
3535,55,0,38,3.3199607141057506,3,1,1,0
3536,50,1,54,11.283082571842346,2,0,1,0
3537,41,0,12,6.7855110767650055,5,0,1,0
3538,26,0,15,13.909813736194746,4,3,1,0
3539,34,1,28,11.374399930933667,5,2,1,0
3540,33,0,55,7.4081432509716825,2,4,1,0
3541,38,0,38,8.06423188521287,3,1,1,0
3542,49,0,50,11.552184843225445,0,3,0,0
3543,43,1,56,1.2196435103917382,7,2,1,0
3544,24,1,31,7.519307649603442,7,2,1,0
3545,48,0,52,13.10427122132111,2,2,1,0
3546,38,1,9,10.534560770075128,2,4,1,0
3547,41,0,8,5.486858375383826,3,2,1,0
3548,49,1,46,8.94342383336224,4,4,1,0
3549,23,0,19,5.069920413581626,2,2,1,0
3550,34,1,51,6.9755993814150825,5,4,0,0
3551,29,1,8,9.00151285723209,1,2,0,0
3552,19,1,34,9.529475544821956,0,3,1,0
3553,38,0,57,10.1882561726346,4,3,1,1
3554,60,0,4,11.701361830878813,1,3,0,0
3555,16,1,31,4.418821267172726,1,5,1,0
3556,34,0,38,8.072063083249533,2,1,1,0
3557,41,1,3,5.44895870607731,1,4,1,0
3558,36,1,35,6.803430808667317,1,2,1,0
3559,33,1,19,5.736687170588716,1,2,1,0
3560,22,0,43,9.498210459853096,3,4,0,0
3561,37,1,29,11.159057629819834,4,0,1,0
3562,27,1,10,11.321042671947218,3,1,1,0
3563,13,1,12,4.6844807569428335,2,2,1,0
3564,46,0,46,7.630105860743004,3,1,1,0
3565,44,0,30,4.6012943217745,2,2,1,0
3566,35,0,30,4.501315316013927,3,4,0,0
3567,37,0,18,6.014805877183774,2,4,0,0
3568,45,1,24,9.029893072772463,4,1,1,1
3569,37,1,32,9.556745128536935,2,2,0,0
3570,44,0,9,9.962688519490213,4,2,1,0
3571,32,1,47,9.777075223413426,1,2,1,1
3572,48,0,24,5.456447078927704,2,2,1,0
3573,38,0,26,11.548277057658566,4,1,1,0
3574,36,0,3,10.409840107915226,4,3,0,0
3575,22,0,23,6.7619295209573655,2,0,1,0
3576,37,1,11,6.8752409838482755,7,5,1,0
3577,26,0,10,6.0273752484101975,2,2,1,0
3578,28,1,50,4.124470197467567,1,2,0,0
3579,26,0,36,9.998074566634816,0,1,0,0
3580,24,1,13,10.46618535291805,3,4,1,0
3581,56,0,29,5.221842614362205,2,3,1,0
3582,48,0,38,4.304423866784067,2,2,0,0
3583,54,0,59,5.190389638921069,4,1,1,0
3584,22,0,53,8.330733896357536,1,1,1,0
3585,35,0,13,3.854067875982029,2,2,1,0
3586,22,1,57,11.383429939871748,2,1,1,0
3587,28,1,26,11.20387323277488,3,1,1,1
3588,25,1,20,9.273034831584205,1,1,0,0
3589,47,1,5,10.429207249384383,3,3,1,0
3590,31,0,20,8.176266163817251,2,4,1,0
3591,45,0,14,9.395461984480757,6,1,1,0
3592,41,1,45,4.099453270070878,4,3,1,0
3593,58,1,14,12.171438431613945,4,1,0,0
3594,20,1,8,6.5379411823698215,2,3,1,0
3595,47,1,48,7.613597513632236,1,0,1,0
3596,46,0,13,15.461602302177027,9,5,1,0
3597,25,0,24,7.339977652682372,6,0,0,0
3598,45,0,15,10.218205445069614,3,4,0,0
3599,38,0,51,9.543597399025423,4,1,1,0
3600,32,0,1,4.001544108981857,3,4,0,0
3601,26,0,22,5.000770845064379,4,5,1,1
3602,27,1,34,14.107665930502263,5,2,1,1
3603,55,1,50,9.737488827534303,2,2,1,0
3604,35,1,51,7.94937498282694,2,1,0,0
3605,42,1,40,6.393055782416826,4,1,0,0
3606,27,0,3,8.96023268653121,1,4,1,0
3607,27,0,55,9.245443198789507,7,3,0,0
3608,45,1,26,8.679564620725005,2,1,1,0
3609,21,0,14,11.206881742954007,5,3,1,0
3610,30,0,58,5.3994242534958925,5,4,1,0
3611,35,0,41,4.997895689661353,5,1,0,0
3612,36,0,8,11.129211475911081,1,1,1,0
3613,33,1,49,14.33806216143173,5,2,0,1
3614,38,0,55,10.527777328066446,5,2,0,0
3615,41,1,55,11.893261135361726,2,1,1,0
3616,42,1,56,7.775478091620226,4,1,1,0
3617,25,0,16,8.798345074586436,5,1,1,0
3618,32,0,42,8.757969037096773,6,4,0,0
3619,46,0,21,7.833720056736606,3,2,1,0
3620,43,0,10,12.233890597878917,3,1,1,0
3621,21,1,57,11.34754182480994,4,3,1,0
3622,38,1,25,6.802297342108696,1,0,1,0
3623,15,1,56,3.0632688232017715,2,1,1,0
3624,35,0,38,7.809277168384197,10,1,0,0
3625,53,1,22,4.53604344528925,5,4,1,0
3626,25,1,49,8.0710251689908,3,2,1,0
3627,26,0,48,4.772402223533101,3,0,1,0
3628,42,1,47,11.769549908017101,2,0,0,0
3629,19,0,54,10.053268160131177,3,1,1,0
3630,28,1,46,9.98039473835252,2,1,0,0
3631,40,1,4,11.216557512290805,5,2,1,0
3632,28,0,4,9.1733217327227,2,2,1,0
3633,32,1,30,9.640405365015765,5,4,0,0
3634,42,0,2,12.304096198884162,3,0,0,0
3635,39,0,29,7.596454616530153,2,0,0,0
3636,37,1,43,9.815346003616831,4,2,1,0
3637,31,1,36,4.840584470301272,3,2,1,0
3638,38,0,21,8.237830746310312,4,1,1,0
3639,33,0,21,14.777851160819658,3,1,1,0
3640,39,0,48,10.444476139364333,2,1,1,0
3641,30,0,21,7.74201705306406,5,5,1,0
3642,33,1,4,8.793621847208506,2,7,1,0
3643,25,1,1,7.937005230997172,1,3,1,0
3644,34,1,26,8.695101859335066,4,2,1,0
3645,26,0,56,6.802979449314076,2,1,0,0
3646,23,1,51,9.48461360060487,5,3,1,0
3647,37,0,2,9.59092980874388,3,1,1,0
3648,37,1,9,8.019914031143315,4,2,0,0
3649,42,1,55,8.420177918348744,2,4,1,0
3650,30,1,57,9.022303027182312,1,2,1,0
3651,39,0,45,6.418270916793162,3,1,0,0
3652,40,0,18,9.455811003044612,3,1,1,0
3653,39,0,48,10.340473151769988,5,2,0,0
3654,26,1,48,12.39459831951445,5,3,0,0
3655,36,0,57,8.95511735017589,1,0,1,1
3656,38,0,42,6.333092335471953,2,3,1,0
3657,35,0,41,7.691188224562703,6,1,1,1
3658,14,1,11,4.571107838244327,1,0,1,0
3659,36,0,25,10.182057746806581,3,2,1,0
3660,57,1,26,1.8208243193644122,3,2,1,0
3661,31,1,58,11.073965570853305,4,0,0,0
3662,27,1,36,11.435972797096685,4,3,1,0
3663,38,0,42,0.0,5,0,1,0
3664,38,0,35,11.825842979654393,2,3,0,1
3665,46,0,38,11.081858509219055,1,2,0,0
3666,22,0,3,7.12984465014735,1,0,1,0
3667,42,0,59,4.424552927041077,3,2,0,0
3668,40,1,41,5.486722700413447,4,2,1,0
3669,33,0,35,5.724446610851609,5,4,1,0
3670,38,1,50,11.948167880628882,6,3,1,1
3671,45,0,40,6.652879421802558,5,1,1,0
3672,43,1,22,10.715969288225857,2,1,1,0
3673,23,1,8,7.627817966191131,4,3,1,0
3674,43,1,15,8.165226914944135,3,2,1,0
3675,34,1,45,3.2858132165510776,3,3,1,0
3676,35,1,7,4.55878956292624,4,0,1,0
3677,35,1,19,11.879292563723277,1,3,0,0
3678,33,0,40,7.532832435597972,1,2,1,0
3679,46,1,42,8.9019783466579,6,5,1,1
3680,34,0,17,13.419071478117669,1,1,0,0
3681,23,0,1,7.6171214640485445,2,2,0,0
3682,31,0,45,7.447262063437858,2,3,1,0
3683,36,0,29,11.618257662199273,2,3,1,1
3684,47,0,58,8.037049069957149,4,7,0,0
3685,41,0,13,8.960021080783923,6,0,1,0
3686,26,0,56,10.990448868616461,5,4,1,1
3687,59,1,48,8.000343931311079,2,3,1,0
3688,37,0,29,10.362765420083353,3,4,1,0
3689,47,1,41,7.65246118295524,4,2,0,0
3690,33,0,42,10.943417460715054,2,1,0,0
3691,40,1,6,9.263981208546802,4,2,1,0
3692,43,1,5,7.323788018783356,1,1,0,0
3693,47,1,34,8.222748746752595,0,0,1,0
3694,45,1,11,0.6670025583732109,3,2,1,0
3695,43,0,9,11.58132097479075,4,2,1,0
3696,31,1,38,4.2360965450483885,1,2,1,0
3697,29,1,40,4.792647017903536,5,5,1,0
3698,38,1,41,6.685944314620736,2,4,0,0
3699,44,1,9,2.6211482681474187,1,2,1,0
3700,32,0,8,9.402848839832737,2,0,0,0
3701,45,1,44,9.083042014043773,4,4,1,0
3702,49,0,58,6.5403828963310575,2,2,1,0
3703,25,1,40,5.965880410548278,0,3,0,0
3704,26,0,3,5.919810389196975,1,1,1,0
3705,33,1,13,9.844395231080155,2,4,1,0
3706,38,0,19,3.218822432134689,5,4,1,0
3707,29,0,34,6.773002462320207,3,3,1,0
3708,48,1,32,3.4117168399019313,4,2,1,0
3709,39,1,49,10.306233363834869,2,0,1,1
3710,35,1,16,6.991332757371406,3,4,1,0
3711,20,0,36,9.64024806189237,1,2,1,0
3712,21,0,18,11.748612918058058,0,2,0,0
3713,37,1,14,11.79928111288068,0,2,0,0
3714,13,1,30,4.933696118107586,3,4,1,0
3715,45,1,2,8.928379988010366,1,2,0,0
3716,33,0,13,11.364182059910908,4,3,0,0
3717,67,1,27,10.089429392503945,1,2,1,0
3718,58,0,59,10.385990815365654,4,2,1,1
3719,33,1,53,2.650029544434272,2,5,1,0
3720,33,0,52,10.043440893696479,1,1,0,0
3721,44,0,17,5.621206110893494,1,3,1,0
3722,52,1,31,9.994058150786504,3,1,1,1
3723,18,1,15,9.928423966528918,1,2,1,0
3724,17,0,57,9.769751698530994,4,1,0,0
3725,28,0,20,7.668052554707495,3,2,1,0
3726,40,0,5,11.948274080728225,5,3,1,0
3727,39,1,7,9.530924018790303,1,6,0,0
3728,45,0,18,8.964547838682668,5,0,0,0
3729,23,0,56,5.196767446885164,3,2,0,0
3730,11,1,11,9.188273014579316,5,1,0,0
3731,43,1,32,13.93613205271406,2,6,0,0
3732,26,1,50,3.829452543826151,6,2,0,0
3733,14,1,27,10.190318293998498,2,2,0,0
3734,36,1,26,10.568717958796821,3,1,0,0
3735,42,1,37,13.176558213693495,2,4,1,0
3736,33,1,45,10.177220225810862,5,0,1,0
3737,30,1,28,8.032036589705035,2,3,1,0
3738,33,0,50,9.267834719942378,3,2,1,0
3739,31,1,2,7.195832694718842,4,3,0,0
3740,21,0,20,11.657773967289941,5,2,1,0
3741,27,0,4,3.353061014992374,1,4,0,0
3742,40,0,13,6.53638647555149,4,1,0,0
3743,38,0,24,9.338467213886801,3,0,1,0
3744,36,1,48,11.512792335786244,7,3,1,0
3745,25,1,38,7.9586497640398095,3,2,1,0
3746,33,1,58,5.652987586800742,4,0,1,0
3747,13,1,40,7.367381740431707,3,1,1,0
3748,36,0,48,6.899115216415495,6,1,1,0
3749,49,0,45,7.037074491802426,3,3,0,0
3750,20,1,55,6.694463681903651,1,2,1,0
3751,29,1,29,6.695770810423025,2,2,1,0
3752,38,0,58,2.852182782343302,3,1,1,0
3753,47,1,36,8.900461224580928,1,1,1,0
3754,30,0,2,10.024200665926323,4,2,1,0
3755,28,0,41,12.495184872256552,2,1,1,0
3756,15,0,18,10.58120287026666,2,0,1,0
3757,36,0,49,10.428080216031503,4,4,0,0
3758,55,1,8,8.888036159414431,2,4,0,0
3759,37,1,58,2.7123434418750803,2,4,1,0
3760,34,0,15,8.840423365186652,3,2,0,0
3761,38,1,41,8.337130044883684,1,2,1,0
3762,34,1,17,11.089620021537748,0,1,0,0
3763,26,0,23,9.702435902411832,7,4,1,1
3764,43,0,2,7.61038207064783,4,2,1,0
3765,37,1,6,13.87445668073814,5,4,1,1
3766,35,1,29,10.545369369410192,3,2,0,0
3767,25,1,27,9.019593899854115,3,1,1,0
3768,48,0,37,9.365941363491011,0,6,0,0
3769,41,1,49,8.183546621432738,1,3,1,0
3770,29,0,34,8.049513365933386,1,4,1,0
3771,45,0,18,1.489342999093683,6,0,1,0
3772,30,1,42,5.2547487481674,4,5,0,0
3773,27,0,10,6.377218314215393,2,2,1,0
3774,27,0,38,9.35190301978042,3,1,1,0
3775,17,0,59,3.044949534527012,4,5,0,0
3776,39,0,44,6.436497898975556,4,2,1,0
3777,16,1,17,6.052045984650751,1,0,1,0
3778,22,0,59,8.350264453515454,3,2,1,0
3779,14,0,13,9.359369326131455,3,0,1,0
3780,34,0,52,6.062562641725998,6,3,1,0
3781,33,0,48,6.278193761951652,1,1,0,0
3782,31,1,42,5.959112494822117,2,0,0,0
3783,24,0,27,6.82961542707965,3,2,0,0
3784,23,1,53,7.846563104535097,2,0,1,0
3785,39,0,2,11.945376005675298,5,0,1,0
3786,29,0,34,4.9625180893891585,3,2,0,0
3787,38,1,31,13.252523214950083,1,0,0,0
3788,26,1,23,4.298546594677916,3,4,1,0
3789,36,0,7,10.86392636631924,2,2,1,0
3790,48,1,38,6.572612165874182,3,3,0,0
3791,40,0,33,5.267125473670165,2,4,1,0
3792,30,1,12,11.950639515405445,4,4,0,0
3793,37,1,45,8.245258239393467,2,4,1,1
3794,32,1,12,8.130460785811406,2,1,1,0
3795,35,1,19,7.168772335832147,5,2,1,0
3796,31,0,9,6.255612322218723,3,0,0,0
3797,33,1,10,7.4694624071249525,1,1,1,0
3798,37,0,17,0.0,4,3,0,0
3799,25,0,50,2.438926304690958,3,0,1,0
3800,24,0,40,9.176954657013601,3,1,1,0
3801,21,0,39,11.54833211141625,1,3,1,1
3802,18,1,41,12.090669632827186,3,2,1,0
3803,22,1,10,5.129004543979205,5,1,1,0
3804,36,1,12,8.578464651085799,2,1,1,1
3805,26,0,15,1.419574683845017,0,1,1,0
3806,40,0,31,6.9458315962556245,3,0,0,0
3807,35,1,15,10.471076716528305,4,1,0,0
3808,15,0,28,7.947507963034683,3,2,1,0
3809,41,1,4,7.004756623700185,3,0,1,0
3810,43,1,36,7.960133156382062,5,2,0,1
3811,25,1,55,11.848542659138063,2,2,1,0
3812,39,1,1,7.265895029814281,2,1,1,0
3813,26,1,58,8.217932639129916,2,2,1,0
3814,35,0,44,12.558183790824025,3,4,0,1
3815,22,1,57,7.315034325936657,2,0,1,0
3816,17,0,34,3.090430470800703,4,3,1,0
3817,31,0,47,12.105224055676025,3,2,1,0
3818,33,0,17,11.046784429253314,1,2,0,0
3819,31,1,39,1.3500034519594717,3,4,0,0
3820,23,0,38,7.609444434553492,5,3,1,0
3821,31,0,44,7.933511946107437,5,2,0,0
3822,37,0,51,12.105952360699742,3,5,1,0
3823,34,1,33,7.9568549554711865,4,1,1,0
3824,36,1,21,8.497754513288125,5,0,1,0
3825,28,1,26,8.590958149968236,3,1,1,0
3826,46,1,46,6.60172878729467,3,3,0,0
3827,23,0,36,11.891691060535365,0,0,1,0
3828,39,0,5,5.62319604210886,4,0,1,0
3829,46,1,33,6.5436555980594715,3,1,1,0
3830,39,0,1,7.982190720593585,3,1,0,0
3831,32,0,53,3.985841298395245,1,1,1,0
3832,29,0,6,13.296227640419541,1,0,0,0
3833,45,0,37,7.997433201289887,3,1,1,0
3834,20,0,2,10.473821875766083,3,1,1,0
3835,25,1,57,5.127539425266201,1,3,0,0
3836,31,0,53,10.135203103999437,5,1,0,0
3837,47,1,59,10.38978290816882,3,3,1,0
3838,38,0,59,10.82260771481989,2,1,1,1
3839,25,0,5,13.714999521230741,2,0,0,0
3840,31,0,26,6.325289199247544,6,0,1,0
3841,28,1,41,7.440056186775233,3,3,1,0
3842,27,0,51,5.464252989028804,1,1,1,0
3843,44,1,53,7.711315314550427,3,3,1,0
3844,21,1,47,9.992350561233359,0,2,1,0
3845,51,1,13,9.83070801801399,3,3,1,1
3846,43,0,12,12.922256774818273,3,2,1,0
3847,45,0,5,9.470591425538856,3,1,0,0
3848,30,0,2,8.00168556640763,1,1,1,0
3849,33,1,59,4.724751712326992,5,4,0,0
3850,20,0,4,10.598961094471289,10,2,0,0
3851,29,1,59,7.530510828284928,0,6,0,0
3852,39,1,27,10.667125315203096,3,3,1,0
3853,47,0,50,6.725685097649521,5,4,1,0
3854,23,0,53,11.60212325355106,4,2,1,0
3855,31,1,10,9.15895090387546,5,5,1,1
3856,33,0,13,10.976756377265907,5,2,0,0
3857,21,0,44,9.157438109625922,0,3,1,0
3858,40,1,2,5.223990885684419,3,4,0,0
3859,27,0,26,6.90386769243003,2,2,1,0
3860,33,1,15,4.158752589750227,4,0,1,0
3861,30,1,46,8.553937570979766,1,0,1,0
3862,27,1,57,3.6120981413029263,1,2,1,0
3863,34,0,10,8.88162863555044,0,2,1,0
3864,32,0,22,0.0,4,1,1,0
3865,31,1,40,10.429799045350313,4,3,0,0
3866,27,0,25,4.688992187098429,2,2,0,1
3867,38,0,15,5.138251574012237,1,1,1,0
3868,51,0,13,12.115617759487108,1,4,1,0
3869,36,0,8,8.959350621679015,2,0,1,0
3870,44,0,21,10.539005653987651,3,0,1,0
3871,21,1,21,4.983995282420745,0,1,1,0
3872,36,0,22,10.885687696070718,5,4,1,0
3873,24,0,46,7.587608690782962,3,1,1,0
3874,20,1,33,8.352871952224529,3,3,1,1
3875,27,1,45,12.470890675007894,1,0,0,0
3876,46,0,27,4.511314051256597,1,4,1,0
3877,44,0,40,10.739107953938785,0,0,1,0
3878,37,1,50,9.156230530796144,4,3,0,0
3879,19,1,22,7.360728794199017,3,2,0,0
3880,33,1,30,4.717593802388883,2,1,0,0
3881,38,1,9,7.327044605328372,2,0,1,0
3882,36,0,45,5.544942613744791,4,1,0,0
3883,16,1,35,11.560561371514623,4,2,0,0
3884,26,0,18,8.275274980266559,0,2,0,0
3885,34,1,42,5.969089126816108,0,5,1,1
3886,40,1,5,3.6871923916653335,6,3,1,0
3887,13,1,27,6.610861219924844,6,3,0,0
3888,33,0,57,11.708705371779619,3,1,1,0
3889,36,0,6,8.334296998172935,0,1,1,0
3890,43,1,32,7.459426431008297,5,0,1,0
3891,41,1,8,13.096064461350775,5,5,1,0
3892,40,1,56,6.756361657136639,3,2,1,0
3893,27,0,39,5.575041384207429,6,1,1,0
3894,15,0,21,9.212268842650742,2,1,0,0
3895,31,1,18,9.25869594796491,4,5,1,0
3896,45,0,14,6.2396335775867655,3,2,1,0
3897,48,1,15,5.60700389285767,0,3,0,0
3898,42,0,42,12.341210905204141,4,1,1,1
3899,39,1,26,6.701042273560413,4,3,1,0
3900,38,1,53,3.644379149380492,1,6,1,0
3901,29,1,44,8.578609029494395,2,5,1,0
3902,33,0,32,10.683774447707691,5,2,0,0
3903,51,1,39,7.4281743927223385,6,3,0,0
3904,25,0,28,9.61138162621191,3,1,1,0
3905,51,1,39,4.857992316990264,4,3,1,0
3906,31,0,43,9.884778403662231,3,4,1,0
3907,48,0,32,5.134353588511177,2,2,1,0
3908,20,0,13,8.915519549386834,2,0,1,0
3909,40,0,15,10.303008466293102,3,2,0,0
3910,27,1,18,8.296111905246013,0,0,1,0
3911,20,0,39,4.293656503631441,2,2,1,0
3912,37,1,6,4.423765206272549,4,1,1,0
3913,45,1,55,12.779363169530098,1,3,1,0
3914,26,0,11,5.6955758195204345,4,1,1,0
3915,20,1,32,10.295371921831117,4,6,1,0
3916,34,0,40,8.35512765599716,3,1,0,1
3917,34,0,20,4.987877416939319,5,3,1,1
3918,40,0,33,6.401727381616341,5,5,1,1
3919,44,1,40,13.099499041291356,3,1,1,0
3920,34,0,8,18.46894282822961,2,0,0,0
3921,53,1,51,7.048063001342008,4,1,1,0
3922,37,1,35,6.840865278688407,1,1,0,0
3923,31,1,5,3.0851122573928222,4,2,1,0
3924,18,0,35,3.050253823916739,3,0,0,0
3925,32,1,47,5.428244298647179,3,2,1,1
3926,31,1,14,6.664989552386796,3,1,1,0
3927,44,1,21,7.9236745535633535,4,1,0,0
3928,39,1,47,10.070401330167318,4,3,1,1
3929,23,1,24,8.662628678259578,4,1,1,0
3930,36,0,17,10.120125410606926,0,1,1,0
3931,41,0,18,6.158153421799275,2,2,0,0
3932,50,0,34,7.787622724445839,4,1,1,0
3933,43,0,12,6.907700269520889,5,1,1,0
3934,42,0,16,4.1998378936052765,8,3,1,0
3935,35,0,4,2.0779641348620537,4,3,1,0
3936,38,0,25,5.992571747998,2,2,1,0
3937,47,1,34,0.5570762980951951,3,1,1,0
3938,21,0,28,4.601369396457767,4,0,1,0
3939,31,1,46,9.635508383666732,1,2,1,0
3940,27,0,11,8.54048643969945,2,1,0,0
3941,38,1,13,8.064212136202425,5,2,1,0
3942,47,1,31,11.541578873695165,4,3,1,1
3943,29,0,25,5.814577952345745,5,6,0,0
3944,11,0,39,10.045861643929467,3,0,1,0
3945,30,0,10,5.578659975313775,3,1,1,0
3946,44,0,24,8.832359772967761,3,2,1,0
3947,40,1,1,8.460645662780514,5,1,0,0
3948,39,1,53,8.622558913148364,5,1,0,0
3949,32,0,25,6.839886376173669,6,5,0,0
3950,22,0,28,8.95796565821881,4,1,1,0
3951,40,0,36,9.192517835272932,3,3,0,0
3952,26,0,18,3.7080424588362835,6,2,1,0
3953,56,1,6,10.545488206700183,1,2,0,0
3954,40,0,2,4.29225087429019,3,1,1,0
3955,29,1,3,5.367946988572185,1,2,1,0
3956,28,0,46,8.725907504166214,2,0,1,0
3957,34,0,8,9.793740522196815,3,0,1,0
3958,32,1,31,8.66009301220818,1,2,1,0
3959,46,0,48,8.97668122132797,5,2,1,0
3960,36,1,19,4.589937150661537,2,2,1,0
3961,27,1,50,6.428975935833455,3,2,1,0
3962,53,0,6,1.8488836509178697,1,0,1,0
3963,35,0,14,5.243644073366696,3,2,1,0
3964,42,1,3,3.9751430727638084,2,2,0,0
3965,28,1,48,8.039963058569795,2,1,1,0
3966,38,1,1,15.068386888032206,4,2,1,0
3967,38,0,44,10.280362427166324,2,3,1,0
3968,16,1,30,1.2654192002322384,5,5,0,0
3969,55,0,46,3.44708778564077,2,5,1,0
3970,47,1,19,4.1035135457035565,3,3,1,0
3971,31,1,54,2.734502360030059,2,1,0,1
3972,23,0,19,7.152566867650323,2,2,1,0
3973,38,1,9,8.686266740651543,2,1,1,0
3974,35,0,7,4.121055943294437,2,3,1,0
3975,38,1,46,7.330867660104596,6,1,1,0
3976,36,0,37,8.660639555434408,2,2,1,0
3977,40,1,50,10.096927455034301,4,0,1,0
3978,49,0,41,8.468316057446616,2,3,0,0
3979,40,1,53,8.991203333017355,0,1,1,0
3980,24,1,7,7.887768055478412,6,1,1,0
3981,48,0,9,4.957405789459857,2,1,1,0
3982,51,0,4,5.6134619189154025,2,1,1,0
3983,66,1,25,4.0316097432824245,1,1,1,1
3984,23,0,49,12.496076951984804,3,3,0,0
3985,37,1,12,3.5922782577788848,5,3,1,0
3986,14,0,6,10.856263312454823,3,3,1,0
3987,40,1,18,3.6215153119209598,1,1,0,0
3988,29,0,40,10.302317381003567,0,0,1,0
3989,54,0,21,10.91638439570028,1,4,1,0
3990,27,0,15,11.45595669754237,3,1,1,1
3991,18,0,3,4.8756006651751065,3,4,1,0
3992,30,0,2,8.492836293002854,3,2,1,0
3993,15,0,56,6.198069988872005,1,1,1,0
3994,42,1,55,5.340163437423652,4,4,1,0
3995,14,1,41,8.131565293099225,1,4,0,0
3996,35,1,40,10.44167844061699,2,4,1,0
3997,14,0,59,6.214550665200655,7,4,0,1
3998,31,1,4,8.987513066795003,0,1,1,0
3999,51,0,32,5.276750148331679,1,1,0,0
4000,38,1,2,4.870269772476847,1,4,1,0
4001,26,0,46,7.026791240155655,3,1,1,0
4002,34,0,29,7.206578647709269,3,1,1,0
4003,35,0,2,10.00334468178856,2,1,0,0
4004,39,1,34,4.245425737353967,4,1,1,0
4005,21,0,27,14.475904747505215,3,4,1,0
4006,40,1,54,2.6232013826484213,1,2,1,0
4007,7,0,39,8.684200602959573,2,2,1,0
4008,28,1,44,7.144772771282753,3,0,1,0
4009,30,1,38,6.0549764475680155,3,6,1,0
4010,41,0,18,7.47460473308197,4,2,1,0
4011,35,0,36,10.016502746757046,5,3,0,0
4012,20,1,19,10.482542644193629,3,2,1,0
4013,25,1,27,7.347308941232387,4,2,1,0
4014,36,0,45,8.99536409512883,2,3,1,0
4015,34,1,20,4.00912293105579,5,4,1,0
4016,29,1,21,7.447191580861679,1,1,1,0
4017,30,0,23,9.18312153617734,4,2,0,0
4018,41,1,30,1.1509688827253912,2,1,1,0
4019,29,0,25,8.242745676581363,4,2,1,0
4020,34,0,31,7.495384128103656,2,1,0,0
4021,56,1,27,11.80944180142924,4,3,0,0
4022,20,0,34,8.501349797674928,2,3,1,0
4023,16,0,8,9.439485114558467,2,2,0,0
4024,42,1,19,7.185466450688345,5,3,1,0
4025,28,1,41,9.896145431363168,1,2,1,0
4026,31,1,26,9.686866753701231,3,2,0,0
4027,27,1,28,4.080175920040596,5,1,0,0
4028,32,1,4,8.932929035042669,2,3,1,0
4029,50,0,31,11.546721169575346,4,1,1,0
4030,43,0,16,10.95137525585962,2,3,0,0
4031,43,1,51,8.082117436079626,2,0,1,0
4032,20,0,10,8.965068110240896,1,3,1,0
4033,23,1,38,10.744724610670307,6,4,0,1
4034,6,1,48,4.583435098079,2,1,1,0
4035,26,0,10,9.423149116945078,3,0,1,0
4036,44,1,45,2.0872667340209423,4,1,1,0
4037,40,1,9,10.587068493410047,3,3,1,0
4038,32,0,39,6.845731990367866,3,4,1,1
4039,34,1,36,7.740627738280988,3,2,1,0
4040,28,0,51,6.333895229531361,4,0,1,1
4041,37,0,58,7.876856444894381,4,4,0,0
4042,42,1,36,8.766150096155997,3,3,1,0
4043,18,1,19,10.262941906359673,6,2,0,0
4044,37,1,19,11.89850230101976,3,3,1,1
4045,44,1,12,8.145645634043108,2,1,1,0
4046,30,1,13,3.0152292849749713,2,1,0,0
4047,42,0,25,11.916939104348579,2,1,1,0
4048,63,1,36,3.5840621689117125,5,2,1,0
4049,33,1,25,6.733229834835795,5,3,0,0
4050,38,0,28,6.52893021042595,1,2,1,0
4051,27,0,42,8.034673768314258,1,2,1,0
4052,36,1,53,4.20954618481668,1,3,0,0
4053,39,1,39,4.063853368778854,5,3,1,0
4054,36,1,30,7.935437016252029,3,3,1,0
4055,24,1,5,5.606628337037332,4,4,0,0
4056,37,1,17,12.038280657329821,1,1,0,0
4057,49,1,18,6.347359870385012,3,1,1,1
4058,39,1,43,4.915034653879495,4,2,1,0
4059,44,0,47,13.015507576233167,0,1,0,0
4060,32,1,21,9.409808699238186,4,0,1,0
4061,42,1,22,16.150859103016526,3,0,1,0
4062,37,1,39,2.2330574375815013,4,3,1,0
4063,25,1,50,8.62329763697571,3,0,1,0
4064,38,0,58,9.45683774044856,1,1,1,0
4065,25,0,57,8.083468656883293,2,2,0,0
4066,28,0,6,6.913998383028488,3,2,1,0
4067,36,0,50,11.736854936654643,1,2,1,0
4068,37,0,16,9.399193247742836,2,2,1,0
4069,23,1,2,2.9322772310518985,4,1,1,0
4070,45,0,51,5.391895249306215,5,1,1,0
4071,40,0,1,4.507985269989939,3,5,1,0
4072,27,1,57,7.6365258524278685,1,2,0,0
4073,19,1,30,10.846595736340523,5,2,0,0
4074,33,0,58,6.862262276686222,4,4,1,0
4075,30,1,43,7.240635271142562,5,2,0,0
4076,36,1,52,5.062933611272609,3,0,1,0
4077,31,0,37,10.284027070380537,4,1,0,0
4078,14,0,48,11.69794251314553,3,1,0,0
4079,31,1,23,7.902672014319239,2,1,1,0
4080,31,1,1,12.7400562869716,1,0,1,0
4081,41,1,19,6.367756066947257,2,3,1,0
4082,28,0,46,3.809052216966828,2,2,1,0
4083,51,0,3,10.41310558981381,2,2,1,0
4084,15,1,2,7.712386081212409,5,2,1,0
4085,48,0,56,6.256282408921567,4,3,1,0
4086,32,0,37,8.230013616844154,3,1,1,0
4087,43,1,17,3.2468497199999726,3,6,0,1
4088,35,0,28,2.7557975842586426,2,2,1,0
4089,46,1,18,8.277690660866835,2,2,1,0
4090,31,1,33,9.3030874695187,3,0,1,0
4091,24,0,15,12.181575418908047,0,3,1,0
4092,49,1,22,10.659916163341215,2,1,1,0
4093,33,0,41,9.906093383514214,3,2,0,0
4094,37,1,27,11.81130006699432,4,2,1,0
4095,47,0,55,9.469685319228931,4,1,1,1
4096,24,0,37,6.967395207004987,1,1,1,0
4097,40,1,32,10.737159720926826,1,4,0,0
4098,29,0,45,10.626814792465753,3,4,1,0
4099,33,1,19,7.976552248728264,2,5,0,0
4100,35,0,28,4.400581477853329,3,5,1,1
4101,19,0,28,2.6447916225606027,7,0,0,0
4102,27,1,56,10.527193103322354,3,2,1,0
4103,48,0,10,9.436023102759568,0,1,1,0
4104,43,0,20,9.857296493035713,2,2,0,0
4105,34,1,25,10.639216022659657,6,3,1,0
4106,37,1,21,5.302930658825715,4,2,1,0
4107,32,1,14,2.3699146746171937,1,4,1,0
4108,48,1,22,9.54756598407599,1,1,1,0
4109,32,0,53,11.593225809881513,1,1,0,0
4110,37,1,26,9.055578288339726,2,1,0,0
4111,46,0,44,3.5409400942802804,5,4,1,0
4112,27,1,11,8.722069466881633,2,2,1,0
4113,50,0,55,4.6257604074068635,2,2,1,1
4114,19,1,7,3.3727513883339935,4,4,1,0
4115,51,1,17,7.976996593855795,3,3,1,0
4116,31,1,18,8.487495530747266,1,1,1,0
4117,32,1,7,7.704133686997528,2,0,0,0
4118,16,1,56,9.314409716424372,5,3,1,1
4119,30,1,20,5.628202336606192,5,1,0,0
4120,24,0,38,8.257043334921814,5,4,1,0
4121,28,0,11,6.543946067643287,2,0,1,0
4122,33,0,44,7.24493152769284,2,3,1,0
4123,44,0,58,8.80523773955872,5,2,1,0
4124,37,1,16,11.178914661933062,4,3,0,0
4125,38,1,51,8.876888037841999,5,1,0,0
4126,24,1,55,9.87202739633846,3,3,1,0
4127,26,1,27,8.030676422758237,2,2,1,0
4128,52,1,51,9.462846101833719,1,2,1,0
4129,27,0,11,11.101391574542214,2,1,1,0
4130,51,0,16,13.637563655219392,5,1,1,0
4131,32,0,23,11.632326565804389,2,2,0,0
4132,35,0,59,7.834745736148763,1,0,1,0
4133,45,1,12,11.433998471827014,4,1,1,0
4134,47,1,59,9.647125434043195,6,1,0,1
4135,33,1,40,6.17836867101266,6,2,1,0
4136,31,1,3,9.688432909850263,4,3,1,0
4137,34,1,2,4.613910999179373,4,1,0,0
4138,38,0,38,9.692904053425721,3,1,1,0
4139,43,1,48,13.255388651211799,2,1,1,0
4140,35,0,52,10.467846109920945,1,2,1,0
4141,41,0,24,11.58985320801446,2,2,0,0
4142,51,0,29,6.865418944678126,2,1,1,1
4143,38,0,47,9.44264796180148,2,5,1,0
4144,38,0,46,10.094493265252673,5,2,1,0
4145,19,0,34,7.084513100171053,2,2,1,0
4146,8,1,20,10.051127451207481,4,4,0,0
4147,38,1,18,9.364066855860909,5,1,1,0
4148,34,0,14,10.084448428769281,1,4,1,0
4149,29,0,18,4.909772352556736,2,0,1,0
4150,37,1,2,11.828296486453459,5,4,0,1
4151,34,0,1,9.351928810171893,1,2,1,0
4152,46,1,20,7.645590830182923,6,1,1,0
4153,35,1,34,7.717963267697225,1,3,1,0
4154,27,0,41,7.883521134031713,2,1,0,0
4155,44,0,41,5.513220112941886,8,1,0,1
4156,32,0,48,11.56748003853427,6,1,1,0
4157,40,0,11,10.889327036130377,1,0,1,0
4158,30,0,27,11.090986196750464,1,2,1,0
4159,28,1,23,12.539575052960629,5,2,1,0
4160,35,0,38,8.569332841779154,4,0,1,0
4161,35,1,44,3.0327964685061364,4,2,1,0
4162,39,1,3,9.88661376335751,1,0,1,0
4163,32,0,12,9.774874169853977,1,4,0,0
4164,16,0,30,12.661499426887037,4,3,0,0
4165,30,0,31,11.246252591459099,4,2,1,0
4166,42,0,23,8.401952671829967,0,2,1,0
4167,32,1,1,7.567064202749707,2,1,1,0
4168,32,0,41,11.010910635107345,0,2,1,1
4169,44,1,20,0.03515767814972026,3,0,1,0
4170,27,0,54,8.724199898803727,2,1,0,0
4171,19,0,6,10.836981988461751,2,1,0,0
4172,33,1,11,7.63697839027135,2,2,0,0
4173,30,1,35,6.853526413843032,5,2,1,1
4174,25,0,4,8.884530689458034,6,2,0,0
4175,33,0,29,12.048340047614051,2,5,0,0
4176,39,1,59,9.353130901237673,5,0,1,0
4177,34,0,10,5.968930144757821,5,3,0,0
4178,38,0,51,11.650946117615751,6,1,0,0
4179,53,1,29,12.234939511758675,3,1,0,0
4180,31,0,38,5.5780117912358005,1,0,1,0
4181,37,1,1,16.395697736092714,3,2,1,0
4182,29,1,40,7.998040778253375,0,0,0,0
4183,26,1,8,10.845277312154511,4,4,1,0
4184,29,1,57,10.182386583596276,3,1,0,0
4185,30,1,38,5.9059950340686935,5,2,1,0
4186,38,1,17,6.645421949234955,1,4,0,0
4187,58,1,19,8.203123430047857,1,2,1,0
4188,27,0,33,2.389816703943878,3,1,1,0
4189,30,0,15,10.46293268547475,2,2,0,0
4190,34,1,45,2.3127615697622694,2,0,1,0
4191,38,1,31,8.044002118056797,1,0,1,0
4192,37,0,21,5.984859029367753,4,3,0,1
4193,47,1,3,9.736427329353669,2,1,1,0
4194,10,0,2,1.3874798437624438,5,1,1,0
4195,11,1,35,3.0134015128294793,5,3,0,0
4196,30,1,41,6.209725045942127,2,1,1,0
4197,45,1,59,9.556531768820335,3,2,1,0
4198,19,0,16,8.664794054410223,4,0,0,0
4199,4,1,56,11.150845980193292,4,2,1,0
4200,40,0,45,8.323699094802308,3,3,0,0
4201,37,0,51,7.946774496456866,4,2,1,0
4202,24,0,59,4.7852631784469075,4,1,1,0
4203,25,1,50,7.32988898663938,9,4,1,0
4204,25,0,21,7.941453681787805,5,1,1,0
4205,36,0,12,1.8357359227013443,2,1,0,0
4206,28,1,28,5.329341973808473,2,4,1,0
4207,39,1,12,9.390068471054892,1,1,1,0
4208,6,1,33,8.53848008837374,3,1,0,0
4209,26,1,20,7.240977957196671,2,1,0,0
4210,23,0,40,6.177677314150358,5,0,0,0
4211,32,1,49,2.7713360785488215,5,3,1,0
4212,29,1,21,1.4738557038824798,1,0,1,0
4213,42,0,52,7.07993709086967,4,3,1,1
4214,16,0,54,12.466835180349005,2,1,1,0
4215,35,0,39,8.110716015659042,4,4,1,0
4216,40,0,41,11.064199306645515,2,2,1,0
4217,53,1,49,4.46993773533484,6,0,0,0
4218,30,1,59,8.849448486555257,2,0,1,0
4219,38,1,42,5.888939703524008,4,0,1,0
4220,16,1,36,5.773160943473789,5,2,0,0
4221,11,0,22,10.2337688093215,5,2,1,0
4222,43,1,26,7.638659013916504,1,0,0,0
4223,34,0,7,3.843397406632514,2,0,0,0
4224,46,1,7,8.294088747331006,0,3,1,0
4225,21,0,8,5.851494450579871,8,3,1,0
4226,40,1,26,3.6670092997318475,6,2,1,0
4227,53,0,24,5.013951246961531,1,3,0,0
4228,39,0,24,14.137679886569096,4,1,1,0
4229,37,0,40,11.637153358669256,1,3,1,0
4230,35,1,48,1.9563872255429136,2,3,1,0
4231,19,1,12,7.434902460141035,5,1,1,0
4232,48,0,47,7.653551310825106,3,4,0,0
4233,28,1,8,7.20188824656876,1,0,0,0
4234,40,1,54,6.0083314831605,4,3,1,0
4235,19,1,9,10.241201956921493,3,1,1,0
4236,23,1,3,10.828087002497822,2,2,1,0
4237,49,0,54,11.147002103196202,3,2,0,0
4238,31,0,21,8.990324030345455,3,3,1,0
4239,49,1,31,9.8259690159024,1,2,0,0
4240,34,1,48,6.966539705137762,1,2,1,0
4241,16,1,47,3.2706824194367323,4,3,1,0
4242,43,1,24,3.1917473375033243,5,1,1,0
4243,29,0,4,5.444921526736254,6,2,1,0
4244,41,1,20,7.398281501324805,1,2,0,0
4245,35,0,16,4.150552863749929,3,0,1,0
4246,19,1,10,4.610386950401999,3,3,0,0
4247,36,0,43,6.864821921918594,1,1,0,0
4248,56,1,26,10.59234317614992,4,1,0,0
4249,39,1,29,9.002984760600572,1,1,1,0
4250,34,0,5,5.409421810865982,3,2,1,0
4251,45,0,11,8.139150673749631,3,4,1,0
4252,37,1,29,4.014069277318219,7,5,0,0
4253,37,1,45,5.409433600955861,5,1,1,0
4254,24,0,15,3.028470919095297,2,1,1,0
4255,37,1,6,9.286514893415843,7,1,0,0
4256,45,1,48,7.15157820466362,5,3,1,0
4257,26,0,15,7.526832664790298,5,4,1,0
4258,49,0,43,10.417811373460552,1,2,1,0
4259,34,1,20,5.008246296628721,5,1,0,0
4260,26,1,34,9.400247702360861,3,3,1,1
4261,44,1,2,13.954762982461475,4,1,0,0
4262,32,1,44,5.053658372256896,2,1,1,0
4263,42,0,16,3.3109432961106506,1,3,0,0
4264,32,0,19,4.22647833198404,6,1,1,0
4265,34,0,34,9.16575586709781,2,4,1,0
4266,39,0,49,13.238876601980273,3,0,0,0
4267,37,1,14,13.115987098692829,3,3,1,0
4268,15,1,24,10.534717767865127,1,3,1,0
4269,23,0,28,10.637889577038298,1,0,1,0
4270,44,0,48,9.393670704461451,3,4,1,0
4271,33,1,32,10.17529918609823,2,2,1,0
4272,29,1,37,8.91127384730278,3,4,1,0
4273,21,1,10,5.600707616636305,2,4,1,0
4274,24,1,49,13.140314027151717,5,0,1,1
4275,14,1,45,12.006295186908755,3,3,1,0
4276,33,1,48,5.669030497248253,2,1,0,1
4277,29,0,9,9.945437980091738,2,3,0,0
4278,25,0,24,12.383726681738583,6,4,1,0
4279,34,0,36,9.256040386592911,5,0,1,1
4280,38,1,56,7.383928328363556,4,2,1,0
4281,55,1,29,12.289192178577053,5,3,0,1
4282,19,1,29,8.766020300272793,4,1,1,0
4283,46,0,58,6.116367382938426,5,0,1,1
4284,44,0,48,4.549493479499622,3,3,1,0
4285,27,0,23,0.0,2,1,1,0
4286,37,0,27,13.919373997359617,1,3,1,0
4287,30,1,31,5.4894453095378175,3,3,1,0
4288,36,1,43,10.891834547239004,4,1,1,1
4289,50,1,7,5.238828716493102,3,0,1,0
4290,41,1,49,8.500878843187381,4,2,1,0
4291,40,1,54,9.349185426518334,3,4,1,1
4292,30,1,45,4.282615928293195,2,2,1,0
4293,20,0,4,10.87111049040867,3,3,1,1
4294,32,1,14,7.405286181042312,3,1,1,0
4295,47,1,42,9.657934143398924,2,1,0,0
4296,19,1,42,12.363554706803974,4,1,1,1
4297,24,0,10,10.218868900232248,3,1,0,0
4298,36,0,59,7.715519032859003,1,1,1,0
4299,25,0,44,13.832146027063704,0,2,1,0
4300,27,1,34,7.866046096614131,3,3,0,1
4301,30,0,26,8.279398872176976,4,4,0,0
4302,21,1,23,7.509123653680738,4,3,1,1
4303,25,1,9,4.323191147132625,1,2,1,0
4304,42,0,37,3.992642112845406,4,4,1,0
4305,21,1,8,6.337392635142263,1,0,0,0
4306,19,1,53,4.958800539304516,7,1,0,0
4307,28,0,14,7.166989408741081,0,2,0,0
4308,42,1,7,10.478485496027881,3,3,1,0
4309,33,0,7,6.7727942410298745,6,3,0,0
4310,30,0,9,8.659886299445489,4,1,1,0
4311,35,1,3,6.482280993707866,7,2,1,0
4312,17,1,14,15.635106570210812,4,2,0,0
4313,39,1,17,12.524704794743526,3,3,0,0
4314,38,1,50,7.257178556246462,0,0,1,0
4315,30,1,44,8.816597779261373,3,0,1,0
4316,45,1,22,3.9788474447110502,1,3,1,0
4317,23,1,46,7.356779945753725,5,3,0,0
4318,46,1,26,6.198855828462992,2,3,1,0
4319,36,0,58,10.228670988623522,3,2,1,1
4320,31,1,28,5.209065286563005,5,3,1,0
4321,34,0,45,12.973221650080877,4,2,1,0
4322,33,1,14,7.8037157167334374,2,1,1,0
4323,47,0,9,5.39175370534217,2,2,1,0
4324,24,1,51,8.096475858695545,2,1,0,0
4325,27,0,26,10.210326226709501,2,1,1,0
4326,45,0,2,9.561205288206073,2,5,1,0
4327,29,1,11,8.46972124699021,3,0,1,0
4328,44,0,17,10.6328944137808,2,2,1,1
4329,51,1,34,10.449471027727792,2,2,1,0
4330,30,0,19,10.464447317514908,4,0,1,0
4331,41,0,39,7.172987748524857,2,1,0,0
4332,23,0,18,7.152124161355966,2,3,1,0
4333,42,1,13,7.377968520392012,0,2,1,0
4334,36,0,5,6.517807142418937,2,2,0,0
4335,39,1,50,8.31702417584252,7,0,1,1
4336,28,0,23,7.983132246721218,2,2,1,0
4337,18,0,58,12.96520502547948,1,2,1,0
4338,40,0,56,6.485553904703909,3,0,0,0
4339,14,0,24,5.039876942857274,2,2,1,0
4340,31,1,29,9.937204841252814,6,1,0,0
4341,44,1,48,8.21456613283334,1,3,0,0
4342,36,1,47,5.940967140053072,2,2,1,0
4343,54,0,8,10.34634681492916,3,0,1,0
4344,45,0,26,7.163024299134027,3,2,1,0
4345,28,0,15,12.572854582242433,2,1,1,0
4346,35,1,57,5.1495652794305995,3,4,1,0
4347,34,0,1,6.257538059516689,4,2,1,0
4348,19,1,28,8.382984049530348,3,2,0,0
4349,25,0,49,12.073353656174215,1,3,0,0
4350,29,0,47,5.859494675008415,4,5,1,1
4351,14,0,46,9.129517042932282,4,0,0,0
4352,35,0,14,4.508096415826421,4,2,1,0
4353,32,1,42,10.750174592947513,2,2,1,0
4354,18,0,34,6.044528964006267,6,1,1,0
4355,39,1,59,9.856318218754419,3,0,1,0
4356,42,0,31,10.011216467178354,0,4,0,0
4357,37,1,6,2.552204011940532,4,1,0,0
4358,31,0,49,8.627980554475611,2,2,1,0
4359,40,1,5,6.482934820674648,1,6,1,0
4360,41,1,31,9.495532412603545,0,0,1,0
4361,38,1,37,5.377818552800854,2,0,1,0
4362,26,0,15,6.25570488884857,3,0,1,0
4363,37,1,15,11.595395520155662,1,3,1,0
4364,46,0,52,11.363229105347035,1,2,1,0
4365,29,0,43,5.017682797307533,4,4,1,0
4366,55,0,5,13.38911232427603,2,0,1,0
4367,29,0,28,0.2538224877095949,0,3,1,1
4368,35,1,33,8.643736778726446,3,0,1,0
4369,28,0,11,4.146647413152138,4,4,0,1
4370,37,1,43,9.114137292852169,1,1,1,0
4371,17,1,6,7.215069341297903,2,1,1,0
4372,29,1,23,4.947082244498663,4,2,1,0
4373,24,1,40,5.787783963259474,0,4,1,0
4374,36,0,2,5.64011008533725,5,2,1,0
4375,44,1,15,8.22915322276684,4,2,1,0
4376,41,0,23,10.924176802717184,1,5,0,0
4377,11,1,22,13.876430204426763,3,3,0,0
4378,55,1,9,7.487317405499408,3,1,0,0
4379,37,1,47,8.89644267472444,2,2,1,0
4380,27,0,40,11.5586472032073,1,5,0,0
4381,36,0,30,6.653190649912754,2,3,1,0
4382,36,0,16,5.650745825495196,1,0,1,0
4383,28,0,59,13.84527600239724,3,1,1,0
4384,36,0,46,7.460697097015262,5,3,1,0
4385,28,1,47,8.65201054304764,4,5,1,0
4386,30,0,52,3.188399135607802,6,5,1,0
4387,28,1,30,6.428562186472938,2,0,1,0
4388,20,1,45,13.661416879976823,2,1,0,0
4389,36,1,9,9.388419377545564,1,4,1,1
4390,40,0,1,7.91395502408806,2,2,1,0
4391,40,0,59,12.181146693254378,3,2,1,1
4392,43,0,38,3.0647082375806587,4,0,0,0
4393,38,0,8,6.755752049873456,3,1,1,0
4394,29,1,59,14.824965240609394,5,2,1,1
4395,43,0,59,7.850093627568402,2,1,1,0
4396,21,1,52,7.829341551372317,3,1,1,0
4397,25,1,18,11.537437148707024,0,5,0,1
4398,25,1,27,11.745967261668914,3,1,0,1
4399,45,0,18,4.095360850443963,2,1,0,0
4400,44,0,32,9.283900020069419,2,0,1,0
4401,39,1,58,13.267371630598952,4,0,1,0
4402,45,0,49,6.070747602636929,4,3,0,0
4403,26,0,32,6.882707440887805,2,0,1,0
4404,38,0,53,8.086456140585078,3,3,1,0
4405,33,0,48,10.083034683221396,6,2,0,0
4406,43,1,45,3.717004968597208,0,1,1,0
4407,33,0,54,0.0,2,0,1,0
4408,31,1,36,8.646480403958547,0,3,1,0
4409,40,0,36,11.497633434371837,4,1,1,0
4410,43,1,21,7.064122060651442,1,1,0,0
4411,28,1,46,6.168800499377931,1,3,1,0
4412,34,1,32,7.499100732953859,4,2,1,0
4413,24,0,31,12.792638509810859,1,1,0,0
4414,10,0,37,6.006315777605608,2,1,0,0
4415,37,0,16,9.710846913261006,1,1,0,0
4416,41,1,46,4.539287008694571,6,1,0,0
4417,37,1,46,4.682883573741202,8,0,1,0
4418,15,1,14,10.535129201931477,4,1,0,0
4419,31,0,57,12.903107883595816,2,2,1,0
4420,12,1,24,10.667006346869268,1,1,0,0
4421,48,0,25,1.8385116795092689,3,3,1,0
4422,24,1,46,6.7401672812939015,2,2,1,0
4423,47,0,51,8.716750601298882,3,3,1,0
4424,44,1,35,8.178722332941549,5,1,0,0
4425,25,0,17,2.2409734989851264,2,1,1,0
4426,23,0,46,4.108413273700155,2,2,0,0
4427,38,1,42,5.5947186469433055,7,1,1,0
4428,26,0,45,7.7971876269474665,5,0,1,0
4429,36,1,54,2.1978682347571423,5,2,0,0
4430,30,1,4,9.800675125236316,3,2,1,0
4431,17,1,11,7.721052777962148,2,1,1,0
4432,12,0,47,4.870389796432737,3,2,0,0
4433,37,0,15,8.580760985197095,4,3,0,0
4434,29,1,30,3.6799323264494586,4,5,1,1
4435,29,0,24,7.843742715061648,1,1,0,0
4436,41,1,2,2.597847534885454,2,3,1,0
4437,46,0,43,3.0356451446142945,5,3,1,0
4438,32,0,34,6.637860805520948,1,0,1,0
4439,31,0,23,5.851199174332797,4,1,1,0
4440,40,0,31,9.152866041997479,4,1,1,0
4441,21,0,37,7.944029618667122,3,4,1,0
4442,37,1,13,14.30118683286701,5,2,1,0
4443,40,1,33,7.204514683297875,3,1,1,0
4444,41,0,7,0.0,6,1,1,0
4445,15,1,32,1.8969828926798424,2,2,1,0
4446,27,1,7,4.411620023959264,4,2,1,0
4447,26,1,42,18.153616579683945,4,1,1,1
4448,35,1,38,7.8898305871076735,4,2,1,0
4449,39,1,52,11.325594731759043,3,5,1,0
4450,49,0,44,11.021627308993295,0,1,1,0
4451,30,0,13,4.199277613825353,0,3,0,0
4452,30,0,24,2.620625646992222,3,1,1,0
4453,46,1,28,9.9269400877687,1,1,1,1
4454,37,0,32,1.3386387454882946,6,3,1,0
4455,47,1,43,10.932977410895319,4,1,1,0
4456,37,0,18,7.648834030744207,6,1,1,0
4457,23,1,34,9.848162706611308,1,1,0,0
4458,21,0,48,8.910326750873024,5,2,1,0
4459,19,0,34,9.070485495973884,4,1,1,0
4460,41,0,51,8.313459624817062,4,2,1,0
4461,46,0,38,8.844805261887148,2,3,1,0
4462,53,0,1,8.138255040621393,2,1,1,0
4463,43,1,43,3.8705796767257805,4,1,1,0
4464,46,0,50,6.818424298492357,3,3,0,0
4465,29,0,42,14.509312246251994,6,1,0,1
4466,23,1,31,8.942347548132176,2,2,0,0
4467,43,0,50,11.427348689005285,5,3,1,0
4468,39,1,1,5.050570621199445,2,2,1,0
4469,36,1,51,4.998342095795815,1,6,1,1
4470,38,0,16,4.389642726126654,2,1,0,0
4471,38,0,58,4.004693028836322,5,2,1,1
4472,47,0,39,3.132804509732294,3,1,1,0
4473,47,1,15,8.69964368074504,9,2,1,1
4474,40,1,33,6.9325434939853645,1,2,1,1
4475,43,1,23,10.626484649785164,3,4,0,1
4476,40,1,53,7.068810545134804,4,2,1,0
4477,30,0,41,0.7902806270560632,1,0,1,0
4478,42,1,34,9.330850401924165,3,4,0,0
4479,21,1,17,1.9087592725516416,2,3,0,0
4480,45,1,25,8.643183042145054,1,3,0,0
4481,23,1,56,5.685927393152324,3,4,1,1
4482,37,1,42,8.697530100972376,4,1,1,0
4483,26,0,6,3.669144328198702,2,3,1,0
4484,40,0,31,10.334976572436524,1,2,1,0
4485,34,0,5,8.112828338911214,2,1,0,0
4486,19,0,40,6.967390762929834,5,2,1,0
4487,39,1,40,2.9157484254414223,2,3,1,0
4488,29,0,30,13.431604524054674,2,1,1,0
4489,43,1,5,5.2796218534372,0,3,0,0
4490,35,1,12,8.788822336283287,1,4,1,0
4491,38,0,7,5.153363166271473,1,0,1,0
4492,25,1,45,19.332469928384363,0,2,0,0
4493,29,1,13,8.448264112078023,4,2,1,0
4494,30,1,49,6.155936622387731,1,1,0,0
4495,43,0,4,9.81727639265013,6,3,0,0
4496,51,0,50,10.25018539132017,1,1,0,0
4497,26,0,42,9.183796806074792,2,1,1,1
4498,45,0,3,7.029447669672832,3,0,0,0
4499,13,1,12,9.32152151781087,4,1,1,0
4500,23,1,1,7.533975337651973,0,1,1,0
4501,25,1,27,7.924120420672982,5,2,1,0
4502,21,1,43,5.64376402003203,6,2,1,0
4503,19,1,50,3.6096915319455665,1,2,0,0
4504,39,0,13,9.689741002471505,2,2,0,0
4505,32,1,17,9.818900550041288,1,1,1,0
4506,38,0,8,11.889916309757949,4,1,1,0
4507,41,1,32,8.145543986658677,4,4,1,0
4508,37,0,20,7.352798876688351,4,5,1,1
4509,41,0,51,3.7705612919667715,4,3,1,0
4510,34,1,17,7.881428461505528,7,3,1,0
4511,23,1,34,9.080594408999648,4,0,0,0
4512,45,1,35,2.5407840802634754,3,1,1,0
4513,29,1,35,11.20706686759118,8,3,1,0
4514,25,0,38,5.863887541376803,5,1,1,0
4515,33,1,42,7.411699153648599,4,1,1,0
4516,25,0,24,9.793311951009429,6,1,0,1
4517,30,1,54,7.97806045919585,3,1,0,0
4518,38,1,18,12.210083472119265,3,2,1,0
4519,38,0,50,9.886418452354123,1,4,1,1
4520,26,1,46,7.5550036810964,3,2,1,1
4521,30,1,48,0.0,3,1,1,0
4522,45,0,39,10.988560013285916,4,1,0,0
4523,39,1,33,4.461328934949827,1,3,1,0
4524,55,1,49,10.555594777165307,4,2,1,0
4525,46,1,23,9.470567822419447,2,2,0,0
4526,46,0,25,7.403642056314403,2,4,1,0
4527,21,0,37,10.859873762907558,5,2,0,0
4528,42,1,27,9.563119272701336,1,2,1,0
4529,34,0,1,8.98508718600059,1,2,1,0
4530,29,1,21,2.851018670968359,0,1,1,0
4531,36,0,59,8.11954471854597,2,1,0,0
4532,44,1,49,4.271521825010526,5,1,0,1
4533,40,1,10,4.712186660988793,2,3,1,0
4534,26,0,31,6.916572696164512,2,1,1,0
4535,42,0,44,12.390252343930172,1,3,0,1
4536,28,1,25,9.09617235308643,2,0,0,0
4537,37,1,20,9.293805324815168,2,1,0,0
4538,31,0,57,10.311280315718962,4,2,1,0
4539,32,1,2,5.375959095982173,3,1,0,0
4540,42,0,55,3.2707705765709605,1,3,1,0
4541,24,0,48,2.738051537773461,1,3,1,0
4542,54,1,15,8.693213223445762,2,0,1,0
4543,16,0,28,10.960073659983502,6,1,0,0
4544,29,1,13,10.73824933974154,5,2,0,0
4545,38,0,50,5.506856455066705,1,2,1,0
4546,40,0,52,12.066486598625023,1,2,1,0
4547,33,0,54,14.129126730410954,4,2,1,0
4548,34,1,14,9.82289527804442,2,4,0,0
4549,39,1,50,12.461838881818705,1,3,1,0
4550,32,1,2,10.619466813525136,2,4,0,0
4551,48,0,34,7.310853219664656,4,4,1,0
4552,43,0,35,6.0062545522086,0,2,0,0
4553,43,1,37,3.1607655389725684,4,0,1,1
4554,25,0,25,6.665712255998753,1,0,1,0
4555,34,1,48,7.289505623103282,3,3,1,0
4556,31,0,54,7.355817818628476,6,1,1,0
4557,24,1,15,7.662255606398158,6,3,1,0
4558,38,0,12,1.1189082493173306,3,2,1,0
4559,29,1,9,10.337088613939141,4,1,1,0
4560,41,0,58,10.685260508193002,4,3,1,0
4561,24,0,31,9.11309364795805,4,3,1,0
4562,52,0,14,4.491963608702586,2,4,0,0
4563,26,0,29,9.10095726965308,7,1,1,0
4564,37,0,53,8.067830071443664,2,3,1,1
4565,42,1,48,9.423448088751579,4,2,0,0
4566,29,1,43,12.653367768399242,2,2,0,0
4567,43,1,38,7.464593016756652,5,2,1,0
4568,22,1,42,8.544576490239942,2,4,1,0
4569,49,1,8,5.406915492722748,4,2,0,0
4570,35,0,48,10.765028958432701,3,2,1,0
4571,29,0,3,10.108210014828277,2,4,1,1
4572,32,0,2,8.649681641414876,4,5,1,0
4573,43,1,16,4.840607351283078,3,1,1,0
4574,29,0,19,5.950090013458062,0,1,1,0
4575,27,0,30,2.5062240865647993,3,1,1,0
4576,32,1,41,5.914692013770418,4,5,1,0
4577,23,0,16,10.128102183750238,4,2,1,0
4578,53,1,31,9.18728541277421,2,3,1,0
4579,29,1,54,8.479063883630108,4,1,1,0
4580,43,0,58,12.452897272754953,6,3,0,0
4581,37,0,28,8.913589247990371,4,3,1,0
4582,25,0,4,6.268535487331516,2,8,1,0
4583,34,1,10,5.900194372200524,5,4,1,0
4584,42,0,51,7.3048550992657635,3,3,1,0
4585,33,1,45,6.649414990098401,4,3,0,0
4586,46,1,18,10.85894448506837,3,3,1,0
4587,45,0,47,9.26434154819057,4,3,1,1
4588,44,0,32,7.0409806776216,1,3,1,0
4589,30,1,30,7.155188589698532,5,5,1,0
4590,24,0,36,10.109725186467237,8,0,0,0
4591,28,1,9,11.032826324158943,2,2,1,0
4592,36,0,36,2.4697950445691212,4,1,0,0
4593,40,1,29,7.486362488653665,4,2,1,0
4594,13,1,16,8.27447427920302,4,4,1,0
4595,34,1,28,9.64441514174769,4,2,0,0
4596,36,0,21,8.338977302953925,3,2,1,0
4597,32,0,47,9.22159974741944,4,2,1,0
4598,47,1,56,7.289122580167563,3,3,1,0
4599,39,0,2,5.582417134239726,2,2,1,0
4600,48,0,59,10.3525852999567,1,3,0,0
4601,32,1,46,10.447717966953451,0,3,1,0
4602,44,0,35,9.955501196507157,2,1,1,0
4603,51,0,54,10.48937244232076,4,0,0,0
4604,48,0,28,5.084817319234599,1,0,1,0
4605,24,1,55,6.477694661489908,1,1,0,0
4606,32,1,36,11.359599889807239,1,2,1,0
4607,31,0,31,9.068699368602921,3,1,0,0
4608,39,0,33,8.168501769401354,1,2,1,0
4609,41,0,23,7.244321747502711,5,1,0,0
4610,26,1,41,11.803696385512657,1,0,1,0
4611,35,0,17,2.688698292391326,2,2,1,0
4612,14,1,46,8.882218888456833,4,1,1,0
4613,49,0,49,7.800165931983485,0,2,1,0
4614,29,1,1,4.242451423376982,5,1,1,0
4615,35,0,42,12.849923536966687,2,1,1,0
4616,31,1,23,0.0,2,1,0,0
4617,46,0,48,8.363764250296082,6,4,1,1
4618,6,0,27,9.585385675471128,4,3,0,0
4619,34,1,25,5.074817823738762,3,0,1,0
4620,33,1,32,8.831780883098489,1,1,1,0
4621,30,0,19,7.326553536609716,3,3,1,0
4622,52,1,24,10.964147943840025,2,2,1,0
4623,26,1,57,18.541028939196377,5,2,1,0
4624,42,1,3,9.015781249367645,1,4,0,0
4625,38,0,12,9.812142978135666,3,0,0,0
4626,47,1,35,5.074532161390833,4,3,1,0
4627,28,0,15,8.64439704493791,3,1,1,0
4628,27,0,17,6.880965045550575,3,2,1,0
4629,45,1,50,10.336432305583669,2,7,1,1
4630,39,0,32,3.7218820120488267,3,2,1,0
4631,19,0,7,4.779466859310126,6,3,0,0
4632,29,1,19,11.540057938087918,3,3,0,0
4633,38,1,7,8.62996458224149,3,1,0,0
4634,43,0,5,11.971473838162725,6,4,1,0
4635,28,0,58,9.091233932480806,6,2,1,0
4636,5,1,40,9.529337392081352,3,1,1,0
4637,40,0,21,7.071489851720614,3,4,1,1
4638,22,1,48,7.419117921129059,4,4,0,0
4639,14,1,48,10.893252374361047,4,1,0,0
4640,6,0,51,7.57029337425932,2,2,1,1
4641,43,1,57,11.550606334305808,0,1,1,0
4642,36,1,47,7.670439086584702,1,0,1,0
4643,32,0,7,4.461081696965948,5,1,1,0
4644,48,1,37,4.1877306352349075,1,1,1,0
4645,41,1,23,7.484791973314797,5,2,1,0
4646,51,1,11,10.747219457472633,3,3,1,0
4647,21,1,10,6.004724155754639,4,3,0,0
4648,34,0,57,10.195359459176656,2,0,0,0
4649,18,0,21,8.302205738952553,4,1,1,0
4650,32,0,55,9.818629328052808,8,1,1,0
4651,32,0,59,7.130938481739347,0,3,1,0
4652,41,0,41,8.549029851121961,5,2,1,1
4653,35,1,33,10.816229525169717,0,0,1,0
4654,41,1,20,7.948485684235372,4,0,0,0
4655,42,1,33,6.425435660197017,2,2,1,0
4656,56,1,40,2.5467638375044332,5,2,1,0
4657,31,1,35,9.624597489366337,1,1,1,0
4658,25,0,34,5.685036218384164,1,2,1,0
4659,37,1,36,6.43835264883975,2,1,1,0
4660,26,0,27,4.7874281133451095,4,0,1,0
4661,49,1,19,7.309745715165931,1,1,1,0
4662,32,1,43,14.292631745141195,2,1,1,0
4663,29,0,5,9.056117330022854,5,1,0,0
4664,30,1,29,6.067585526439452,5,3,1,0
4665,42,1,56,6.631089822511292,4,5,1,0
4666,33,0,10,3.683810750160891,1,0,1,0
4667,28,1,56,4.608164228148263,3,0,1,0
4668,51,0,59,4.131449842097275,4,2,1,0
4669,26,0,55,8.810996249483999,2,2,1,0
4670,35,1,40,9.340135697812748,2,3,1,0
4671,41,1,13,8.232795409523234,2,1,1,0
4672,18,1,29,9.109522072259137,2,4,1,0
4673,39,1,5,5.701390728963894,2,2,1,0
4674,24,0,58,4.555169496816269,4,0,0,0
4675,43,1,58,4.536149526936905,1,4,1,1
4676,25,1,59,4.40322178560891,2,3,0,0
4677,41,1,12,9.07602411815343,5,3,1,0
4678,46,0,59,14.041095048604559,5,0,1,0
4679,43,1,13,4.858177879726882,3,4,0,0
4680,37,1,22,6.974162564506243,1,5,1,0
4681,32,1,40,8.608680137798377,3,2,1,0
4682,29,1,15,7.162975935475908,2,1,1,0
4683,49,0,13,8.998850601470368,1,3,1,0
4684,28,1,1,6.273827361988561,3,3,0,0
4685,24,1,54,5.9589964664628035,7,4,1,1
4686,41,0,38,7.452978910149141,3,2,0,0
4687,27,1,43,8.979684291014388,3,2,1,1
4688,25,0,45,11.847476111823807,5,2,1,1
4689,20,0,53,9.129906128539448,3,0,1,0
4690,30,1,52,7.243529447493264,1,3,1,0
4691,34,0,1,10.492381769309928,5,5,1,0
4692,37,0,11,11.000302691616746,2,2,1,1
4693,44,1,58,7.089959243540437,1,4,1,0
4694,40,0,43,7.562141006512898,4,1,0,0
4695,33,0,40,6.718690951093619,3,1,0,0
4696,33,0,22,10.462709916307572,2,2,1,0
4697,40,0,35,8.222571712038654,4,4,0,1
4698,47,1,51,3.7834432066467087,0,1,0,0
4699,36,1,44,9.21847649039169,2,4,1,0
4700,30,1,6,12.468905850165035,3,3,1,0
4701,25,1,28,12.705806319313771,3,0,1,0
4702,20,0,31,6.562678711409263,2,2,0,0
4703,41,1,55,5.9101709474232695,3,1,1,0
4704,40,1,8,13.693604227397373,3,4,1,0
4705,40,1,5,12.700111164332132,3,1,1,0
4706,33,1,42,9.401908103884645,2,2,1,0
4707,49,1,54,2.863422919632816,1,2,1,0
4708,30,1,48,6.181038244286729,6,3,1,1
4709,44,0,44,4.719323943033535,3,5,1,0
4710,34,1,17,13.437068877528478,1,3,1,0
4711,28,0,38,3.423260224448355,3,1,1,0
4712,40,0,9,13.410945788862577,5,3,1,0
4713,39,0,10,7.683425518021731,0,1,0,0
4714,38,0,20,4.406901947374459,3,1,1,0
4715,35,0,14,10.960395305111117,5,3,1,0
4716,34,0,14,9.888482467998774,2,1,1,0
4717,58,1,26,4.201332006986123,5,3,0,0
4718,46,1,29,7.924270824009548,5,0,1,0
4719,42,1,49,12.126705173591997,1,1,1,0
4720,36,0,27,6.770289431616488,3,3,0,0
4721,45,1,25,13.03918542911632,3,0,1,0
4722,40,1,16,5.765651449648547,2,5,1,0
4723,35,0,36,3.133920865137397,7,1,1,0
4724,31,1,34,8.135647151292527,7,4,1,0
4725,34,1,16,3.6180719009665445,2,0,1,0
4726,3,0,33,8.374661869703033,1,1,1,0
4727,37,1,3,8.015429424423402,3,1,0,0
4728,30,1,23,5.723220377542288,2,0,1,0
4729,50,0,11,13.636047439515075,7,5,1,0
4730,35,0,48,7.988072986140252,3,3,1,1
4731,23,0,58,10.593096039168785,3,3,1,0
4732,34,0,18,10.786153496684621,7,3,1,0
4733,24,1,47,13.283033691002057,3,1,1,0
4734,39,1,41,4.3717439968547325,3,1,0,0
4735,37,0,44,2.7275821337230735,6,4,1,0
4736,44,1,29,13.172062146696515,4,2,1,0
4737,27,0,59,9.74336283549117,3,1,1,0
4738,35,0,50,8.378933041404098,4,2,0,0
4739,21,0,5,7.600107299018213,4,1,0,0
4740,42,1,24,7.068059354455154,1,2,0,0
4741,40,0,29,10.583498707946543,2,2,1,0
4742,39,0,29,3.668689833270374,3,1,0,0
4743,35,0,26,9.431994369269574,2,2,1,0
4744,39,1,40,11.093948185800475,0,1,1,0
4745,51,1,3,10.22975631686915,1,2,1,0
4746,32,0,2,7.785828092854515,0,5,0,0
4747,36,0,25,7.992013436052033,3,1,0,0
4748,24,1,19,11.857079811716229,0,1,0,0
4749,26,1,40,9.745760568314935,2,3,0,0
4750,35,0,2,13.265543012098142,1,4,1,0
4751,46,1,19,2.771909894633108,2,2,0,0
4752,32,1,1,10.72014705155265,0,1,1,0
4753,32,0,27,5.566193799557012,7,3,1,0
4754,30,1,54,7.781267096527523,3,0,1,0
4755,29,1,45,12.128019459091561,2,3,0,0
4756,37,1,55,4.992943670208492,4,4,0,0
4757,20,0,52,14.346839549993764,1,1,1,0
4758,47,0,49,11.31698218334951,4,3,1,0
4759,28,0,35,9.737638827308077,5,4,1,0
4760,42,0,41,5.203889403237939,3,3,1,0
4761,22,1,5,7.460820905642592,2,2,1,0
4762,41,1,38,6.924865705303194,0,2,1,0
4763,41,1,4,4.303062421931903,0,0,1,0
4764,38,1,17,11.281296942285465,4,2,1,0
4765,25,0,53,6.786904022959025,0,2,1,0
4766,37,1,21,7.473356244107003,4,2,1,1
4767,23,1,53,7.624888147038802,5,3,1,0
4768,32,0,48,7.3574716898882935,2,2,0,0
4769,45,1,31,9.591376369817116,0,5,1,0
4770,42,0,48,6.131981068049367,1,5,0,0
4771,35,1,22,11.054955783676897,6,1,1,0
4772,25,1,11,6.212159866651294,1,3,1,0
4773,41,0,34,7.914420625670766,0,1,0,0
4774,35,1,49,4.0802191806310715,2,2,1,0
4775,11,1,15,11.214991938634249,3,3,1,1
4776,42,0,50,11.977462150918356,7,1,0,0
4777,34,0,10,10.147614508530769,3,2,1,0
4778,47,0,38,8.511242806434758,4,0,1,0
4779,24,1,32,7.891569208338387,4,2,1,0
4780,3,1,53,3.313295430049208,1,2,1,0
4781,37,1,48,3.9357750221231713,3,1,1,0
4782,37,1,31,10.251488097577205,1,1,1,0
4783,18,1,37,7.457674721787727,4,3,1,0
4784,25,0,44,3.922325668215157,4,1,0,0
4785,62,1,28,3.7839786586852115,5,3,0,0
4786,31,0,31,9.904738763640967,3,2,1,0
4787,42,0,6,10.62192342809514,6,2,1,0
4788,28,1,14,3.3982419333912963,3,1,0,0
4789,14,0,58,8.456187977460194,2,2,1,0
4790,33,1,23,9.163663151239659,1,0,1,0
4791,32,1,16,6.249018628083746,7,1,1,0
4792,31,0,25,11.719199923935866,8,0,0,0
4793,33,0,39,6.96574394696393,2,0,1,0
4794,37,1,2,2.8494274314338917,5,1,0,0
4795,33,1,38,7.4160759062570225,3,2,0,0
4796,22,0,41,12.103908206075602,5,0,1,0
4797,39,0,39,6.963635757146208,2,3,0,0
4798,15,1,34,4.859364491670503,4,2,1,0
4799,14,1,51,9.884624035389017,1,3,1,0
4800,42,0,40,8.7752051466039,3,0,1,0
4801,40,0,43,7.991206344481134,4,2,0,0
4802,34,1,25,9.431373109363731,2,1,0,0
4803,21,1,36,5.924931022752747,2,3,1,0
4804,27,1,16,6.199941255038117,4,1,1,0
4805,32,1,57,10.182560581576912,3,2,1,0
4806,19,1,18,5.100835222006161,2,3,1,0
4807,27,0,13,12.844717777915465,2,4,0,0
4808,41,1,59,11.688107550746516,4,1,0,0
4809,49,0,37,4.5676514341293855,6,0,0,0
4810,30,1,27,12.427428936309003,1,2,0,0
4811,42,0,34,8.456581339403254,2,2,1,0
4812,15,0,11,12.15436252210487,3,1,1,1
4813,41,1,1,8.400280743960362,1,0,1,0
4814,26,1,13,7.468445373714841,4,5,1,0
4815,38,0,30,7.1556104748519616,3,3,0,0
4816,32,1,5,0.6512238863257025,4,0,1,0
4817,48,0,18,10.781308897494807,4,5,0,1
4818,26,0,14,5.87869824237136,3,3,0,0
4819,41,1,13,10.879471858227108,1,1,0,0
4820,32,0,32,13.02187432899817,3,1,1,1
4821,33,1,7,6.267328926430966,5,2,1,1
4822,33,0,8,6.090147137167663,2,4,1,0
4823,26,1,50,11.02338071341894,2,1,0,0
4824,34,1,7,6.59736035635161,4,0,0,0
4825,34,0,52,11.95173782044306,6,0,1,0
4826,37,0,49,5.9264101197591526,1,3,1,0
4827,35,1,16,12.314632328844155,3,1,0,0
4828,42,1,43,7.082789205107709,3,4,1,0
4829,44,0,31,8.990744268005074,4,1,0,0
4830,24,1,51,10.946772563611766,3,3,1,0
4831,43,0,27,9.53450899739688,4,2,0,0
4832,23,0,33,11.21198008486307,0,1,1,0
4833,40,0,53,3.63204336468901,1,0,1,0
4834,41,0,29,6.7783941147659075,5,1,1,0
4835,15,1,8,8.189712971207369,3,0,0,0
4836,35,1,33,5.703444509469257,2,3,1,0
4837,30,1,41,10.912353662831428,1,1,1,0
4838,27,1,19,6.463253458453357,3,1,1,0
4839,48,1,21,5.709580631329123,3,1,0,0
4840,28,1,41,10.821369735122591,2,0,1,0
4841,26,1,21,4.863636476360268,3,2,1,0
4842,35,1,25,5.009844769575057,2,2,1,0
4843,41,1,42,9.524829293570292,7,2,1,0
4844,33,0,56,12.031464288644376,1,0,1,0
4845,46,1,23,8.485036733008972,1,4,1,0
4846,40,1,11,3.1524676102734874,5,4,0,0
4847,13,1,33,10.054804818203575,5,2,1,1
4848,29,1,20,6.222205148157715,2,2,1,0
4849,29,1,25,11.362275901817288,1,3,1,0
4850,39,1,26,6.861039232725286,2,2,1,0
4851,8,0,40,11.431836711167406,5,1,1,0
4852,60,1,52,6.746572335247223,3,0,0,1
4853,40,0,12,5.933803047239745,4,4,1,0
4854,36,1,32,2.2473061429354653,1,1,0,0
4855,46,1,33,6.021225488340859,4,2,1,0
4856,58,0,10,8.531810457525337,4,2,1,0
4857,43,0,4,8.301333490579344,5,2,0,1
4858,44,1,15,9.834907356495016,2,2,1,0
4859,36,0,51,11.732442210919226,3,2,1,0
4860,33,0,6,8.085999621105959,2,3,1,0
4861,30,1,27,8.20319118084838,1,2,0,0
4862,26,0,5,11.338652759036295,3,1,1,0
4863,28,0,5,8.69304624372872,5,4,0,0
4864,21,1,18,5.230526771576942,3,4,1,0
4865,34,0,28,6.4336057401584075,1,1,1,0
4866,18,0,35,1.610301654778226,2,1,1,0
4867,36,1,59,5.189787934081951,6,3,1,1
4868,34,1,22,2.9290429223683976,5,5,1,0
4869,36,1,34,9.053003462674548,4,3,1,0
4870,29,1,4,11.634590636909616,3,2,0,0
4871,65,1,18,5.177453383381841,1,2,1,0
4872,48,0,41,5.28909690922294,6,4,0,1
4873,22,0,51,10.829426767666643,0,1,0,0
4874,37,0,26,6.647338665562376,1,1,1,0
4875,28,0,42,8.77024178311859,3,2,1,0
4876,24,1,22,10.229399796274505,3,4,1,0
4877,21,1,47,5.875768781162439,3,0,1,0
4878,39,0,33,5.934023387078511,3,2,0,0
4879,28,1,43,6.480843156510493,3,2,1,0
4880,44,0,14,3.3393283311564748,4,3,1,0
4881,44,0,31,9.460030058207657,3,3,0,1
4882,48,1,10,9.802606741170523,4,2,1,0
4883,26,0,51,8.239066344334192,1,0,1,0
4884,39,0,24,12.079030209505849,3,3,1,0
4885,41,0,21,7.216444043606019,3,4,1,0
4886,30,0,48,9.85276971410405,2,4,0,0
4887,27,1,8,9.457503273236576,2,4,1,0
4888,51,1,32,5.602664226318089,3,0,1,0
4889,37,0,31,11.464599641242305,2,2,0,0
4890,41,0,34,8.384525572012038,0,1,1,0
4891,26,1,23,10.923827334266512,0,3,1,0
4892,22,1,25,4.097199707707824,2,5,1,0
4893,29,0,7,8.32926020382671,4,0,1,0
4894,33,0,19,6.618219589019831,5,1,0,0
4895,24,1,7,5.445645260449384,2,2,1,0
4896,34,1,47,12.228494293955286,1,3,1,1
4897,18,0,8,8.585889967870557,1,1,0,0
4898,23,1,14,3.569093415275943,3,3,1,0
4899,41,0,1,6.508078339325856,5,2,1,0
4900,41,1,13,10.817155773222684,2,3,1,0
4901,31,1,3,5.441365370377429,4,2,1,0
4902,24,1,53,5.135043939609304,2,2,1,0
4903,24,0,28,7.558866318680323,3,5,1,0
4904,31,0,38,9.407923377259683,2,1,0,0
4905,41,0,51,5.815183021943476,5,2,1,1
4906,44,1,15,9.172164127769303,4,1,1,0
4907,30,0,36,8.104586528334366,4,3,1,0
4908,23,0,53,8.469307602077931,3,1,1,0
4909,37,0,3,0.7857686104105746,3,3,0,0
4910,26,1,4,8.04774488915201,2,4,1,0
4911,29,0,5,7.247928031410321,1,5,1,0
4912,48,0,50,9.171046246687855,5,3,1,0
4913,43,0,26,6.038589920618828,9,2,1,1
4914,36,1,25,6.887163494436139,6,1,1,0
4915,22,1,10,9.599310830104246,1,1,1,0
4916,37,1,8,12.33715433642698,3,2,0,0
4917,45,1,12,4.0262807763893536,2,2,1,0
4918,31,1,54,9.53944161169847,2,3,1,0
4919,48,0,58,11.65979892660945,7,1,0,1
4920,47,1,59,10.084114911401137,4,1,1,1
4921,51,0,3,11.457611030990979,1,2,1,0
4922,38,0,27,6.369434741164752,5,0,1,0
4923,40,1,50,11.71031566850662,3,1,1,0
4924,49,0,23,5.826613495272879,3,2,1,0
4925,39,0,40,8.165384616092167,4,2,1,0
4926,29,0,58,6.492827756839824,6,4,1,0
4927,30,1,33,6.613414450211129,4,1,1,0
4928,37,0,14,2.8359380984178664,5,4,1,0
4929,22,1,54,2.08455449680418,1,1,1,0
4930,33,1,23,11.530350146522965,3,2,1,0
4931,45,1,31,2.6029974793657775,4,3,1,0
4932,13,0,13,8.751327780547859,6,4,1,0
4933,50,1,57,4.102893091203315,1,0,0,0
4934,46,0,12,5.454337222956161,2,4,1,0
4935,30,0,35,10.052907752415402,3,3,0,0
4936,40,0,18,8.486101980836443,2,5,0,0
4937,35,1,21,7.618578755641662,2,2,0,0
4938,47,0,45,11.433962657744637,3,3,1,0
4939,44,0,47,7.1309766347153065,4,2,1,1
4940,20,0,42,11.689932381393358,5,2,1,0
4941,40,0,1,4.791668040813329,2,1,0,0
4942,32,1,38,4.430628061952706,4,2,1,0
4943,35,1,41,7.585495561160302,4,0,1,1
4944,27,1,42,8.009827721308945,4,1,1,1
4945,52,0,47,5.42483565738038,3,2,0,0
4946,45,0,9,7.17168365619273,2,0,1,0
4947,27,1,23,12.09429426456679,2,3,1,0
4948,21,0,14,6.8168251191856,2,0,1,0
4949,31,1,11,2.190892175206752,0,2,0,0
4950,39,0,7,2.770005793800295,1,4,1,0
4951,37,1,31,14.259876846024317,0,2,0,0
4952,47,0,24,12.351727102457978,7,0,0,0
4953,42,0,26,6.69199408932515,1,0,0,0
4954,44,1,30,10.431781397737899,6,2,1,1
4955,38,1,34,8.781255820313287,2,2,1,0
4956,21,0,46,11.811516143103187,3,1,1,0
4957,33,1,38,4.786333140513346,6,0,1,0
4958,45,1,5,4.871092899968701,3,5,1,0
4959,34,0,5,11.95810632746888,1,3,1,1
4960,40,0,19,3.5202710397484758,1,0,1,0
4961,31,0,51,8.209408387510184,2,2,1,0
4962,24,0,38,7.865891552774644,4,2,1,0
4963,33,1,28,10.352784708507276,1,0,0,0
4964,38,0,26,8.419634671319034,1,2,1,0
4965,28,0,42,7.603880940553283,4,4,1,0
4966,32,0,23,6.858380815846846,5,6,1,1
4967,25,1,46,5.015581719170642,1,2,1,0
4968,46,0,49,7.501706710948694,2,1,1,0
4969,32,0,30,11.495298239195574,4,3,1,0
4970,49,0,3,7.142200565799572,8,3,1,0
4971,50,1,28,12.218780537522708,3,2,1,0
4972,34,0,33,10.193012735200568,3,0,1,0
4973,24,1,42,9.429738189641796,8,3,1,0
4974,14,0,3,7.514530315472069,6,1,1,0
4975,20,0,5,6.114772808113479,1,0,0,0
4976,21,1,57,13.044765127774891,5,1,0,0
4977,48,0,19,10.38075235300743,3,2,1,1
4978,36,1,42,7.581858811220662,2,3,1,0
4979,38,1,58,13.097345056612243,6,4,0,1
4980,12,1,57,9.887113951874511,1,2,0,0
4981,23,1,48,3.7385081425453226,6,1,1,0
4982,43,0,1,6.72043265572972,0,5,1,0
4983,37,0,38,10.181322120546636,3,1,1,0
4984,33,1,9,12.522702361420954,2,3,1,0
4985,40,1,5,15.083903068363572,4,2,1,0
4986,51,1,59,8.076703456383774,5,2,1,1
4987,32,0,46,9.84873142909563,2,4,0,0
4988,35,0,42,6.165258288960214,1,1,0,1
4989,36,1,34,5.337803873327565,5,1,1,0
4990,58,0,37,2.9425290913621778,2,2,1,0
4991,14,0,33,9.169995162421568,9,1,0,0
4992,41,0,25,11.79352484368144,6,1,1,0
4993,33,1,42,10.32764328224373,4,4,0,0
4994,40,0,29,8.261408256649425,1,0,1,0
4995,28,1,58,11.670832213960288,1,4,0,1
4996,34,0,25,16.85229423981735,2,1,1,0
4997,42,1,54,5.504923132040099,3,1,1,0
4998,66,1,59,0.7292515615063149,1,1,1,0
4999,43,0,9,9.027198049987547,4,1,0,1
5000,26,1,3,11.247531178286732,5,2,1,0
